{
"type": "FeatureCollection",
"name": "car",
"crs": { "type": "name", "properties": { "name": "urn:ogc:def:crs:OGC:1.3:CRS84" } },
"features": [
{ "type": "Feature", "properties": { "id": null }, "geometry": { "type": "MultiPolygon", "coordinates": [ [ [ [ 105.5720415, 56.7836987 ], [ 105.5720571, 56.7837212 ], [ 105.57171575, 56.783871650301684 ], [ 105.571455207042604, 56.783986484424858 ], [ 105.571567089339325, 56.784088223726023 ], [ 105.572057132365785, 56.784457331592357 ], [ 105.572598221540829, 56.784960654648536 ], [ 105.572751359986583, 56.785209517442517 ], [ 105.573853956796128, 56.786171398562239 ], [ 105.574568602876383, 56.786864832442099 ], [ 105.575691618145356, 56.787737198793586 ], [ 105.576799319569773, 56.788844403792972 ], [ 105.577274174685229, 56.789298101327141 ], [ 105.577782909416698, 56.789951167368251 ], [ 105.57834365865439, 56.790490920498875 ], [ 105.578877491213774, 56.790960499499668 ], [ 105.579408710545536, 56.791267314337915 ], [ 105.579804710411025, 56.79176985046103 ], [ 105.580035645390396, 56.791872274800049 ], [ 105.580340759009445, 56.79211500952912 ], [ 105.580504954075607, 56.792109719758955 ], [ 105.580939588074315, 56.792141458368818 ], [ 105.581520880296594, 56.79226247830686 ], [ 105.582106545214799, 56.792519514238862 ], [ 105.582711334987906, 56.792762062634438 ], [ 105.583431489666921, 56.793008969971893 ], [ 105.584489099063745, 56.793284030436546 ], [ 105.585354654073541, 56.793414074555947 ], [ 105.586906456990661, 56.793626538818764 ], [ 105.588100936867662, 56.793760726154026 ], [ 105.590091736662714, 56.793978779549832 ], [ 105.591459773444953, 56.794096192391663 ], [ 105.593297434794195, 56.794487565876167 ], [ 105.594073336252791, 56.794666478108709 ], [ 105.594563379279265, 56.794873344313551 ], [ 105.595247397670363, 56.79513611865805 ], [ 105.59620706526384, 56.795600162471544 ], [ 105.596625643682273, 56.795946793862527 ], [ 105.597115686708747, 56.796259877526175 ], [ 105.597544474356894, 56.796500279279414 ], [ 105.598065145072525, 56.796802176972577 ], [ 105.598902301909419, 56.797266200169304 ], [ 105.599667994138287, 56.797523367178755 ], [ 105.600443895596854, 56.797842028200193 ], [ 105.601383144730889, 56.798093600777868 ], [ 105.602424486162164, 56.798339581221796 ], [ 105.603996707538727, 56.798658235306718 ], [ 105.606303993455029, 56.799071922534864 ], [ 105.607723076385824, 56.799250812895558 ], [ 105.61005078076154, 56.799530327375471 ], [ 105.611765931354185, 56.799720396031617 ], [ 105.613930288054391, 56.800005497209192 ], [ 105.614747026431857, 56.800027857994166 ], [ 105.615757740173933, 56.800072579524148 ], [ 105.615910878619715, 56.800016677603345 ], [ 105.615818995552246, 56.799860151781694 ], [ 105.6153391617555, 56.799513556565451 ], [ 105.614818491039884, 56.799345848052525 ], [ 105.61403238035156, 56.799261993514762 ], [ 105.612061999016007, 56.799021609467118 ], [ 105.610122245369581, 56.798775633497463 ], [ 105.60856023322269, 56.798613512089744 ], [ 105.608019144047645, 56.798434618688397 ], [ 105.607559728710342, 56.798244543514286 ], [ 105.606967593386699, 56.798088010294478 ], [ 105.606010725899736, 56.797789841926416 ], [ 105.605450530968056, 56.797990822224321 ], [ 105.605044872569252, 56.798086023042089 ], [ 105.60367336084002, 56.798086023042089 ], [ 105.602282532044157, 56.797863887424676 ], [ 105.601142825114195, 56.797567704554353 ], [ 105.599867898718003, 56.797144582109823 ], [ 105.598225948056182, 56.796266587804929 ], [ 105.597260094725769, 56.795653037413771 ], [ 105.597549850724903, 56.795409730168537 ], [ 105.596854436326964, 56.795050055696954 ], [ 105.595109573069124, 56.794523907492469 ], [ 105.593149400963284, 56.79390889077898 ], [ 105.591311739614042, 56.793383323049738 ], [ 105.589065709076095, 56.792731944313267 ], [ 105.58783184702979, 56.792351843184754 ], [ 105.587444517030377, 56.792712836178282 ], [ 105.58693487229425, 56.792597467661224 ], [ 105.586581518610586, 56.792828204340417 ], [ 105.585725930830719, 56.792643545870021 ], [ 105.584366262824361, 56.792269968001797 ], [ 105.583863413351452, 56.792121103574814 ], [ 105.583154565069364, 56.791809371379038 ], [ 105.582296989773056, 56.791390012542976 ], [ 105.581112719125741, 56.790657521194866 ], [ 105.579855417710831, 56.789725279888387 ], [ 105.578107223182755, 56.788339246283606 ], [ 105.577554229224575, 56.78790955794814 ], [ 105.576204492121704, 56.786916127958392 ], [ 105.575890589789282, 56.786688635637375 ], [ 105.574383858593748, 56.785619932316862 ], [ 105.574301761060681, 56.785344815643363 ], [ 105.573011695344547, 56.784369249363273 ], [ 105.572307258493979, 56.783905066580616 ], [ 105.5720415, 56.7836987 ] ] ] ] } },
{ "type": "Feature", "properties": { "id": null }, "geometry": { "type": "MultiPolygon", "coordinates": [ [ [ [ 105.586952398524446, 56.791620660483112 ], [ 105.586554238565441, 56.791553563046833 ], [ 105.586564447795169, 56.791654209156235 ], [ 105.587085118510785, 56.791799586392983 ], [ 105.587993739955678, 56.792079156418325 ], [ 105.588279598387771, 56.79215743565198 ], [ 105.588565456819879, 56.79187786621015 ], [ 105.587411813861749, 56.791732489276825 ], [ 105.586952398524446, 56.791620660483112 ] ] ] ] } },
{ "type": "Feature", "properties": { "id": null }, "geometry": { "type": "MultiPolygon", "coordinates": [ [ [ [ 105.589280102900133, 56.792464959630983 ], [ 105.590066213588457, 56.792716568283701 ], [ 105.590964625803636, 56.792990540230235 ], [ 105.59163843496502, 56.793175050821503 ], [ 105.592036594924025, 56.793298057378038 ], [ 105.592761450233994, 56.792593559819935 ], [ 105.591965130316012, 56.792347541682048 ], [ 105.590882951965909, 56.792023242579987 ], [ 105.589984539750716, 56.792056790892993 ], [ 105.589576170561969, 56.792213349290257 ], [ 105.589280102900133, 56.792464959630983 ] ] ] ] } },
{ "type": "Feature", "properties": { "id": null }, "geometry": { "type": "MultiPolygon", "coordinates": [ [ [ [ 105.599848581651415, 56.79599154921582 ], [ 105.599288386719707, 56.796583937516438 ], [ 105.600756483782021, 56.797144582109823 ], [ 105.601297361647099, 56.797007066287314 ], [ 105.601529166446369, 56.796784924277937 ], [ 105.601316678713687, 56.79665798539601 ], [ 105.601529166446369, 56.796488732884988 ], [ 105.599848581651415, 56.79599154921582 ] ] ] ] } },
{ "type": "Feature", "properties": { "id": null }, "geometry": { "type": "MultiPolygon", "coordinates": [ [ [ [ 105.60272682457618, 56.796848393557759 ], [ 105.602243897910952, 56.79733498780071 ], [ 105.602823409909206, 56.797440768322318 ], [ 105.603364287774284, 56.796996488126211 ], [ 105.60272682457618, 56.796848393557759 ] ] ] ] } },
{ "type": "Feature", "properties": { "id": null }, "geometry": { "type": "MultiPolygon", "coordinates": [ [ [ [ 105.604708432495443, 56.796985291329527 ], [ 105.604279781479093, 56.796873308730817 ], [ 105.604293372005387, 56.796770977062977 ], [ 105.604079321216247, 56.796698414438339 ], [ 105.604269588584373, 56.7964984013487 ], [ 105.603766739111464, 56.796337459808925 ], [ 105.603573074111708, 56.796383044477011 ], [ 105.603352228059421, 56.796301178094723 ], [ 105.603066827007325, 56.796621200209273 ], [ 105.603629175268821, 56.796797983965718 ], [ 105.604139636754724, 56.796943341263656 ], [ 105.604599052092027, 56.797071926095981 ], [ 105.604708432495443, 56.796985291329527 ] ] ] ] } },
{ "type": "Feature", "properties": { "id": null }, "geometry": { "type": "MultiPolygon", "coordinates": [ [ [ [ 105.596972757492637, 56.796373090171755 ], [ 105.596849161227169, 56.796503983123863 ], [ 105.597487915963058, 56.796755162143988 ], [ 105.597595520505436, 56.796691760968585 ], [ 105.596972757492637, 56.796373090171755 ] ] ] ] } },
{ "type": "Feature", "properties": { "id": null }, "geometry": { "type": "MultiPolygon", "coordinates": [ [ [ [ 105.624935837690415, 56.785346531085118 ], [ 105.623139013260015, 56.785201128835915 ], [ 105.622893991746778, 56.785995241946175 ], [ 105.623955751637482, 56.786028795651106 ], [ 105.624425376204513, 56.785995241946175 ], [ 105.62462956079888, 56.785984057371195 ], [ 105.624935837690415, 56.785346531085118 ] ] ] ] } },
{ "type": "Feature", "properties": { "id": null }, "geometry": { "type": "MultiPolygon", "coordinates": [ [ [ [ 105.626702034431602, 56.784798473512275 ], [ 105.62631408370234, 56.78477610364537 ], [ 105.626109899107973, 56.785469563317335 ], [ 105.625640274540942, 56.785436009112203 ], [ 105.6256096468518, 56.785508709852053 ], [ 105.626303874472612, 56.785592595146056 ], [ 105.626436594458951, 56.78560377983775 ], [ 105.626329865339287, 56.785961180002694 ], [ 105.626527098850516, 56.785964429273285 ], [ 105.62667140674246, 56.785559041050959 ], [ 105.626467222148094, 56.78552548692587 ], [ 105.626702034431602, 56.784798473512275 ] ] ] ] } },
{ "type": "Feature", "properties": { "id": null }, "geometry": { "type": "MultiPolygon", "coordinates": [ [ [ [ 105.671489925204668, 56.757480526184331 ], [ 105.671044374450986, 56.757674126240886 ], [ 105.670944710591485, 56.758006894613281 ], [ 105.670745382872482, 56.75811119454098 ], [ 105.670500753399153, 56.758011861283094 ], [ 105.670265184276701, 56.758185694311969 ], [ 105.670292365329274, 56.758379393024853 ], [ 105.670494525307177, 56.758409539799729 ], [ 105.670529350129286, 56.758543601567418 ], [ 105.670339082761117, 56.758811796963116 ], [ 105.670221428412262, 56.75900555149299 ], [ 105.671010091407936, 56.759181834829 ], [ 105.671316368299486, 56.759254586440711 ], [ 105.671415848836361, 56.759253508121709 ], [ 105.671633297257117, 56.759054847386373 ], [ 105.671234641819112, 56.758955516624596 ], [ 105.671415848836361, 56.758677389093769 ], [ 105.672829263571117, 56.759005182038322 ], [ 105.674629263342993, 56.758521467599699 ], [ 105.671489925204668, 56.757480526184331 ] ] ] ] } },
{ "type": "Feature", "properties": { "id": null }, "geometry": { "type": "MultiPolygon", "coordinates": [ [ [ [ 105.671418480653898, 56.759251103694922 ], [ 105.671415848836361, 56.759253508121709 ], [ 105.671316368299486, 56.759254586440711 ], [ 105.671010091407936, 56.759181834829 ], [ 105.670221428412262, 56.75900555149299 ], [ 105.670052976121923, 56.75922660506825 ], [ 105.673594013808909, 56.760135979138482 ], [ 105.673974548545189, 56.760269144709149 ], [ 105.674215780386859, 56.760334328270872 ], [ 105.675099530710952, 56.760596176550919 ], [ 105.676675665646371, 56.761116522185795 ], [ 105.678702748025074, 56.76182067770182 ], [ 105.679358069703483, 56.762102208149877 ], [ 105.680195611956933, 56.762427591631194 ], [ 105.679937391957324, 56.762688310211566 ], [ 105.68031792669359, 56.7628894347366 ], [ 105.680834366692849, 56.762576573898791 ], [ 105.681812884586108, 56.762934128929182 ], [ 105.681704160375759, 56.763105456174571 ], [ 105.682247781427577, 56.763343823215472 ], [ 105.682438048795731, 56.763243262304648 ], [ 105.683064844281461, 56.763726168977342 ], [ 105.683566062478278, 56.764140852018514 ], [ 105.68400095931969, 56.764416456172334 ], [ 105.684241463841346, 56.764624233973763 ], [ 105.684802800371159, 56.765109182003918 ], [ 105.684626123529327, 56.765220910779711 ], [ 105.685226443790356, 56.765566651139011 ], [ 105.685553139141348, 56.765684152920564 ], [ 105.685481674533307, 56.765544269805588 ], [ 105.684930376128548, 56.765018304629137 ], [ 105.684869120750179, 56.764828060091084 ], [ 105.684276985426536, 56.764134218900736 ], [ 105.682735391739143, 56.763003901761117 ], [ 105.682367859469295, 56.762791264040921 ], [ 105.681867607213107, 56.762522667304644 ], [ 105.681489865713544, 56.762242876994463 ], [ 105.68126526265975, 56.762024639105164 ], [ 105.680907939619615, 56.761789612267329 ], [ 105.680162665850176, 56.76123561461457 ], [ 105.679693041283144, 56.760676012727792 ], [ 105.6791621613378, 56.760418593059335 ], [ 105.677783915325875, 56.759825401887277 ], [ 105.676323995476181, 56.759237797619733 ], [ 105.675343909423248, 56.758818074656219 ], [ 105.674629263342993, 56.758521467599699 ], [ 105.672829263571117, 56.759005182038322 ], [ 105.672430608133112, 56.759402502983512 ], [ 105.671418480653898, 56.759251103694922 ] ] ] ] } },
{ "type": "Feature", "properties": { "id": null }, "geometry": { "type": "MultiPolygon", "coordinates": [ [ [ [ 105.685999792941473, 56.765991893938853 ], [ 105.692742989170256, 56.770260840921949 ], [ 105.693386170642498, 56.770638476685455 ], [ 105.694024247499868, 56.770985338779944 ], [ 105.69491755510019, 56.771502828688291 ], [ 105.695376970437493, 56.771821710808702 ], [ 105.695703665788514, 56.772179750662609 ], [ 105.695887431923438, 56.772392335209872 ], [ 105.696081407288062, 56.772523801366809 ], [ 105.696245740378544, 56.772576277649883 ], [ 105.696381645641495, 56.772390099323232 ], [ 105.695597925291764, 56.771580833465194 ], [ 105.696127560894041, 56.771781760532463 ], [ 105.696775770904068, 56.772027669531894 ], [ 105.696770530293989, 56.771928004246789 ], [ 105.696035465754292, 56.771645486813895 ], [ 105.695606678106145, 56.771483248118926 ], [ 105.694044665959296, 56.770870650861468 ], [ 105.693309601419571, 56.770434274114713 ], [ 105.692452026123291, 56.769964324252292 ], [ 105.691471940070372, 56.769382473413536 ], [ 105.690410180179697, 56.768621577938553 ], [ 105.68902172493803, 56.76753615622993 ], [ 105.687959965047355, 56.766965458000755 ], [ 105.685999792941473, 56.765991893938853 ] ] ] ] } },
{ "type": "Feature", "properties": { "id": null }, "geometry": { "type": "MultiPolygon", "coordinates": [ [ [ [ 105.697597477901127, 56.771536395354865 ], [ 105.697178956517561, 56.771809217008354 ], [ 105.697940025990107, 56.771982986164623 ], [ 105.698304860628966, 56.772107283601784 ], [ 105.69829681013681, 56.772039891751177 ], [ 105.697934382481833, 56.771900032318591 ], [ 105.697913964022391, 56.771709822653932 ], [ 105.697597477901127, 56.771536395354865 ] ] ] ] } },
{ "type": "Feature", "properties": { "id": null }, "geometry": { "type": "MultiPolygon", "coordinates": [ [ [ [ 105.696816542483006, 56.771953197223539 ], [ 105.696843723535551, 56.772069870441072 ], [ 105.698257138270307, 56.772675572379818 ], [ 105.698660064476485, 56.772810795442645 ], [ 105.700081195564564, 56.773287726772267 ], [ 105.701246527709486, 56.773679637738923 ], [ 105.702490536826446, 56.774090776750825 ], [ 105.704517840717173, 56.774735878748544 ], [ 105.70567347318881, 56.77503638311638 ], [ 105.707190644221967, 56.775430896347643 ], [ 105.708775832543168, 56.775667775473359 ], [ 105.711313103864953, 56.776086186866252 ], [ 105.711856724916785, 56.776046472615093 ], [ 105.713369803511043, 56.776210293630257 ], [ 105.714167114387067, 56.776016686899126 ], [ 105.714846640701808, 56.775599684393455 ], [ 105.714774506901705, 56.775573966633516 ], [ 105.714606054611366, 56.775632701908748 ], [ 105.714463125395298, 56.775652280313388 ], [ 105.714116011584892, 56.775641092654844 ], [ 105.713881199301383, 56.775590748150115 ], [ 105.713697433166459, 56.775627108076961 ], [ 105.713105297842816, 56.775660671055114 ], [ 105.712707137883797, 56.775615920410907 ], [ 105.712263036391079, 56.775604732741527 ], [ 105.711921027195501, 56.775571169713359 ], [ 105.711630064148537, 56.77547327737642 ], [ 105.711354414946157, 56.775492855864236 ], [ 105.711119602662635, 56.775417338783527 ], [ 105.710930731912853, 56.77544810501994 ], [ 105.710680605784759, 56.775456495807305 ], [ 105.71057851348759, 56.775364197043039 ], [ 105.710359015048653, 56.775347415425131 ], [ 105.710267131981183, 56.775260710279824 ], [ 105.710313073514925, 56.775160020182255 ], [ 105.710083365846259, 56.775199177474512 ], [ 105.709971064319362, 56.775255116392586 ], [ 105.709930227400491, 56.775361400107244 ], [ 105.709802612029023, 56.77538097865343 ], [ 105.709720938191282, 56.775302664407413 ], [ 105.709598427434656, 56.775339024613395 ], [ 105.709343196691705, 56.77531385216686 ], [ 105.708776584442361, 56.775193583578123 ], [ 105.708659178300607, 56.775134847615647 ], [ 105.708797002901804, 56.775062126772831 ], [ 105.709057338259569, 56.775036954140568 ], [ 105.709496335137487, 56.775053735897281 ], [ 105.709542276671201, 56.775148832376956 ], [ 105.709669892042683, 56.775171207984215 ], [ 105.709874076637036, 56.775151629328583 ], [ 105.709904704326206, 56.775087299388197 ], [ 105.70984855356275, 56.775025766298576 ], [ 105.710022110467946, 56.775025766298576 ], [ 105.710277341210912, 56.77506492373093 ], [ 105.710262027366326, 56.775020172376337 ], [ 105.710027215082818, 56.774953045244395 ], [ 105.709720938191282, 56.774905496786623 ], [ 105.709460602833474, 56.774866339187938 ], [ 105.709123698252782, 56.774902699816643 ], [ 105.708955245962443, 56.774860745241924 ], [ 105.708837839820674, 56.774866339187938 ], [ 105.70872043367892, 56.774913887695313 ], [ 105.70864896907085, 56.77500059364192 ], [ 105.708301855260444, 56.775028563259383 ], [ 105.708026206058051, 56.775104081122421 ], [ 105.707531058416734, 56.77506772068881 ], [ 105.707474907653278, 56.775011781491408 ], [ 105.707306455362939, 56.775045345019848 ], [ 105.707127793842872, 56.774947451311306 ], [ 105.706887876944506, 56.774947451311306 ], [ 105.706755156958167, 56.774885917992371 ], [ 105.706423356992332, 56.774877527077443 ], [ 105.706219172397965, 56.774785226889236 ], [ 105.705943523195586, 56.774673347568893 ], [ 105.705831221668689, 56.774561467915028 ], [ 105.705484107858283, 56.774578249884364 ], [ 105.704943018683196, 56.774404835839277 ], [ 105.704381511048695, 56.774248203109842 ], [ 105.703932304941119, 56.774178277573128 ], [ 105.703518831137529, 56.77408597566518 ], [ 105.703049206570512, 56.773965703141485 ], [ 105.702620418922351, 56.773817459733131 ], [ 105.702426443557712, 56.773702780468376 ], [ 105.702130375895891, 56.773590897921153 ], [ 105.701722006707172, 56.773448247189719 ], [ 105.70159949595056, 56.773350349315201 ], [ 105.701410625200779, 56.773244059905167 ], [ 105.701191126761842, 56.77312378468342 ], [ 105.701058406775502, 56.773112596271105 ], [ 105.701043092930931, 56.773098610751042 ], [ 105.701216649836141, 56.772978335063179 ], [ 105.70118602214697, 56.772905610041654 ], [ 105.700772548343409, 56.772844073374934 ], [ 105.700440748377574, 56.772849667621529 ], [ 105.700348865310104, 56.772765753834996 ], [ 105.700088529952311, 56.772676245589238 ], [ 105.699869031513373, 56.772614708546449 ], [ 105.699547440777252, 56.772558765692722 ], [ 105.699460662324654, 56.77251680849772 ], [ 105.699338151568028, 56.772550374257477 ], [ 105.699149280818233, 56.772463662650026 ], [ 105.698911349107988, 56.772391223973102 ], [ 105.698524418620764, 56.772683019473966 ], [ 105.696816542483006, 56.771953197223539 ] ] ] ] } },
{ "type": "Feature", "properties": { "id": null }, "geometry": { "type": "MultiPolygon", "coordinates": [ [ [ [ 105.698107939386972, 56.775453698878373 ], [ 105.697253378409357, 56.775205379482017 ], [ 105.696736981274242, 56.775755440335274 ], [ 105.696995201273879, 56.77589692326044 ], [ 105.697226240220914, 56.77576288681832 ], [ 105.697674727588662, 56.775904369715413 ], [ 105.697848006798935, 56.775707038159496 ], [ 105.698107939386972, 56.775453698878373 ] ] ] ] } },
{ "type": "Feature", "properties": { "id": null }, "geometry": { "type": "MultiPolygon", "coordinates": [ [ [ [ 105.700361404755668, 56.776789556522111 ], [ 105.700103184756074, 56.776979436145673 ], [ 105.700544876860633, 56.777146976192121 ], [ 105.701346717912116, 56.777288453871037 ], [ 105.701489418438214, 56.777433654092128 ], [ 105.701475827911892, 56.777798513706529 ], [ 105.701720754365184, 56.777762441056829 ], [ 105.70234855903, 56.777323219586513 ], [ 105.702503095562889, 56.777365554409919 ], [ 105.703053631961211, 56.77731263587318 ], [ 105.703681436626027, 56.777302052156891 ], [ 105.704067777958244, 56.777164463573293 ], [ 105.70270165541524, 56.776782994756104 ], [ 105.702648010804921, 56.776849126703517 ], [ 105.701598142648521, 56.776543828524261 ], [ 105.701343320280543, 56.776797002799974 ], [ 105.7020500276479, 56.776983159265953 ], [ 105.702005858437474, 56.777143253088106 ], [ 105.700361404755668, 56.776789556522111 ] ] ] ] } },
{ "type": "Feature", "properties": { "id": null }, "geometry": { "type": "MultiPolygon", "coordinates": [ [ [ [ 105.700241668397965, 56.780090720688008 ], [ 105.700670456046126, 56.779816654511883 ], [ 105.700017065344184, 56.779509026827611 ], [ 105.700241668397965, 56.780090720688008 ] ] ] ] } },
{ "type": "Feature", "properties": { "id": null }, "geometry": { "type": "MultiPolygon", "coordinates": [ [ [ [ 105.704738834088772, 56.777426880426141 ], [ 105.704802641774492, 56.777323399350948 ], [ 105.704432557197237, 56.777322000956083 ], [ 105.704491260268099, 56.777393319027617 ], [ 105.704404481815516, 56.777481417634732 ], [ 105.704164564917122, 56.77769397215279 ], [ 105.704146698765086, 56.777906525466861 ], [ 105.7041569079948, 56.778010004934018 ], [ 105.703851904928712, 56.77834486573083 ], [ 105.703753705800864, 56.778480444720053 ], [ 105.703625396157094, 56.778657595166287 ], [ 105.703151145126455, 56.778546239190462 ], [ 105.703059415800155, 56.778670728587528 ], [ 105.703195964247612, 56.778743442437708 ], [ 105.702828085278199, 56.779004759016139 ], [ 105.703330934751122, 56.779168567117104 ], [ 105.703398887382619, 56.779317482951988 ], [ 105.703643516855919, 56.779280254048665 ], [ 105.703777890341556, 56.779204892433221 ], [ 105.703731948807814, 56.778964379810297 ], [ 105.703936133402181, 56.778777002628729 ], [ 105.70442617642864, 56.778942006464668 ], [ 105.705334797873533, 56.778100199642239 ], [ 105.704992788678027, 56.778030281282675 ], [ 105.704332103524465, 56.777833572309753 ], [ 105.704738834088772, 56.777426880426141 ] ] ] ] } },
{ "type": "Feature", "properties": { "id": null }, "geometry": { "type": "MultiPolygon", "coordinates": [ [ [ [ 105.716151331226214, 56.775798257593109 ], [ 105.715952003507184, 56.776056401181812 ], [ 105.7168580385936, 56.776245043450622 ], [ 105.717297465610528, 56.77604895475703 ], [ 105.716151331226214, 56.775798257593109 ] ] ] ] } },
{ "type": "Feature", "properties": { "id": null }, "geometry": { "type": "MultiPolygon", "coordinates": [ [ [ [ 105.718873966660794, 56.776346810596628 ], [ 105.718679169117237, 56.776667002987487 ], [ 105.719943088062735, 56.776922658516334 ], [ 105.719254501397089, 56.778312599847055 ], [ 105.720020774822999, 56.778427415833477 ], [ 105.720592491687199, 56.778483349939592 ], [ 105.720960023957048, 56.778572844335926 ], [ 105.721143790091972, 56.778550470756855 ], [ 105.721392744200941, 56.778379613574565 ], [ 105.721374623499216, 56.778262959971784 ], [ 105.721610192621682, 56.777992421497224 ], [ 105.721546770165645, 56.777754147463824 ], [ 105.721410864902694, 56.777749183405398 ], [ 105.721365563148353, 56.777615153578992 ], [ 105.721084692271589, 56.77750594373687 ], [ 105.720393840514959, 56.777485777111359 ], [ 105.720380249988679, 56.77739642331975 ], [ 105.720434612093868, 56.777307069315356 ], [ 105.720533143409483, 56.777225161291106 ], [ 105.721192283934855, 56.777230745934816 ], [ 105.721157175078517, 56.777327236036918 ], [ 105.721628313323421, 56.777357020712671 ], [ 105.721674670037302, 56.777196844404862 ], [ 105.72208303922605, 56.777213625195749 ], [ 105.72208303922605, 56.776939538005109 ], [ 105.721541950050963, 56.776950725276578 ], [ 105.721266300848583, 56.776905976170717 ], [ 105.721129994025887, 56.776793589923351 ], [ 105.721048450868125, 56.776962371840263 ], [ 105.720522950518003, 56.776892873495811 ], [ 105.720649795430091, 56.776674449289658 ], [ 105.719979937904114, 56.776570356175988 ], [ 105.719515417951968, 56.776482255429976 ], [ 105.719193827215832, 56.776492044411967 ], [ 105.718873966660794, 56.776346810596628 ] ] ] ] } },
{ "type": "Feature", "properties": { "id": null }, "geometry": { "type": "MultiPolygon", "coordinates": [ [ [ [ 105.72393601441982, 56.778087614347129 ], [ 105.723527645231101, 56.777852688063682 ], [ 105.723152717352974, 56.777818990416442 ], [ 105.722758592090415, 56.778090771144782 ], [ 105.722605698669597, 56.778232245265464 ], [ 105.722687241827359, 56.778267613712295 ], [ 105.722687241827359, 56.778323458560457 ], [ 105.722806158932443, 56.778364411396289 ], [ 105.722707627616785, 56.778634326696242 ], [ 105.722915091448016, 56.778635769955557 ], [ 105.723190740650409, 56.778635769955557 ], [ 105.723578691379686, 56.778638566647324 ], [ 105.724334174378825, 56.778627379879048 ], [ 105.725457189647784, 56.778605006332491 ], [ 105.726621041835642, 56.778532292214038 ], [ 105.726988574105519, 56.778504325207891 ], [ 105.727026111623317, 56.777915902768285 ], [ 105.726234111892282, 56.777841817882489 ], [ 105.725712551093878, 56.778116989578152 ], [ 105.725133039095581, 56.778064072101067 ], [ 105.724862459179079, 56.777996251886428 ], [ 105.724730501127681, 56.777963176869193 ], [ 105.724643003577796, 56.778096004544352 ], [ 105.72393601441982, 56.778087614347129 ] ] ] ] } },
{ "type": "Feature", "properties": { "id": null }, "geometry": { "type": "MultiPolygon", "coordinates": [ [ [ [ 105.729962305747861, 56.777804775384737 ], [ 105.730493525079638, 56.77785901617257 ], [ 105.730580451879376, 56.777234580895268 ], [ 105.730081427658135, 56.777190481965725 ], [ 105.729962305747861, 56.777804775384737 ] ] ] ] } },
{ "type": "Feature", "properties": { "id": null }, "geometry": { "type": "MultiPolygon", "coordinates": [ [ [ [ 105.727383477355517, 56.777415826950723 ], [ 105.727399495601659, 56.777494702327374 ], [ 105.727705772493195, 56.777573011999003 ], [ 105.727876062554046, 56.77755076870087 ], [ 105.72840000011405, 56.777654118272352 ], [ 105.728774306151379, 56.777683064063275 ], [ 105.728803281751311, 56.77750049634087 ], [ 105.728373477019218, 56.777508434086386 ], [ 105.728296208752823, 56.777553414612683 ], [ 105.727876062554046, 56.77755076870087 ], [ 105.727866404020773, 56.777471391259553 ], [ 105.727383477355517, 56.777415826950723 ] ] ] ] } },
{ "type": "Feature", "properties": { "id": null }, "geometry": { "type": "MultiPolygon", "coordinates": [ [ [ [ 105.733413564704335, 56.778480754435613 ], [ 105.732937896284, 56.778458416599953 ], [ 105.732869943652489, 56.778547767862811 ], [ 105.733128163652125, 56.778577551569803 ], [ 105.73307531123541, 56.778633396347644 ], [ 105.733236887862475, 56.778912616644611 ], [ 105.733413564704335, 56.778480754435613 ] ] ] ] } },
{ "type": "Feature", "properties": { "id": null }, "geometry": { "type": "MultiPolygon", "coordinates": [ [ [ [ 105.732798593391266, 56.777848774701887 ], [ 105.732832569707043, 56.777718468278501 ], [ 105.732683073917755, 56.777699853038243 ], [ 105.732444548807123, 56.777683064063275 ], [ 105.732432475640493, 56.777750534518489 ], [ 105.732343134207426, 56.777746565671542 ], [ 105.732335658170314, 56.777901631160667 ], [ 105.732172310494832, 56.7779911269444 ], [ 105.73265724890642, 56.777996720423808 ], [ 105.732907375034529, 56.778002313902356 ], [ 105.73358628881077, 56.778030281282653 ], [ 105.733744531871395, 56.77803307801954 ], [ 105.733749330288262, 56.778109649438569 ], [ 105.734582349965791, 56.77811590145474 ], [ 105.734840569965385, 56.777937196659586 ], [ 105.736036536279428, 56.777929750607996 ], [ 105.736063717332016, 56.778190361534875 ], [ 105.737246093119737, 56.778309497355757 ], [ 105.737517903645653, 56.778026549163535 ], [ 105.737993572065989, 56.778123347469396 ], [ 105.738564374170409, 56.778141962499589 ], [ 105.738614334446893, 56.777686281056333 ], [ 105.737113577678358, 56.777661110184262 ], [ 105.73665416234104, 56.777649923124578 ], [ 105.736633743881612, 56.777834509182803 ], [ 105.735316753247957, 56.777792557885661 ], [ 105.733744531871395, 56.777800948148837 ], [ 105.733532481811238, 56.777889728055783 ], [ 105.732798593391266, 56.777848774701887 ] ] ] ] } },
{ "type": "Feature", "properties": { "id": null }, "geometry": { "type": "MultiPolygon", "coordinates": [ [ [ [ 105.74203225286702, 56.777811390118963 ], [ 105.741962961794414, 56.77783730593427 ], [ 105.741850660267517, 56.778192491677366 ], [ 105.741965403375872, 56.778259236977455 ], [ 105.74243767416462, 56.778339281251881 ], [ 105.742566691710351, 56.778270449839631 ], [ 105.74306249641954, 56.778192396853825 ], [ 105.743101130552759, 56.777991310448058 ], [ 105.742251179621931, 56.777966615551996 ], [ 105.742251179621931, 56.777818445834392 ], [ 105.742276935710748, 56.777684387014318 ], [ 105.742109521133486, 56.777691442753635 ], [ 105.74203225286702, 56.777811390118963 ] ] ] ] } },
{ "type": "Feature", "properties": { "id": null }, "geometry": { "type": "MultiPolygon", "coordinates": [ [ [ [ 105.724806351253193, 56.785993144838585 ], [ 105.725439323495692, 56.785758268050586 ], [ 105.726174388035389, 56.785568128621307 ], [ 105.72554141579289, 56.784897040579487 ], [ 105.72478593279375, 56.785120737927315 ], [ 105.725092209685286, 56.785344433941248 ], [ 105.724440419719414, 56.785670054335746 ], [ 105.724806351253193, 56.785993144838585 ] ] ] ] } },
{ "type": "Feature", "properties": { "id": null }, "geometry": { "type": "MultiPolygon", "coordinates": [ [ [ [ 105.730125359936281, 56.784024608177582 ], [ 105.72903968032989, 56.784008339444185 ], [ 105.729148404540254, 56.784311095298207 ], [ 105.730074313787696, 56.784248310727605 ], [ 105.730125359936281, 56.784024608177582 ] ] ] ] } },
{ "type": "Feature", "properties": { "id": null }, "geometry": { "type": "MultiPolygon", "coordinates": [ [ [ [ 105.726848037362203, 56.782535419259169 ], [ 105.727838051293219, 56.782573007695134 ], [ 105.727946775503582, 56.782662349160191 ], [ 105.727756508135457, 56.783071828152927 ], [ 105.727240068136211, 56.783272843477505 ], [ 105.726710037610658, 56.783317513403375 ], [ 105.72628873129554, 56.783257953490406 ], [ 105.726031458819378, 56.783227657002463 ], [ 105.725490369644291, 56.78318011902892 ], [ 105.724500444547189, 56.78316458072883 ], [ 105.725264079191732, 56.783589088554791 ], [ 105.725632988405152, 56.783794919914946 ], [ 105.726203790509572, 56.783983523282238 ], [ 105.727005631560985, 56.783981041665136 ], [ 105.728184302528035, 56.78398766709234 ], [ 105.72903968032989, 56.784008339444185 ], [ 105.730125359936281, 56.784024608177582 ], [ 105.730154103486171, 56.783735360759891 ], [ 105.728613843839341, 56.78376514034926 ], [ 105.728251429804786, 56.783735360759891 ], [ 105.728197067699583, 56.783387930470823 ], [ 105.728850954466665, 56.78334813011984 ], [ 105.730041773589008, 56.783227876747759 ], [ 105.730253767345687, 56.783204287446814 ], [ 105.731078259274256, 56.783214214119738 ], [ 105.731114500677734, 56.78315961738614 ], [ 105.731685302782154, 56.783174507412269 ], [ 105.732392010149525, 56.783288664082981 ], [ 105.732800178122432, 56.783224860652744 ], [ 105.733147291932838, 56.783124191924102 ], [ 105.733453568824402, 56.78258169468085 ], [ 105.733188128851708, 56.78243628171554 ], [ 105.731626116704859, 56.782262903981838 ], [ 105.730809378327393, 56.782218161210814 ], [ 105.729574061531508, 56.782240532603005 ], [ 105.728767532383799, 56.782279682507209 ], [ 105.728493794186988, 56.782331040158908 ], [ 105.727311418399267, 56.782241697904908 ], [ 105.726848037362203, 56.782535419259169 ] ] ] ] } },
{ "type": "Feature", "properties": { "id": null }, "geometry": { "type": "MultiPolygon", "coordinates": [ [ [ [ 105.746021130607247, 56.779007728129471 ], [ 105.74593945676952, 56.778988151475396 ], [ 105.745862666200495, 56.779218979079531 ], [ 105.746133105133012, 56.779234853841885 ], [ 105.746094470999807, 56.779393601096046 ], [ 105.74630695873249, 56.779472974471275 ], [ 105.746128275866397, 56.779808986566536 ], [ 105.746398872106866, 56.780109597621362 ], [ 105.746633684390375, 56.780165529219943 ], [ 105.746960379741353, 56.780053665939413 ], [ 105.74724623817346, 56.779986547810985 ], [ 105.747623979673023, 56.779326546486786 ], [ 105.746776613606428, 56.779192307508623 ], [ 105.746021130607247, 56.779007728129471 ] ] ] ] } },
{ "type": "Feature", "properties": { "id": null }, "geometry": { "type": "MultiPolygon", "coordinates": [ [ [ [ 105.746230419816513, 56.780447982519185 ], [ 105.746597952086361, 56.780487134293857 ], [ 105.746633684390375, 56.780165529219943 ], [ 105.746398872106866, 56.780109597621362 ], [ 105.746230419816513, 56.780447982519185 ] ] ] ] } },
{ "type": "Feature", "properties": { "id": null }, "geometry": { "type": "MultiPolygon", "coordinates": [ [ [ [ 105.733795578019922, 56.784432864327222 ], [ 105.734510224100177, 56.784678934381077 ], [ 105.733836414938793, 56.785551351566596 ], [ 105.735878260882387, 56.786132951752293 ], [ 105.737062531529659, 56.786535592752578 ], [ 105.737511737637263, 56.786591514771942 ], [ 105.739267725148778, 56.787307309256768 ], [ 105.741636266443351, 56.787933618226681 ], [ 105.74173835874052, 56.788280320481228 ], [ 105.743780204684157, 56.789007266417563 ], [ 105.745944561384363, 56.789566446012607 ], [ 105.747496364301526, 56.790058517160489 ], [ 105.747925151949687, 56.790237450522831 ], [ 105.749012091260028, 56.789942032899098 ], [ 105.747286094420474, 56.789510297636838 ], [ 105.74614449021162, 56.789019006638249 ], [ 105.742760449164038, 56.787783306892386 ], [ 105.743507928110276, 56.787001668565033 ], [ 105.743208487819956, 56.786904676539692 ], [ 105.743443300103465, 56.786655824991144 ], [ 105.741789404889133, 56.78620844726904 ], [ 105.740319275809739, 56.785828172010262 ], [ 105.73911458670301, 56.78549263181592 ], [ 105.737174833056557, 56.784955761262417 ], [ 105.735745540896048, 56.784631398246461 ], [ 105.733795578019922, 56.784432864327222 ] ] ] ] } },
{ "type": "Feature", "properties": { "id": null }, "geometry": { "type": "MultiPolygon", "coordinates": [ [ [ [ 105.751078274184948, 56.787088068913441 ], [ 105.751483932583739, 56.786791800930565 ], [ 105.751432022357847, 56.786455903730953 ], [ 105.751074699317726, 56.786847356947312 ], [ 105.750850096263932, 56.78713255600411 ], [ 105.750824573189632, 56.787199661349405 ], [ 105.751028757783999, 56.787291931003175 ], [ 105.751477963891617, 56.787451305325128 ], [ 105.752202819201571, 56.787641435209409 ], [ 105.752774536065772, 56.787865116192414 ], [ 105.753131859105935, 56.787976956183726 ], [ 105.753295206781416, 56.788144715545478 ], [ 105.753468763686627, 56.788167083403692 ], [ 105.753462988623454, 56.787931258028578 ], [ 105.753680437044167, 56.787626050014246 ], [ 105.753519809835225, 56.787546370387744 ], [ 105.753662739051265, 56.787400976665033 ], [ 105.752794954525243, 56.787076634791319 ], [ 105.752102078715225, 56.786897611193069 ], [ 105.751541883783531, 56.787320849258464 ], [ 105.751078274184948, 56.787088068913441 ] ] ] ] } },
{ "type": "Feature", "properties": { "id": null }, "geometry": { "type": "MultiPolygon", "coordinates": [ [ [ [ 105.754438640509832, 56.791365549799458 ], [ 105.754868904877171, 56.791106495559397 ], [ 105.754367891169537, 56.790807349390604 ], [ 105.753846505186189, 56.791063608337112 ], [ 105.754438640509832, 56.791365549799458 ] ] ] ] } },
{ "type": "Feature", "properties": { "id": null }, "geometry": { "type": "MultiPolygon", "coordinates": [ [ [ [ 105.758522332397064, 56.790045935876329 ], [ 105.758910283126369, 56.789794309306906 ], [ 105.75872651699143, 56.78958182333367 ], [ 105.758522332397064, 56.789497946960232 ], [ 105.758042498600318, 56.789816676181445 ], [ 105.758522332397064, 56.790045935876329 ] ] ] ] } },
{ "type": "Feature", "properties": { "id": null }, "geometry": { "type": "MultiPolygon", "coordinates": [ [ [ [ 105.757899569384264, 56.789799901026804 ], [ 105.758236473964956, 56.789548272806805 ], [ 105.756398812615728, 56.788815745489707 ], [ 105.756092535724164, 56.789028235802803 ], [ 105.757899569384264, 56.789799901026804 ] ] ] ] } },
{ "type": "Feature", "properties": { "id": null }, "geometry": { "type": "MultiPolygon", "coordinates": [ [ [ [ 105.778996189904987, 56.788406744835271 ], [ 105.779594173061994, 56.788009730826786 ], [ 105.779806525031461, 56.78792846650304 ], [ 105.77839905441104, 56.787087445513706 ], [ 105.777781536613404, 56.786713202687103 ], [ 105.777422894589421, 56.786394666230073 ], [ 105.777081624509222, 56.786555010779857 ], [ 105.776633137141431, 56.78667039788391 ], [ 105.777046979720495, 56.787143740236658 ], [ 105.777965810395116, 56.787915444229768 ], [ 105.778996189904987, 56.788406744835271 ] ] ] ] } },
{ "type": "Feature", "properties": { "id": null }, "geometry": { "type": "MultiPolygon", "coordinates": [ [ [ [ 105.773217951141604, 56.789974909088649 ], [ 105.77375960775133, 56.789581823333656 ], [ 105.774167976940049, 56.78938611150388 ], [ 105.773810653899929, 56.789223949499885 ], [ 105.773761572193393, 56.789111434351447 ], [ 105.773254192545053, 56.789339711214879 ], [ 105.773217951141604, 56.789974909088649 ] ] ] ] } },
{ "type": "Feature", "properties": { "id": null }, "geometry": { "type": "MultiPolygon", "coordinates": [ [ [ [ 105.777465558138942, 56.79205888766149 ], [ 105.780450376214105, 56.792777963409499 ], [ 105.780654234108525, 56.792480237997431 ], [ 105.779905564041584, 56.792321681727152 ], [ 105.779272591799057, 56.792159532414836 ], [ 105.778639619556543, 56.791983403919232 ], [ 105.777705475037351, 56.791762543208215 ], [ 105.777465558138942, 56.79205888766149 ] ] ] ] } },
{ "type": "Feature", "properties": { "id": null }, "geometry": { "type": "MultiPolygon", "coordinates": [ [ [ [ 105.784465409185728, 56.789901175528861 ], [ 105.78466501887398, 56.789939969443829 ], [ 105.785076538893762, 56.790071098440386 ], [ 105.78491319121828, 56.789880980871374 ], [ 105.784770262002212, 56.789702045808468 ], [ 105.784882563529109, 56.78948955931255 ], [ 105.784994865056007, 56.789349764908742 ], [ 105.784432400423228, 56.789190835157179 ], [ 105.784088901840249, 56.789540239010655 ], [ 105.784265799497405, 56.789626090253606 ], [ 105.784600628651987, 56.789710732091635 ], [ 105.784465409185728, 56.789901175528861 ] ] ] ] } },
{ "type": "Feature", "properties": { "id": null }, "geometry": { "type": "MultiPolygon", "coordinates": [ [ [ [ 105.80298725655237, 56.787019733499775 ], [ 105.804352329259416, 56.786737573055142 ], [ 105.805343938678689, 56.786751681127768 ], [ 105.806335548097991, 56.786737573055142 ], [ 105.807649108627373, 56.78646951866687 ], [ 105.806852825882302, 56.78640277762247 ], [ 105.80507641991133, 56.786369224252056 ], [ 105.803585872372508, 56.786358039788574 ], [ 105.803624719750488, 56.786494207966939 ], [ 105.803534573439634, 56.786621181253416 ], [ 105.802606276288699, 56.786707731408001 ], [ 105.80298725655237, 56.787019733499775 ] ] ] ] } },
{ "type": "Feature", "properties": { "id": null }, "geometry": { "type": "MultiPolygon", "coordinates": [ [ [ [ 105.788619141605878, 56.787599494876559 ], [ 105.790313873739095, 56.787845544159616 ], [ 105.793601245708274, 56.788348821757161 ], [ 105.795257254613745, 56.788679379364403 ], [ 105.797458919873634, 56.789066461163415 ], [ 105.797581234610249, 56.788850589114332 ], [ 105.794937220021552, 56.788424407474317 ], [ 105.793979745141897, 56.788247629568396 ], [ 105.794050451815878, 56.787867912196234 ], [ 105.791518562845823, 56.787487653759818 ], [ 105.790191362982441, 56.787230417925848 ], [ 105.789925923009804, 56.787633047146564 ], [ 105.788649769295048, 56.787431733076417 ], [ 105.788619141605878, 56.787599494876559 ] ] ] ] } },
{ "type": "Feature", "properties": { "id": null }, "geometry": { "type": "MultiPolygon", "coordinates": [ [ [ [ 105.789560421670316, 56.789195989583682 ], [ 105.791220291900729, 56.78950430134929 ], [ 105.791343183040595, 56.78930466336196 ], [ 105.791444738079008, 56.789118444539952 ], [ 105.791577301412858, 56.788875365225245 ], [ 105.791361601965164, 56.789040645644363 ], [ 105.791361601965164, 56.789040645644363 ], [ 105.791284333698741, 56.789142922770978 ], [ 105.791052528899428, 56.789104128031646 ], [ 105.791142675210239, 56.788998323993141 ], [ 105.791153939601045, 56.788808115799284 ], [ 105.790730577789262, 56.788740866252787 ], [ 105.790764944488473, 56.788668011912364 ], [ 105.790130107604128, 56.788594866125045 ], [ 105.789560421670316, 56.789195989583682 ] ] ] ] } },
{ "type": "Feature", "properties": { "id": null }, "geometry": { "type": "MultiPolygon", "coordinates": [ [ [ [ 105.791153939601045, 56.78880811579927 ], [ 105.791153939601045, 56.788808115799284 ], [ 105.791142675210239, 56.788998323993141 ], [ 105.791361601965164, 56.789040645644363 ], [ 105.791577301412858, 56.788875365225245 ], [ 105.791153939601045, 56.78880811579927 ] ] ] ] } },
{ "type": "Feature", "properties": { "id": null }, "geometry": { "type": "MultiPolygon", "coordinates": [ [ [ [ 105.798930463621105, 56.79269070858323 ], [ 105.79989013121461, 56.792819307998094 ], [ 105.800094315808977, 56.792908768200512 ], [ 105.800421011159955, 56.792959089470621 ], [ 105.801094820321339, 56.793026184392382 ], [ 105.801584863347799, 56.793104461649385 ], [ 105.801891696537695, 56.793120964965674 ], [ 105.801955118993732, 56.792897673170401 ], [ 105.800804454434072, 56.792828204340722 ], [ 105.799119229173385, 56.792470934041226 ], [ 105.798930463621105, 56.79269070858323 ] ] ] ] } },
{ "type": "Feature", "properties": { "id": null }, "geometry": { "type": "MultiPolygon", "coordinates": [ [ [ [ 105.793233713438426, 56.791527702544442 ], [ 105.796546089528078, 56.792049152223612 ], [ 105.796455486019411, 56.791868032693209 ], [ 105.796228977242777, 56.791694975885335 ], [ 105.795481498296525, 56.791553552525578 ], [ 105.795385990842107, 56.791565751075609 ], [ 105.794380665666552, 56.79138235511342 ], [ 105.794312713035055, 56.791464232234127 ], [ 105.793361376194397, 56.791278147610392 ], [ 105.793233713438426, 56.791527702544442 ] ] ] ] } },
{ "type": "Feature", "properties": { "id": null }, "geometry": { "type": "MultiPolygon", "coordinates": [ [ [ [ 105.777664638118338, 56.788558518763196 ], [ 105.77782798579382, 56.78849141584881 ], [ 105.777317524307918, 56.788223002990811 ], [ 105.776909155119199, 56.788021692086822 ], [ 105.776500785930494, 56.787607882946851 ], [ 105.776500785930494, 56.787607882946851 ], [ 105.77601074290402, 56.787149332351618 ], [ 105.77543902603982, 56.786523010286672 ], [ 105.774989819932188, 56.786042077317575 ], [ 105.774581450743469, 56.785561138182679 ], [ 105.774418103067987, 56.785337443460946 ], [ 105.774295592311375, 56.785412940578652 ], [ 105.774499776905756, 56.785631042509671 ], [ 105.774555927669212, 56.785748481485776 ], [ 105.774693752270409, 56.785835162398982 ], [ 105.774693752270409, 56.785930231557359 ], [ 105.775020447621387, 56.786170699529571 ], [ 105.775112330688842, 56.78633287473351 ], [ 105.775194004526583, 56.786483864810386 ], [ 105.775484967573547, 56.786701960515167 ], [ 105.775959696755436, 56.787263970525935 ], [ 105.776347647484712, 56.787624659081857 ], [ 105.776771330518017, 56.787999324141914 ], [ 105.777001038186683, 56.788200635165936 ], [ 105.777664638118338, 56.788558518763196 ] ] ] ] } },
{ "type": "Feature", "properties": { "id": null }, "geometry": { "type": "MultiPolygon", "coordinates": [ [ [ [ 105.785716705154172, 56.787406447589554 ], [ 105.787089348310019, 56.787570219011116 ], [ 105.787572695559689, 56.787596698852674 ], [ 105.787930018599852, 56.787345055852327 ], [ 105.7882975508697, 56.787043082023565 ], [ 105.787981226598262, 56.786942114501166 ], [ 105.787838526072107, 56.787176608081829 ], [ 105.787714512519713, 56.787253841757718 ], [ 105.787437605546387, 56.787329214227846 ], [ 105.786987419362887, 56.787231509144867 ], [ 105.785893381996075, 56.787123567995437 ], [ 105.785716705154172, 56.787406447589554 ] ] ] ] } },
{ "type": "Feature", "properties": { "id": null }, "geometry": { "type": "MultiPolygon", "coordinates": [ [ [ [ 105.809808178104873, 56.79296838238276 ], [ 105.809835359157447, 56.793370305899259 ], [ 105.810533253195615, 56.793434342580213 ], [ 105.811125388519258, 56.793389613132518 ], [ 105.812044219193865, 56.79336165720062 ], [ 105.812728237584977, 56.79336165720062 ], [ 105.813606231340756, 56.793406386681653 ], [ 105.814310668191297, 56.793439933757419 ], [ 105.815076360420136, 56.79343434258022 ], [ 105.816219794148552, 56.793445524933809 ], [ 105.816985486377405, 56.793395204316404 ], [ 105.817353018647239, 56.793423160223298 ], [ 105.817975781660081, 56.793741856088928 ], [ 105.818527080064854, 56.793965500693304 ], [ 105.819037541550742, 56.794071731413169 ], [ 105.81953779380693, 56.794027002725699 ], [ 105.819956372225363, 56.794004638361947 ], [ 105.820538298319278, 56.794027002725699 ], [ 105.82117127056182, 56.794021411636002 ], [ 105.822365750438848, 56.794027002725699 ], [ 105.823213116505443, 56.794066140330159 ], [ 105.823417301099795, 56.793758629480521 ], [ 105.823080396519103, 56.793713900419604 ], [ 105.822365750438848, 56.793786585116493 ], [ 105.821579639750567, 56.793769811737405 ], [ 105.820660809075946, 56.793786585116493 ], [ 105.819701141482412, 56.793803358488091 ], [ 105.818863984645546, 56.793764220609383 ], [ 105.818567916983724, 56.793657989018435 ], [ 105.818394360078528, 56.793244242059075 ], [ 105.818884403104988, 56.79305414057432 ], [ 105.818884403104988, 56.792908768200512 ], [ 105.814596526623404, 56.793015001913716 ], [ 105.812319868396258, 56.792964680718669 ], [ 105.809808178104873, 56.79296838238276 ] ] ] ] } },
{ "type": "Feature", "properties": { "id": null }, "geometry": { "type": "MultiPolygon", "coordinates": [ [ [ [ 105.794508076851372, 56.801716998292818 ], [ 105.795123048166147, 56.801927215320987 ], [ 105.795741417112623, 56.802049996402772 ], [ 105.796373376585365, 56.802094643969191 ], [ 105.796502486585183, 56.801912332738297 ], [ 105.796414148164232, 56.801852802348449 ], [ 105.796611210795518, 56.80161467984378 ], [ 105.796359786059071, 56.801529104199226 ], [ 105.796641789479779, 56.801151452826119 ], [ 105.795194398429317, 56.800838910881879 ], [ 105.794508076851372, 56.801716998292818 ] ] ] ] } },
{ "type": "Feature", "properties": { "id": null }, "geometry": { "type": "MultiPolygon", "coordinates": [ [ [ [ 105.799422750922474, 56.796054647567772 ], [ 105.798254575233173, 56.796045984096459 ], [ 105.798056903029888, 56.796214660018414 ], [ 105.798702453028909, 56.796586779356311 ], [ 105.799348003027973, 56.796958895001445 ], [ 105.799483908290938, 56.797383102332518 ], [ 105.800312930394981, 56.797517061545314 ], [ 105.800457329741647, 56.79738620324688 ], [ 105.800726691529121, 56.797190451236041 ], [ 105.801426787284072, 56.796681669197817 ], [ 105.801426787284072, 56.796383974776262 ], [ 105.801012842499063, 56.796285362976754 ], [ 105.799966371974307, 56.796828654945692 ], [ 105.799123759343971, 56.796367229393567 ], [ 105.799392172238313, 56.796235126677949 ], [ 105.799269857501642, 56.796199775168084 ], [ 105.799422750922474, 56.796054647567772 ] ] ] ] } },
{ "type": "Feature", "properties": { "id": null }, "geometry": { "type": "MultiPolygon", "coordinates": [ [ [ [ 105.767220596116843, 56.802602752950655 ], [ 105.768486540601856, 56.802625112186632 ], [ 105.769589137411444, 56.802625112186632 ], [ 105.769629974330314, 56.802278542530438 ], [ 105.767363525332897, 56.802177924933375 ], [ 105.767220596116843, 56.802602752950655 ] ] ] ] } },
{ "type": "Feature", "properties": { "id": null }, "geometry": { "type": "MultiPolygon", "coordinates": [ [ [ [ 105.785585799048874, 56.805089451654247 ], [ 105.787741147850127, 56.805777630961728 ], [ 105.789047929254025, 56.806101811121515 ], [ 105.789497135361628, 56.805744094923121 ], [ 105.785944323419727, 56.804615030781214 ], [ 105.785585799048874, 56.805089451654247 ] ] ] ] } },
{ "type": "Feature", "properties": { "id": null }, "geometry": { "type": "MultiPolygon", "coordinates": [ [ [ [ 105.780809080871592, 56.805688201458757 ], [ 105.781764239371057, 56.805813892394255 ], [ 105.782805641671189, 56.805625540390245 ], [ 105.783206580344554, 56.805553024835625 ], [ 105.783737799676601, 56.805540686460446 ], [ 105.783882677676161, 56.805204023506249 ], [ 105.783280629100176, 56.805131755148082 ], [ 105.783151848656118, 56.805315069736317 ], [ 105.782765507323944, 56.805223412554255 ], [ 105.782482190346968, 56.80536442351076 ], [ 105.781542093105358, 56.80541377722021 ], [ 105.781104239595564, 56.805300968645973 ], [ 105.780809080871592, 56.805688201458757 ] ] ] ] } },
{ "type": "Feature", "properties": { "id": null }, "geometry": { "type": "MultiPolygon", "coordinates": [ [ [ [ 105.782085234586347, 56.802351210627009 ], [ 105.782452766856196, 56.802440648090993 ], [ 105.782840717585486, 56.801999048538505 ], [ 105.782330256099584, 56.802060537395491 ], [ 105.782085234586347, 56.802351210627009 ] ] ] ] } },
{ "type": "Feature", "properties": { "id": null }, "geometry": { "type": "MultiPolygon", "coordinates": [ [ [ [ 105.791322967831803, 56.802928384668959 ], [ 105.791161992276713, 56.802889604188827 ], [ 105.791181309343344, 56.802812043108197 ], [ 105.790943065521788, 56.802750346679453 ], [ 105.790885114321966, 56.8028102803545 ], [ 105.790788528988926, 56.802778550773759 ], [ 105.790595358322818, 56.802933672913156 ], [ 105.790067358502185, 56.802817331368793 ], [ 105.789996529257948, 56.802870213933716 ], [ 105.790188810675019, 56.802925563126536 ], [ 105.790604836786017, 56.80300381972026 ], [ 105.790676301394043, 56.803014999220323 ], [ 105.790972369055865, 56.802892024536348 ], [ 105.791105089042233, 56.80295910168671 ], [ 105.791173301465818, 56.802961850390702 ], [ 105.791322967831803, 56.802928384668959 ] ] ] ] } },
{ "type": "Feature", "properties": { "id": null }, "geometry": { "type": "MultiPolygon", "coordinates": [ [ [ [ 105.789835553702858, 56.80284200990836 ], [ 105.789887065880507, 56.802767974240886 ], [ 105.789623065970162, 56.802700989463375 ], [ 105.789603748903573, 56.802581121668048 ], [ 105.789236724637988, 56.802489457801244 ], [ 105.789275358771192, 56.802404844802211 ], [ 105.789069310060668, 56.802366063780482 ], [ 105.788705505306197, 56.802152767443964 ], [ 105.788612139484258, 56.802216227637835 ], [ 105.788588513916721, 56.802271555206019 ], [ 105.788703367751026, 56.802407109067026 ], [ 105.788920313882556, 56.802527290430788 ], [ 105.789280189230084, 56.802634894348181 ], [ 105.789835553702858, 56.80284200990836 ] ] ] ] } },
{ "type": "Feature", "properties": { "id": null }, "geometry": { "type": "MultiPolygon", "coordinates": [ [ [ [ 105.791891900539426, 56.80418743898354 ], [ 105.791943902025182, 56.804102026123346 ], [ 105.791434336700618, 56.804001576971167 ], [ 105.791158012119453, 56.80432137388668 ], [ 105.792520737827516, 56.804572864889217 ], [ 105.793577125800098, 56.804767820107806 ], [ 105.793539666824174, 56.804836181876297 ], [ 105.793700785698036, 56.804823239473649 ], [ 105.794032585663871, 56.804655554711324 ], [ 105.794308234866264, 56.804507432547354 ], [ 105.793931998897861, 56.804312131847638 ], [ 105.793617897379022, 56.804645047927046 ], [ 105.79282964685386, 56.80449251223321 ], [ 105.792856827906434, 56.804306492254412 ], [ 105.792068577381258, 56.80432137388668 ], [ 105.791891900539426, 56.80418743898354 ] ] ] ] } },
{ "type": "Feature", "properties": { "id": null }, "geometry": { "type": "MultiPolygon", "coordinates": [ [ [ [ 105.795763501717786, 56.803903755837709 ], [ 105.79682356276885, 56.804201390558262 ], [ 105.797095373294766, 56.80363588256877 ], [ 105.79654405617444, 56.803610302782872 ], [ 105.796523637714998, 56.803431433222343 ], [ 105.796054013147966, 56.803509688760087 ], [ 105.795763501717786, 56.803903755837709 ] ] ] ] } },
{ "type": "Feature", "properties": { "id": null }, "geometry": { "type": "MultiPolygon", "coordinates": [ [ [ [ 105.800479257404504, 56.803848527929546 ], [ 105.800325219321152, 56.80412432324821 ], [ 105.80049300486867, 56.804156745500826 ], [ 105.800520185921229, 56.804394851859421 ], [ 105.801087163398975, 56.804526995885546 ], [ 105.801076954169261, 56.804353720248912 ], [ 105.801025908020662, 56.804158085502969 ], [ 105.800811514196596, 56.803979218556123 ], [ 105.800479257404504, 56.803848527929546 ] ] ] ] } },
{ "type": "Feature", "properties": { "id": null }, "geometry": { "type": "MultiPolygon", "coordinates": [ [ [ [ 105.795014323955769, 56.80618339150945 ], [ 105.794497883956566, 56.806384282987871 ], [ 105.796658777637575, 56.80665213661765 ], [ 105.7966044155324, 56.806890227126154 ], [ 105.797667071443371, 56.807075732065265 ], [ 105.799780381995021, 56.80753403904756 ], [ 105.801332184912155, 56.807807902740237 ], [ 105.80331277547748, 56.80824384489879 ], [ 105.803680307747314, 56.808288556628362 ], [ 105.804537883043636, 56.808355624122711 ], [ 105.804925833772913, 56.807880560118775 ], [ 105.801740554100917, 56.807198693025185 ], [ 105.800556283453602, 56.806941592376205 ], [ 105.80040314500782, 56.806723614357658 ], [ 105.799811009684177, 56.806583884191873 ], [ 105.799361803576588, 56.8066285979016 ], [ 105.797166819187183, 56.806153512008464 ], [ 105.796794682900526, 56.806384282987871 ], [ 105.795014323955769, 56.80618339150945 ] ] ] ] } },
{ "type": "Feature", "properties": { "id": null }, "geometry": { "type": "MultiPolygon", "coordinates": [ [ [ [ 105.798620909871488, 56.807852804194873 ], [ 105.799127156975956, 56.808048106670491 ], [ 105.799344605396669, 56.80769098137273 ], [ 105.798797586713363, 56.80757751897734 ], [ 105.798620909871488, 56.807852804194873 ] ] ] ] } },
{ "type": "Feature", "properties": { "id": null }, "geometry": { "type": "MultiPolygon", "coordinates": [ [ [ [ 105.797324713426036, 56.807366403606267 ], [ 105.796441329216862, 56.807433365438619 ], [ 105.796522872374624, 56.807522647695698 ], [ 105.797555752373086, 56.807463126214614 ], [ 105.797961769346159, 56.807413834916524 ], [ 105.798797586713363, 56.80757751897734 ], [ 105.798003976024106, 56.807344010003227 ], [ 105.797365485004946, 56.807195278380064 ], [ 105.797324713426036, 56.807366403606267 ] ] ] ] } },
{ "type": "Feature", "properties": { "id": null }, "geometry": { "type": "MultiPolygon", "coordinates": [ [ [ [ 105.806916633567965, 56.803381126004638 ], [ 105.806753285892484, 56.803448202279867 ], [ 105.806883949859071, 56.803539150084546 ], [ 105.807237303542735, 56.804060014360623 ], [ 105.807645019331616, 56.804283239692118 ], [ 105.807509114068651, 56.804521345247267 ], [ 105.8073732088057, 56.804461819000259 ], [ 105.807188358944714, 56.804620551656278 ], [ 105.807726562489364, 56.804729686367395 ], [ 105.808460450909365, 56.804967789086874 ], [ 105.808202996512478, 56.805359825672447 ], [ 105.808509273404013, 56.805393362054858 ], [ 105.809126386697869, 56.804714804897223 ], [ 105.808175049857155, 56.804528786021507 ], [ 105.808433269856792, 56.804134422952153 ], [ 105.807917138080356, 56.803895374380964 ], [ 105.807171864310959, 56.803543226797657 ], [ 105.806916633567965, 56.803381126004638 ] ] ] ] } },
{ "type": "Feature", "properties": { "id": null }, "geometry": { "type": "MultiPolygon", "coordinates": [ [ [ [ 105.811684343846238, 56.806153512008443 ], [ 105.812868614493553, 56.806343547088261 ], [ 105.813481168276638, 56.806298833038497 ], [ 105.813705771330419, 56.806298833038497 ], [ 105.813624097492692, 56.806075261989648 ], [ 105.813399494438869, 56.805899198850149 ], [ 105.812746103736927, 56.805672830741401 ], [ 105.812205014561869, 56.805653268001151 ], [ 105.811970202278346, 56.805742697587483 ], [ 105.811898737670319, 56.805899198850149 ], [ 105.811817063832578, 56.806078056635982 ], [ 105.811684343846238, 56.806153512008443 ] ] ] ] } },
{ "type": "Feature", "properties": { "id": null }, "geometry": { "type": "MultiPolygon", "coordinates": [ [ [ [ 105.813909955924785, 56.806279270624962 ], [ 105.815114645031514, 56.806209404778969 ], [ 105.815829291111768, 56.806142333444328 ], [ 105.816401848445977, 56.806176261083209 ], [ 105.815894468797595, 56.805620703629131 ], [ 105.813963015668591, 56.805239153282599 ], [ 105.813909955924785, 56.806279270624962 ] ] ] ] } },
{ "type": "Feature", "properties": { "id": null }, "geometry": { "type": "MultiPolygon", "coordinates": [ [ [ [ 105.805257011879192, 56.803118760989577 ], [ 105.805108914368546, 56.803277407184979 ], [ 105.804754768147347, 56.803566494081394 ], [ 105.803730963617056, 56.80331618726396 ], [ 105.80373094775851, 56.803248951134364 ], [ 105.803622223548146, 56.803256392161146 ], [ 105.803377594074803, 56.803442417350745 ], [ 105.802997059338509, 56.803323361335735 ], [ 105.803228098285544, 56.803092689230695 ], [ 105.802822608364963, 56.803042066025675 ], [ 105.802579779835767, 56.803300150729427 ], [ 105.802416064339468, 56.803550311537784 ], [ 105.803619052368958, 56.803786376672953 ], [ 105.804328930915474, 56.804030250882668 ], [ 105.805171543545811, 56.804223713067032 ], [ 105.805823888807964, 56.803940960306996 ], [ 105.805823888807964, 56.803628441617271 ], [ 105.805824245988035, 56.80347335585212 ], [ 105.805257011879192, 56.803118760989577 ] ] ] ] } },
{ "type": "Feature", "properties": { "id": null }, "geometry": { "type": "MultiPolygon", "coordinates": [ [ [ [ 105.799759963535493, 56.80331125475697 ], [ 105.800719631128999, 56.803568380306146 ], [ 105.801413858749839, 56.803713711358206 ], [ 105.801528492235377, 56.803616133729321 ], [ 105.801423955919887, 56.803587516357858 ], [ 105.801668585393216, 56.803386609890801 ], [ 105.802416064339468, 56.803550311537784 ], [ 105.802470426444643, 56.803416373879784 ], [ 105.802103482234671, 56.80333452285322 ], [ 105.802185025392419, 56.803222907528969 ], [ 105.801981167498013, 56.803208025460648 ], [ 105.801953986445426, 56.803297317782054 ], [ 105.801736538024684, 56.803289876763401 ], [ 105.80150306193481, 56.803256254397731 ], [ 105.801168232780242, 56.803517137939828 ], [ 105.799759963535493, 56.80331125475697 ] ] ] ] } },
{ "type": "Feature", "properties": { "id": null }, "geometry": { "type": "MultiPolygon", "coordinates": [ [ [ [ 105.819619405546561, 56.80135175115575 ], [ 105.820772335194007, 56.801321985527579 ], [ 105.820799516246595, 56.80092014723423 ], [ 105.820337438352539, 56.800900303256299 ], [ 105.820337438352539, 56.80048357729347 ], [ 105.820131881642411, 56.800476445782067 ], [ 105.819706045151804, 56.800364201815235 ], [ 105.819330040590927, 56.800361721281782 ], [ 105.818666369890167, 56.800586208894266 ], [ 105.818002699189435, 56.800810695162639 ], [ 105.817630168848382, 56.801016050473507 ], [ 105.817189652324259, 56.801291711301467 ], [ 105.817069034704602, 56.801455383959102 ], [ 105.817131965636605, 56.801995211519426 ], [ 105.817247339011956, 56.802265122384732 ], [ 105.818018242929099, 56.802624043397621 ], [ 105.818018242929099, 56.802744640086701 ], [ 105.818116158568515, 56.802987050463877 ], [ 105.818912478486524, 56.803188281044811 ], [ 105.820133580458091, 56.803440247063428 ], [ 105.819743985370948, 56.803127724199491 ], [ 105.820237774493009, 56.802840002434074 ], [ 105.820731563615084, 56.802552278460439 ], [ 105.820790455895761, 56.80232780261997 ], [ 105.818525368179778, 56.802536155931065 ], [ 105.818054229934859, 56.802446861796682 ], [ 105.817474367479562, 56.802139291483613 ], [ 105.817574031339063, 56.8013058624691 ], [ 105.818239610104058, 56.80099790398959 ], [ 105.819114290985951, 56.800710544686879 ], [ 105.81960354993258, 56.800730388765245 ], [ 105.819619405546561, 56.80135175115575 ] ] ] ] } },
{ "type": "Feature", "properties": { "id": null }, "geometry": { "type": "MultiPolygon", "coordinates": [ [ [ [ 105.815982429557423, 56.796326267699101 ], [ 105.816453379191614, 56.796308310400768 ], [ 105.816740181572683, 56.796002799270987 ], [ 105.816508204887896, 56.79599361680863 ], [ 105.816487786428468, 56.795400987742774 ], [ 105.816053894165449, 56.79537862419842 ], [ 105.815870128030525, 56.79552398699834 ], [ 105.815890546489968, 56.795979639815855 ], [ 105.815982429557423, 56.796326267699101 ] ] ] ] } },
{ "type": "Feature", "properties": { "id": null }, "geometry": { "type": "MultiPolygon", "coordinates": [ [ [ [ 105.816978879541793, 56.799922664276053 ], [ 105.817141965857289, 56.799694451824273 ], [ 105.818519139188595, 56.799823441641607 ], [ 105.818790949714568, 56.799119573540359 ], [ 105.817425101821826, 56.799068410806406 ], [ 105.816059253929069, 56.799017248002635 ], [ 105.816023266476293, 56.798674307699635 ], [ 105.815584269598418, 56.79869666927852 ], [ 105.815512804990391, 56.798953826477302 ], [ 105.815288201936596, 56.798965007185068 ], [ 105.815165691179985, 56.799322788073177 ], [ 105.815070977613161, 56.799476906933855 ], [ 105.81616178043474, 56.79958028422557 ], [ 105.816978879541793, 56.799922664276053 ] ] ] ] } },
{ "type": "Feature", "properties": { "id": null }, "geometry": { "type": "MultiPolygon", "coordinates": [ [ [ [ 105.810267249802834, 56.800240743528342 ], [ 105.81145244902244, 56.800321146475177 ], [ 105.812920837436025, 56.800889705249979 ], [ 105.813277446050776, 56.800789203063609 ], [ 105.813345621227114, 56.800458979697183 ], [ 105.813093217547205, 56.800301077758625 ], [ 105.812598766166161, 56.800121728893302 ], [ 105.812164177642856, 56.800211635190443 ], [ 105.811030953144126, 56.800161323652077 ], [ 105.810267249802834, 56.800240743528342 ] ] ] ] } },
{ "type": "Feature", "properties": { "id": null }, "geometry": { "type": "MultiPolygon", "coordinates": [ [ [ [ 105.845139989632131, 56.797019513853243 ], [ 105.845323755767055, 56.797142507800004 ], [ 105.844384506632991, 56.796851794184782 ], [ 105.844384506632991, 56.796851794184782 ], [ 105.844425343551876, 56.796762343388188 ], [ 105.843016469850753, 56.796281541700665 ], [ 105.841505503852474, 56.795744825558394 ], [ 105.840750020853363, 56.795610645322519 ], [ 105.839729097881531, 56.795420555833154 ], [ 105.839341147152254, 56.795308738036361 ], [ 105.837973110370044, 56.794928555033238 ], [ 105.837850599613432, 56.794637824253691 ], [ 105.838013947288928, 56.794403001594027 ], [ 105.838524408774816, 56.79452600412295 ], [ 105.840729602393921, 56.794895009289107 ], [ 105.842648937580904, 56.795498828092533 ], [ 105.844507017389574, 56.795990821410506 ], [ 105.84661011871151, 56.796684073766137 ], [ 105.847794389358796, 56.797187232771542 ], [ 105.847549367845573, 56.797500306078547 ], [ 105.848651964655105, 56.797858100942967 ], [ 105.850162930653397, 56.798260616084541 ], [ 105.850857158274223, 56.798428329451589 ], [ 105.85110217978746, 56.798238254245582 ], [ 105.848978660006082, 56.797343769751777 ], [ 105.849060333843838, 56.797209595237298 ], [ 105.847528949386131, 56.796650529592398 ], [ 105.845854635712385, 56.796057910908296 ], [ 105.841158390042082, 56.794604278249501 ], [ 105.838463153396503, 56.794112266740044 ], [ 105.834359043049858, 56.793407784477004 ], [ 105.833766907726215, 56.794313544955941 ], [ 105.834093603077179, 56.794425365720201 ], [ 105.835032852211242, 56.794559550197206 ], [ 105.835522895237688, 56.794559550197206 ], [ 105.836257959777427, 56.794649006248441 ], [ 105.836829676641628, 56.79488382736772 ], [ 105.837911854991731, 56.795275192632296 ], [ 105.838789848747481, 56.795521191565207 ], [ 105.839729097881531, 56.795688917185124 ], [ 105.840831694691119, 56.795856642054879 ], [ 105.841607596149686, 56.796136181837326 ], [ 105.842730611418659, 56.796415719535958 ], [ 105.84383320822819, 56.796851794184782 ], [ 105.844976641956649, 56.797243138910922 ], [ 105.845527940361407, 56.797466762634961 ], [ 105.845854635712385, 56.797444400322568 ], [ 105.845772961874644, 56.7972543201288 ], [ 105.845650451118019, 56.797131326548786 ], [ 105.845139989632131, 56.797019513853243 ] ] ] ] } },
{ "type": "Feature", "properties": { "id": null }, "geometry": { "type": "MultiPolygon", "coordinates": [ [ [ [ 105.836035062495526, 56.816342252359945 ], [ 105.837217627370805, 56.815620558660385 ], [ 105.837871018072761, 56.814972360189294 ], [ 105.837748507316135, 56.81491648048577 ], [ 105.836890932019827, 56.81467060880032 ], [ 105.836686747425475, 56.814793544844704 ], [ 105.836319215155584, 56.814704136852441 ], [ 105.834585406357306, 56.815776927531317 ], [ 105.836035062495526, 56.816342252359945 ] ] ] ] } },
{ "type": "Feature", "properties": { "id": null }, "geometry": { "type": "MultiPolygon", "coordinates": [ [ [ [ 105.837428091440955, 56.803195623733664 ], [ 105.837812590075231, 56.803282435743078 ], [ 105.838356211127035, 56.803416373879585 ], [ 105.839701673230337, 56.802601576150096 ], [ 105.839116544098346, 56.802475584542385 ], [ 105.838851104125709, 56.802207271760366 ], [ 105.838350516170664, 56.801863058991721 ], [ 105.837989833194499, 56.80196535191331 ], [ 105.837609298458204, 56.802600335958729 ], [ 105.837428091440955, 56.803195623733664 ] ] ] ] } },
{ "type": "Feature", "properties": { "id": null }, "geometry": { "type": "MultiPolygon", "coordinates": [ [ [ [ 105.850510044463718, 56.800608534959373 ], [ 105.848712758441692, 56.800263740079252 ], [ 105.84867198686274, 56.800434896949483 ], [ 105.850426943460775, 56.800808593410359 ], [ 105.850510044463718, 56.800608534959373 ] ] ] ] } },
{ "type": "Feature", "properties": { "id": null }, "geometry": { "type": "MultiPolygon", "coordinates": [ [ [ [ 105.845732124955617, 56.808400335718915 ], [ 105.845221663469729, 56.808825093222971 ], [ 105.84327170059359, 56.809288967629676 ], [ 105.845160408091417, 56.809311322877768 ], [ 105.845099152713061, 56.810484954676561 ], [ 105.845099152713061, 56.811367948659679 ], [ 105.8446703650649, 56.812474456052954 ], [ 105.844568272767717, 56.812731518750454 ], [ 105.845405429604597, 56.81286563771873 ], [ 105.845548430902454, 56.813991635234785 ], [ 105.847414863180376, 56.813158469721031 ], [ 105.849299416160051, 56.8144875582936 ], [ 105.850162930653212, 56.814217977160801 ], [ 105.849643709492895, 56.813723834054073 ], [ 105.848375260371967, 56.812920419029012 ], [ 105.848012846337411, 56.813168388467041 ], [ 105.84614641405949, 56.81183925310652 ], [ 105.847016207742385, 56.811313537304834 ], [ 105.848182340087916, 56.810429068281415 ], [ 105.848733638492689, 56.810093748160448 ], [ 105.847467694007662, 56.809657827518031 ], [ 105.845732124955617, 56.808400335718915 ] ] ] ] } },
{ "type": "Feature", "properties": { "id": null }, "geometry": { "type": "MultiPolygon", "coordinates": [ [ [ [ 105.855104197836681, 56.803420253846404 ], [ 105.852653982704368, 56.803856247035043 ], [ 105.851775988948575, 56.804247518656332 ], [ 105.852000592002383, 56.804336951596341 ], [ 105.8518780812458, 56.80456053301301 ], [ 105.851143016706061, 56.804940618360902 ], [ 105.849591213788941, 56.805846100280668 ], [ 105.848488616979395, 56.806505635071453 ], [ 105.852041428921254, 56.807265762469626 ], [ 105.852694819623196, 56.806561527316966 ], [ 105.851837244326887, 56.806159101289218 ], [ 105.853021514974174, 56.805488381642022 ], [ 105.854654991729092, 56.804370488893859 ], [ 105.854307877918671, 56.803878605523416 ], [ 105.85520629013385, 56.803755633672317 ], [ 105.855104197836681, 56.803420253846404 ] ] ] ] } },
{ "type": "Feature", "properties": { "id": null }, "geometry": { "type": "MultiPolygon", "coordinates": [ [ [ [ 105.85968814198003, 56.810775562587921 ], [ 105.859565631223418, 56.810881745685776 ], [ 105.85919809895357, 56.810892922836473 ], [ 105.858605963629927, 56.810954397105704 ], [ 105.857962782157699, 56.811105288066287 ], [ 105.857892592676933, 56.811243482636321 ], [ 105.858123631623968, 56.811340195239822 ], [ 105.858286717939521, 56.811198845965905 ], [ 105.858939063201731, 56.811169088156113 ], [ 105.858993425306906, 56.811674967709365 ], [ 105.859441912674654, 56.811674967709365 ], [ 105.859564227411326, 56.811258361514639 ], [ 105.860080667410529, 56.811314157255737 ], [ 105.860080667410529, 56.811392271153707 ], [ 105.860393249515354, 56.811422028786303 ], [ 105.860597107409731, 56.811336475528918 ], [ 105.86106598056692, 56.811340195239822 ], [ 105.861086366356346, 56.811113292199032 ], [ 105.860800948019318, 56.81089292283648 ], [ 105.860392578830599, 56.810719676626142 ], [ 105.85968814198003, 56.810775562587921 ] ] ] ] } },
{ "type": "Feature", "properties": { "id": null }, "geometry": { "type": "MultiPolygon", "coordinates": [ [ [ [ 105.854297898471671, 56.80663818595476 ], [ 105.854651252155321, 56.806772112101733 ], [ 105.854841519523504, 56.806623305242205 ], [ 105.854425284060326, 56.806474894300884 ], [ 105.854297898471671, 56.80663818595476 ] ] ] ] } },
{ "type": "Feature", "properties": { "id": null }, "geometry": { "type": "MultiPolygon", "coordinates": [ [ [ [ 105.869446618121884, 56.804670490256079 ], [ 105.869475593721774, 56.805008920652369 ], [ 105.870702227451503, 56.804982480887681 ], [ 105.870750520118023, 56.805167558848858 ], [ 105.871069251717117, 56.805204574331448 ], [ 105.87074086158475, 56.80533148427994 ], [ 105.870808471317886, 56.805500696876258 ], [ 105.870827788384489, 56.806246280780989 ], [ 105.870990074104711, 56.806356198424844 ], [ 105.872425068329733, 56.806242314948364 ], [ 105.872743799928784, 56.806612457516657 ], [ 105.872357458596596, 56.806665334728045 ], [ 105.872396092729815, 56.806845116688812 ], [ 105.873082701957586, 56.806828914387019 ], [ 105.873516482593175, 56.806818678219251 ], [ 105.873279848527218, 56.806589984679178 ], [ 105.873096336394426, 56.806592628543115 ], [ 105.873014238861344, 56.806452503498072 ], [ 105.872981641311455, 56.805978586138551 ], [ 105.872627897529128, 56.805969993439398 ], [ 105.872606165829197, 56.806149778735183 ], [ 105.871881775831341, 56.806200012707826 ], [ 105.871894588395833, 56.805971538782941 ], [ 105.871898678264628, 56.805898607862197 ], [ 105.872349853515146, 56.805932739875935 ], [ 105.872338141529994, 56.805868863831527 ], [ 105.872811409661935, 56.805853000338878 ], [ 105.872840385261824, 56.805612403210667 ], [ 105.872985263261413, 56.805609759277601 ], [ 105.873023897394617, 56.805382380336447 ], [ 105.872893780620316, 56.805066381046565 ], [ 105.872689596025964, 56.804524201123499 ], [ 105.872771269863691, 56.804172059447176 ], [ 105.87303670983637, 56.804172059447176 ], [ 105.873424660565661, 56.804172059447176 ], [ 105.873445079025089, 56.803942886103179 ], [ 105.872730432944834, 56.803965244539867 ], [ 105.871821811499927, 56.803976423753227 ], [ 105.870382310109648, 56.804009961373275 ], [ 105.870372100879948, 56.804339746372264 ], [ 105.872005577634852, 56.804261492567242 ], [ 105.871750346891901, 56.804518611598908 ], [ 105.869446618121884, 56.804670490256079 ] ] ] ] } },
{ "type": "Feature", "properties": { "id": null }, "geometry": { "type": "MultiPolygon", "coordinates": [ [ [ [ 105.876867993649952, 56.805675196566121 ], [ 105.876998383849582, 56.805683128350921 ], [ 105.87811877371297, 56.805439886187322 ], [ 105.878253993179214, 56.805334128232566 ], [ 105.878331261445666, 56.805064444097454 ], [ 105.87814996272914, 56.805064774594058 ], [ 105.877374060553691, 56.805071825184299 ], [ 105.877080481382748, 56.805229030969457 ], [ 105.876858335116751, 56.805229030969457 ], [ 105.876867993649952, 56.805675196566121 ] ] ] ] } },
{ "type": "Feature", "properties": { "id": null }, "geometry": { "type": "MultiPolygon", "coordinates": [ [ [ [ 105.870457034237219, 56.811998578254034 ], [ 105.870472519278408, 56.812109893698647 ], [ 105.871915906137602, 56.81224936864951 ], [ 105.871802496340507, 56.811663808675242 ], [ 105.870905521604968, 56.811656369317291 ], [ 105.870457034237219, 56.811998578254034 ] ] ] ] } },
{ "type": "Feature", "properties": { "id": null }, "geometry": { "type": "MultiPolygon", "coordinates": [ [ [ [ 105.890993598608276, 56.81080076256405 ], [ 105.89124954974092, 56.810901217975882 ], [ 105.891722817872818, 56.81067651470854 ], [ 105.891806378672939, 56.810638641833478 ], [ 105.891392904869349, 56.810398330728511 ], [ 105.891070866874728, 56.810330204681883 ], [ 105.891428232607012, 56.810562840777763 ], [ 105.890993598608276, 56.81080076256405 ] ] ] ] } },
{ "type": "Feature", "properties": { "id": null }, "geometry": { "type": "MultiPolygon", "coordinates": [ [ [ [ 105.906141792391836, 56.810550368342255 ], [ 105.906456611954056, 56.810552517158953 ], [ 105.907160430192292, 56.810557321105144 ], [ 105.907958392739914, 56.810562767637236 ], [ 105.908021815195994, 56.810239144694336 ], [ 105.907301517302329, 56.810214345886116 ], [ 105.907290191863723, 56.810307341332312 ], [ 105.906372831338786, 56.810234184933996 ], [ 105.906141792391836, 56.810550368342255 ] ] ] ] } },
{ "type": "Feature", "properties": { "id": null }, "geometry": { "type": "MultiPolygon", "coordinates": [ [ [ [ 105.817983438581763, 56.808461814076573 ], [ 105.822005875090682, 56.80850093661536 ], [ 105.822694262120848, 56.808420728571754 ], [ 105.822748624226037, 56.808212407965947 ], [ 105.821016135439521, 56.808242313699154 ], [ 105.820737226334288, 56.8082471281473 ], [ 105.819831191247914, 56.808187607816684 ], [ 105.819822130897066, 56.808073526918804 ], [ 105.819332871950394, 56.807999126146179 ], [ 105.818023009845973, 56.808010630090223 ], [ 105.817983438581763, 56.808461814076573 ] ] ] ] } },
{ "type": "Feature", "properties": { "id": null }, "geometry": { "type": "MultiPolygon", "coordinates": [ [ [ [ 105.849770554404998, 56.802804347104512 ], [ 105.850540684228434, 56.80280930784803 ], [ 105.850604106684429, 56.802658004875383 ], [ 105.849754561464366, 56.802615330022434 ], [ 105.849770554404998, 56.802804347104512 ] ] ] ] } },
{ "type": "Feature", "properties": { "id": null }, "geometry": { "type": "MultiPolygon", "coordinates": [ [ [ [ 105.856180186363716, 56.812761097797974 ], [ 105.856291853421041, 56.81284124085542 ], [ 105.856519949521115, 56.81277597607378 ], [ 105.856778169520723, 56.812664388861236 ], [ 105.856954846362555, 56.812627193049906 ], [ 105.857117932678094, 56.812701584635676 ], [ 105.857498467414388, 56.812642071378868 ], [ 105.85737615267773, 56.81251560539436 ], [ 105.856737397941842, 56.812560240496424 ], [ 105.856683035836639, 56.812329625230063 ], [ 105.857457695835464, 56.812218036688463 ], [ 105.857498467414388, 56.812061812172018 ], [ 105.856547130573674, 56.812158522663751 ], [ 105.856513071537591, 56.812220185780447 ], [ 105.856139414784806, 56.81227011138256 ], [ 105.856547130573674, 56.812649510541142 ], [ 105.856180186363716, 56.812761097797974 ] ] ] ] } },
{ "type": "Feature", "properties": { "id": null }, "geometry": { "type": "MultiPolygon", "coordinates": [ [ [ [ 105.862445418985942, 56.813620308546376 ], [ 105.863016350867994, 56.813745781537122 ], [ 105.863593818457886, 56.813731892912521 ], [ 105.863614204247369, 56.813412016840616 ], [ 105.863620999510474, 56.813270675380906 ], [ 105.863505480036991, 56.812400297801226 ], [ 105.863593818457943, 56.812177120806631 ], [ 105.863593818457943, 56.811701005442771 ], [ 105.863593818457943, 56.811370742911379 ], [ 105.863328803195159, 56.811455506094745 ], [ 105.863063787932433, 56.812050653253088 ], [ 105.862846339511677, 56.812043213971933 ], [ 105.86277838688018, 56.81234078406596 ], [ 105.86141365826191, 56.81224721983105 ], [ 105.861004823198655, 56.812366821336759 ], [ 105.860702009723752, 56.812530060014232 ], [ 105.860434021094235, 56.812723902082602 ], [ 105.860189391620906, 56.813110735717757 ], [ 105.860501973725647, 56.813162809171402 ], [ 105.860766988988416, 56.812947075820972 ], [ 105.861398948461186, 56.812537922952039 ], [ 105.861949364776123, 56.812612314715011 ], [ 105.862003726881326, 56.81247097023909 ], [ 105.862744410564446, 56.812589997201641 ], [ 105.862520166880557, 56.812995429955784 ], [ 105.862547347933159, 56.813129333388083 ], [ 105.862696843722389, 56.813274394899828 ], [ 105.862445418985942, 56.813620308546376 ] ] ] ] } },
{ "type": "Feature", "properties": { "id": null }, "geometry": { "type": "MultiPolygon", "coordinates": [ [ [ [ 105.906757896250497, 56.809164101295934 ], [ 105.908887078703458, 56.809278178874472 ], [ 105.908674160458162, 56.810086631763966 ], [ 105.909186070281947, 56.810156068622227 ], [ 105.909888247473916, 56.810168468047664 ], [ 105.909933549228199, 56.810250304152675 ], [ 105.910884886068885, 56.810304861456743 ], [ 105.91084864466545, 56.809689847248848 ], [ 105.90997885098254, 56.809689847248848 ], [ 105.909960730280801, 56.808935945097197 ], [ 105.912907609399298, 56.809050023370169 ], [ 105.912943850802705, 56.808784666851871 ], [ 105.912518014312127, 56.808764827036676 ], [ 105.909675329228676, 56.808606108137297 ], [ 105.909693449930387, 56.808715227452829 ], [ 105.906902861864381, 56.808556508343372 ], [ 105.906757896250497, 56.809164101295934 ] ] ] ] } },
{ "type": "Feature", "properties": { "id": null }, "geometry": { "type": "MultiPolygon", "coordinates": [ [ [ [ 105.913967670450347, 56.806634465778401 ], [ 105.912610882908538, 56.806532780781609 ], [ 105.912284710277447, 56.808725147374858 ], [ 105.912518014312127, 56.808764827036676 ], [ 105.912717342031115, 56.808194427859398 ], [ 105.913695859924417, 56.808075386936267 ], [ 105.913967670450347, 56.806634465778401 ] ] ] ] } },
{ "type": "Feature", "properties": { "id": null }, "geometry": { "type": "MultiPolygon", "coordinates": [ [ [ [ 105.928925680167126, 56.798667702399804 ], [ 105.929571672150303, 56.798831080807958 ], [ 105.92986990729888, 56.798671981121451 ], [ 105.927801693675363, 56.798138477190818 ], [ 105.92268094253555, 56.802031234019047 ], [ 105.923877445922798, 56.802481925454622 ], [ 105.924616752179915, 56.801929343366147 ], [ 105.925971502800877, 56.800916736551088 ], [ 105.927403038237344, 56.799845146615148 ], [ 105.927439279640794, 56.799021589091552 ], [ 105.928127866306426, 56.798465925602777 ], [ 105.928925680167126, 56.798667702399804 ] ] ] ] } },
{ "type": "Feature", "properties": { "id": null }, "geometry": { "type": "MultiPolygon", "coordinates": [ [ [ [ 105.616356256264993, 56.799401052187299 ], [ 105.61635242780379, 56.799876223659219 ], [ 105.616423892411845, 56.799976847433591 ], [ 105.616638286235926, 56.800122192408708 ], [ 105.616964981586889, 56.800116602227781 ], [ 105.618659713720078, 56.799892994307044 ], [ 105.620946581176938, 56.799434593900401 ], [ 105.6221537570013, 56.799175305934135 ], [ 105.623245545418868, 56.798877637288776 ], [ 105.625231609614389, 56.798336144409028 ], [ 105.625508487569078, 56.798498336756232 ], [ 105.626719023743235, 56.797814303401687 ], [ 105.627330730852506, 56.797228986603507 ], [ 105.628306779439981, 56.796283239589492 ], [ 105.629140096091575, 56.795458876596058 ], [ 105.628869657159058, 56.795338985645948 ], [ 105.629668095912209, 56.794358686438734 ], [ 105.630080193333242, 56.793632261143642 ], [ 105.630028681155636, 56.793491206056885 ], [ 105.630170744531981, 56.793085114410971 ], [ 105.630556680976269, 56.791981883419197 ], [ 105.631418804835974, 56.790454775187364 ], [ 105.63201565267822, 56.789379567179516 ], [ 105.632493219988007, 56.788414526944912 ], [ 105.632911798406454, 56.787307309256427 ], [ 105.633279330676302, 56.785881298932146 ], [ 105.633279330676316, 56.785579313319971 ], [ 105.633463096811226, 56.784332198839671 ], [ 105.633595816797552, 56.783135377351414 ], [ 105.63374895524332, 56.78210630404952 ], [ 105.633894670821761, 56.780876410120605 ], [ 105.634137133049393, 56.779925040123985 ], [ 105.634565136785682, 56.778245585999855 ], [ 105.636051034327352, 56.776329435737516 ], [ 105.637373845553455, 56.775584791361098 ], [ 105.637609414675907, 56.775634434779207 ], [ 105.637772500991446, 56.775842936418179 ], [ 105.638660415376108, 56.775664220798554 ], [ 105.639022829410649, 56.775366359541216 ], [ 105.637935587306984, 56.774979136372323 ], [ 105.638261759938104, 56.774552193375513 ], [ 105.639272148520817, 56.77362656051897 ], [ 105.63900470870891, 56.7732117593821 ], [ 105.639657053971121, 56.77258124239259 ], [ 105.64006653159295, 56.772298146541154 ], [ 105.640767254374737, 56.771820949363459 ], [ 105.641645697997504, 56.7712589191406 ], [ 105.642302676423341, 56.770838577352507 ], [ 105.642418635589493, 56.770912712356058 ], [ 105.643050109363159, 56.770583836959467 ], [ 105.644548352122939, 56.769806432802284 ], [ 105.646022233587473, 56.769066040167857 ], [ 105.646266863060816, 56.768984114156623 ], [ 105.646245761013489, 56.768891684579373 ], [ 105.646071907413997, 56.768965787134363 ], [ 105.645898053814506, 56.768849340196532 ], [ 105.646921858344811, 56.768293565744351 ], [ 105.647163837796313, 56.76836593939818 ], [ 105.648504854896629, 56.767780701032642 ], [ 105.649691675687322, 56.767353004534492 ], [ 105.650467918326754, 56.766964924808661 ], [ 105.652262916763846, 56.766067506407737 ], [ 105.651804719391833, 56.765710651324383 ], [ 105.651895639293784, 56.765670630425817 ], [ 105.654359738335415, 56.764558602569387 ], [ 105.654921480088959, 56.764439423094267 ], [ 105.655096420497088, 56.764695850203758 ], [ 105.655372103786206, 56.764634317419713 ], [ 105.655392901468332, 56.76456170619619 ], [ 105.655918118683957, 56.764399696518467 ], [ 105.656362075876288, 56.764255687328905 ], [ 105.656673560293257, 56.764673210424952 ], [ 105.656702626555301, 56.764666223315075 ], [ 105.656974662733973, 56.764600829680937 ], [ 105.656589554430084, 56.764160098287938 ], [ 105.657184049980955, 56.763995298771668 ], [ 105.657832400938261, 56.763798206195389 ], [ 105.658710702607152, 56.763517609804865 ], [ 105.660106831086409, 56.76307157580915 ], [ 105.661644543564279, 56.762580302540172 ], [ 105.663438493035329, 56.762379172267046 ], [ 105.664467975402104, 56.762189218773521 ], [ 105.665403771397138, 56.762172121299422 ], [ 105.666098838557588, 56.762159422059902 ], [ 105.666225036093294, 56.762171837339601 ], [ 105.667993296726266, 56.762348406221101 ], [ 105.67007203631033, 56.76257072442111 ], [ 105.672187394338025, 56.762807495245418 ], [ 105.673825538072478, 56.763271230982525 ], [ 105.675157196333828, 56.763652014752978 ], [ 105.67666176085821, 56.764089488444583 ], [ 105.678122749731614, 56.764514287013228 ], [ 105.679784498537273, 56.764997452895685 ], [ 105.679509290379727, 56.76519111647211 ], [ 105.679179720117034, 56.765276775043027 ], [ 105.679356136701315, 56.76541068094393 ], [ 105.679529693606497, 56.765497408845221 ], [ 105.679696160116066, 56.765531887455104 ], [ 105.680134454589151, 56.765122217044961 ], [ 105.680706955509351, 56.765267464338237 ], [ 105.680773209325025, 56.765312155700045 ], [ 105.680593134851605, 56.765457402258498 ], [ 105.682135659586166, 56.765928518638404 ], [ 105.682203612217648, 56.765876379567146 ], [ 105.682321917934416, 56.765735210127374 ], [ 105.681352041111197, 56.765494611174105 ], [ 105.68114785651683, 56.765242819920665 ], [ 105.681617481083848, 56.765388299517511 ], [ 105.681760410299916, 56.76527639218537 ], [ 105.682475056380198, 56.76561770850563 ], [ 105.683332631676521, 56.765986998078461 ], [ 105.684200416202529, 56.766423426526693 ], [ 105.685323431471517, 56.766899015853568 ], [ 105.684567948472377, 56.767290673128215 ], [ 105.685364268390387, 56.767783036476146 ], [ 105.686112564544416, 56.768233797445973 ], [ 105.687427169299269, 56.76903375688245 ], [ 105.688909998176939, 56.769936063110258 ], [ 105.689765684196075, 56.770456740985644 ], [ 105.690853545894484, 56.771138410388097 ], [ 105.692706123280388, 56.77231282054467 ], [ 105.693518839806529, 56.772848977096913 ], [ 105.694125901409791, 56.773089504454603 ], [ 105.694511738217741, 56.773293708285181 ], [ 105.695257011987167, 56.773662922348862 ], [ 105.696267725729228, 56.774155202117122 ], [ 105.696686304147676, 56.774289459115082 ], [ 105.697666390200638, 56.774641881449647 ], [ 105.698451935811107, 56.774942833994885 ], [ 105.699063509494422, 56.77509921321456 ], [ 105.699009147389205, 56.775196019071615 ], [ 105.700245885282129, 56.775601856292994 ], [ 105.700415766860814, 56.775519944546765 ], [ 105.701937905805906, 56.776033751634593 ], [ 105.702423891249239, 56.776152225399699 ], [ 105.70334272192386, 56.776426318340754 ], [ 105.70449636488199, 56.776868219070877 ], [ 105.704782223314083, 56.777036028111496 ], [ 105.704647289956512, 56.777063917750873 ], [ 105.704454119290418, 56.777164463573293 ], [ 105.705068081746205, 56.777175868405443 ], [ 105.705251847881158, 56.777226210783695 ], [ 105.706027749339725, 56.777354863221284 ], [ 105.706762813879422, 56.777550637823516 ], [ 105.706875115406319, 56.777461140989232 ], [ 105.707836194218018, 56.77771288370743 ], [ 105.709605227727153, 56.778051989769175 ], [ 105.711326694391289, 56.778419325356623 ], [ 105.712752567105355, 56.778822335516594 ], [ 105.713595179735648, 56.778695755424351 ], [ 105.715525034469621, 56.779030819443669 ], [ 105.716354056573664, 56.779477566815309 ], [ 105.718514950254686, 56.779834960882994 ], [ 105.719167027986856, 56.779961378481609 ], [ 105.719095563378829, 56.780022903478503 ], [ 105.718881169554763, 56.780313747552711 ], [ 105.718830123406164, 56.780475948076422 ], [ 105.719105772608543, 56.780582217004842 ], [ 105.719245441046198, 56.780553771803149 ], [ 105.71993402771183, 56.779680152586394 ], [ 105.722036029112218, 56.780275804258729 ], [ 105.722229796902283, 56.780296968148164 ], [ 105.7227402583882, 56.780296968148164 ], [ 105.723108548142349, 56.780369184209746 ], [ 105.723638578667916, 56.780354293070239 ], [ 105.724998137428514, 56.780536191556095 ], [ 105.725864862338994, 56.780665185548997 ], [ 105.726867972620425, 56.780848725906338 ], [ 105.728735674560212, 56.781239775444718 ], [ 105.730167443841623, 56.781539548952608 ], [ 105.731565253129801, 56.781832209851913 ], [ 105.731693752850916, 56.781745562433457 ], [ 105.732592165066094, 56.781700819045469 ], [ 105.733429321903003, 56.781628110926235 ], [ 105.734593174090861, 56.781678447331501 ], [ 105.735554072597452, 56.781746589057654 ], [ 105.736777219964068, 56.781783815513926 ], [ 105.737599446804978, 56.781955056737033 ], [ 105.739369577112498, 56.782340497381583 ], [ 105.740847582589652, 56.782651181488667 ], [ 105.740888354168547, 56.782989932711878 ], [ 105.741200936273287, 56.782997377759358 ], [ 105.741364022588883, 56.782915482155829 ], [ 105.741472746799204, 56.782781470782631 ], [ 105.742865775744534, 56.783049493050335 ], [ 105.743117880905459, 56.783087839260972 ], [ 105.744394034620214, 56.783373066900261 ], [ 105.746292951347769, 56.783809293213089 ], [ 105.74672888284401, 56.783890772730913 ], [ 105.749419807050558, 56.784531026040526 ], [ 105.749311082840165, 56.784746922948848 ], [ 105.749253627966013, 56.784827134884459 ], [ 105.748988187993348, 56.785112349300569 ], [ 105.748926932615035, 56.78528012147359 ], [ 105.748926932615035, 56.78528012147359 ], [ 105.749182163357986, 56.785610071225044 ], [ 105.749243605831722, 56.78581552996684 ], [ 105.750058561786417, 56.785967833808293 ], [ 105.750751678627509, 56.786139055934747 ], [ 105.751213756521537, 56.786198611273782 ], [ 105.751587495994656, 56.786219083399722 ], [ 105.753503760202321, 56.786628523572752 ], [ 105.75365380597448, 56.786650232802252 ], [ 105.753827362879647, 56.786728523366747 ], [ 105.754399079743891, 56.787215039640522 ], [ 105.755307701188798, 56.787623261070685 ], [ 105.756685947200751, 56.788322260052517 ], [ 105.75775791632114, 56.788870266145089 ], [ 105.758697165455203, 56.789362346426188 ], [ 105.759605786900096, 56.78953009959195 ], [ 105.760782619581079, 56.789765245354801 ], [ 105.762321442005103, 56.790050129637912 ], [ 105.76407742951659, 56.790754674972966 ], [ 105.765527140136598, 56.791364151927652 ], [ 105.766537853878674, 56.791794693898687 ], [ 105.767007478445692, 56.792202865489102 ], [ 105.767240246647248, 56.792743859167757 ], [ 105.767891366034931, 56.792889952799342 ], [ 105.768676926743723, 56.793172066965177 ], [ 105.769559785875188, 56.793522403524243 ], [ 105.770070247361119, 56.793874645233423 ], [ 105.77049903500928, 56.794075924724687 ], [ 105.771274936467847, 56.794170972997811 ], [ 105.771642468737681, 56.794221292574292 ], [ 105.772571508642031, 56.794422570205022 ], [ 105.7726736009392, 56.794489662508539 ], [ 105.773092179357633, 56.794746848560038 ], [ 105.773415580040577, 56.794844298718765 ], [ 105.773721366882228, 56.794576360717791 ], [ 105.775501288668465, 56.794898659238783 ], [ 105.776620057922614, 56.795101238450577 ], [ 105.777772786104293, 56.795358946032401 ], [ 105.779741251734706, 56.795856962792598 ], [ 105.781011248606617, 56.796178265236684 ], [ 105.782349398608915, 56.796512360669446 ], [ 105.784110291632402, 56.796945005374823 ], [ 105.786162523362847, 56.797449224591354 ], [ 105.787158458399304, 56.797693916534087 ], [ 105.788888394228167, 56.798118941824903 ], [ 105.789133023701453, 56.798223130320444 ], [ 105.789539358681481, 56.798272677647553 ], [ 105.790981699654992, 56.7986675801967 ], [ 105.79055568582902, 56.79920152334455 ], [ 105.790709524751719, 56.799246394802957 ], [ 105.792326797380895, 56.799670576255345 ], [ 105.794976950008575, 56.800295677017196 ], [ 105.795053533035997, 56.800196206203736 ], [ 105.793745451077214, 56.799895789414308 ], [ 105.793367709577637, 56.799767214265607 ], [ 105.793459592645107, 56.799633048422962 ], [ 105.793684195698901, 56.799308812321179 ], [ 105.793867961833826, 56.799314402622549 ], [ 105.794756164819276, 56.79951006264546 ], [ 105.795797506250523, 56.799767214265607 ], [ 105.796879684600668, 56.799974052332431 ], [ 105.797829142964417, 56.80016970891301 ], [ 105.799186970516914, 56.800449216542674 ], [ 105.800126219650963, 56.800678411244128 ], [ 105.80103484109587, 56.80090201448067 ], [ 105.800942958028401, 56.801008225550859 ], [ 105.801453419514303, 56.801170336604216 ], [ 105.80139216413599, 56.801203876734633 ], [ 105.801504465662887, 56.801226236804908 ], [ 105.80237225018891, 56.801449836774232 ], [ 105.803005222431466, 56.801617535876069 ], [ 105.80367903159285, 56.801729334860553 ], [ 105.804066982322183, 56.80176986191011 ], [ 105.80462848995667, 56.801800606539167 ], [ 105.804722925331546, 56.801690205253912 ], [ 105.804937319155641, 56.801715360005737 ], [ 105.805999079046288, 56.801938957057899 ], [ 105.807009792788406, 56.802324658838636 ], [ 105.807591718882321, 56.802581791154644 ], [ 105.808296155732876, 56.802844511482057 ], [ 105.808867872597062, 56.802933947769183 ], [ 105.809041429502329, 56.802760664769075 ], [ 105.809643774055687, 56.802833331931168 ], [ 105.809919423258066, 56.802889229652301 ], [ 105.810118495117422, 56.802958749937709 ], [ 105.810471848801072, 56.803033160715103 ], [ 105.811236413891677, 56.80327492165658 ], [ 105.811164949283665, 56.803353177521046 ], [ 105.811971478431374, 56.803576764805094 ], [ 105.812083779958272, 56.803476150692291 ], [ 105.812492149147019, 56.803599123460152 ], [ 105.813430053362666, 56.803914297108712 ], [ 105.814825347395711, 56.804330984938673 ], [ 105.816003193007973, 56.804871680099254 ], [ 105.817472910762092, 56.80516350945139 ], [ 105.819418107785623, 56.805546966972813 ], [ 105.821871596515209, 56.806026022045955 ], [ 105.823758853347343, 56.806394513544554 ], [ 105.824467575606278, 56.806427385787615 ], [ 105.825856030847916, 56.806639776320516 ], [ 105.825621218564407, 56.80706455377598 ], [ 105.826611513847084, 56.807142801729583 ], [ 105.828408338277484, 56.807304886256702 ], [ 105.830164325788985, 56.807472559167884 ], [ 105.832032614827369, 56.807634642269051 ], [ 105.833931531554938, 56.80780231370511 ], [ 105.837167857375533, 56.807947628342987 ], [ 105.838195956176534, 56.807992926075244 ], [ 105.838830180737006, 56.808022686406957 ], [ 105.840696613014927, 56.808201247900932 ], [ 105.84183347535668, 56.808338857260175 ], [ 105.842696155267873, 56.808442252791778 ], [ 105.843599672097923, 56.808433869380927 ], [ 105.844457247394232, 56.808266200770035 ], [ 105.845723191879259, 56.807763190437107 ], [ 105.846948299445458, 56.806701257565962 ], [ 105.848112151633302, 56.806354725592193 ], [ 105.84673986704108, 56.805299518220046 ], [ 105.844366621381369, 56.805693248986145 ], [ 105.842192137174067, 56.805812297474773 ], [ 105.84223630638445, 56.805455150874636 ], [ 105.842562479015569, 56.805455150874636 ], [ 105.842627034015521, 56.805336101251747 ], [ 105.841865964542976, 56.805261695045438 ], [ 105.840126377177143, 56.804681321567543 ], [ 105.838903229810541, 56.804413453854799 ], [ 105.837652901391323, 56.80435392743648 ], [ 105.836480152231644, 56.804570330318249 ], [ 105.837522092580954, 56.806361031715547 ], [ 105.835854988022021, 56.806705769117869 ], [ 105.832555887763732, 56.806772112103097 ], [ 105.832537767062021, 56.806754751333244 ], [ 105.83186277092264, 56.806536500969386 ], [ 105.830888783204813, 56.806454656755328 ], [ 105.830449356187927, 56.806375292498302 ], [ 105.829973687767563, 56.80626864651331 ], [ 105.829507079698104, 56.806112397196664 ], [ 105.829502549522672, 56.806040472689162 ], [ 105.829325872680812, 56.806060313946375 ], [ 105.82904047162863, 56.805866861240339 ], [ 105.828745258709276, 56.805761455151298 ], [ 105.827282763561044, 56.805229452311487 ], [ 105.826580586369118, 56.805083119549053 ], [ 105.826038066304491, 56.804948754259399 ], [ 105.824412866715846, 56.804570907657535 ], [ 105.823509127426277, 56.804366328782734 ], [ 105.822861312339626, 56.804150544795313 ], [ 105.822854517076436, 56.803852909671065 ], [ 105.82242131905123, 56.803696960324068 ], [ 105.821954710981728, 56.803375758431805 ], [ 105.821664779754073, 56.803484892974154 ], [ 105.820133580458091, 56.803440247063428 ], [ 105.818912478486524, 56.803188281044811 ], [ 105.818116158568515, 56.802987050463877 ], [ 105.818018242929099, 56.802744640086701 ], [ 105.816259650188826, 56.802396487856086 ], [ 105.814053594212254, 56.802015311331651 ], [ 105.812606182775966, 56.801728170133956 ], [ 105.812438366957252, 56.801814312724183 ], [ 105.810183341893506, 56.801366369093572 ], [ 105.810067968518126, 56.801171109938629 ], [ 105.80967989443738, 56.801090708814542 ], [ 105.809700871414719, 56.800769102593989 ], [ 105.810267249802834, 56.800240743528342 ], [ 105.810132085643502, 56.800073358148644 ], [ 105.809452559328705, 56.799775690653931 ], [ 105.808528403540606, 56.799798015798011 ], [ 105.808093506699151, 56.800281723988817 ], [ 105.807509114068452, 56.800259399132749 ], [ 105.80761528965408, 56.799843350742904 ], [ 105.807743670264287, 56.799340285932729 ], [ 105.807807209806143, 56.799091301073538 ], [ 105.807944010909907, 56.798555229217762 ], [ 105.807047036174396, 56.798488251525669 ], [ 105.807074217226941, 56.798696626174888 ], [ 105.806911130911431, 56.798711510034096 ], [ 105.806911130911431, 56.79892732532862 ], [ 105.806517005648857, 56.79886034830119 ], [ 105.806367509859598, 56.799158023062894 ], [ 105.807006264595472, 56.799158023062894 ], [ 105.806992674069178, 56.799232441384085 ], [ 105.806856768806227, 56.799433370113448 ], [ 105.806734454069556, 56.799515229657452 ], [ 105.806692128792562, 56.799529714695126 ], [ 105.806517005648857, 56.799589647269656 ], [ 105.805198724598185, 56.799314301366771 ], [ 105.805022047756339, 56.799098488299627 ], [ 105.804464836178212, 56.798942209096239 ], [ 105.804220206704883, 56.799009185977454 ], [ 105.804247387757457, 56.799120813846933 ], [ 105.803948396178953, 56.799143139380945 ], [ 105.803702741079462, 56.798713970746732 ], [ 105.803328089321354, 56.79879729621841 ], [ 105.801888587931089, 56.799087994750323 ], [ 105.801470009512684, 56.799177439998999 ], [ 105.801361403446364, 56.799568436070786 ], [ 105.801702671623119, 56.799596642558861 ], [ 105.802005305666668, 56.799737674680998 ], [ 105.801805695978373, 56.800047943482348 ], [ 105.801593208245663, 56.800203076920177 ], [ 105.800949306025373, 56.800139613318663 ], [ 105.800872769574198, 56.799957281720886 ], [ 105.801076954168551, 56.799526833457072 ], [ 105.800791095736415, 56.799426208474962 ], [ 105.799687766185343, 56.799117092923318 ], [ 105.799524679869805, 56.799310580462311 ], [ 105.80004111986905, 56.799429649220848 ], [ 105.79986444302719, 56.799779411512212 ], [ 105.798845153555007, 56.799794294941591 ], [ 105.798627705134308, 56.799414765646716 ], [ 105.798219989345426, 56.799280813213642 ], [ 105.797866635661762, 56.799578484637252 ], [ 105.79483594829783, 56.79874499869571 ], [ 105.794706394824473, 56.798744187589271 ], [ 105.794185724108857, 56.799001344462155 ], [ 105.793736518001268, 56.798783320270665 ], [ 105.793950911825348, 56.798514981063853 ], [ 105.792865321985033, 56.798328248776919 ], [ 105.792511968301326, 56.798566392154839 ], [ 105.791336833553572, 56.798290178161857 ], [ 105.789630776726653, 56.797889167958679 ], [ 105.787864008308219, 56.797442639819529 ], [ 105.786858309362387, 56.797169138708384 ], [ 105.785676008513249, 56.796888176016431 ], [ 105.784069599368621, 56.796506424598114 ], [ 105.78253652200037, 56.796142096317304 ], [ 105.780762971418767, 56.795644001575056 ], [ 105.780049455688328, 56.79549459861358 ], [ 105.779274795689474, 56.795301091382804 ], [ 105.779098118847614, 56.795263878339327 ], [ 105.778255506217263, 56.79506292726645 ], [ 105.776276749252361, 56.794663549273302 ], [ 105.774407656504394, 56.794293449790885 ], [ 105.773686486017681, 56.7942158709266 ], [ 105.773538633224959, 56.794175385284255 ], [ 105.772637989473552, 56.793922056208288 ], [ 105.77138851414847, 56.793639817794919 ], [ 105.771051609567778, 56.793500038859591 ], [ 105.77062282191963, 56.79329316507922 ], [ 105.770040895825659, 56.792924144151129 ], [ 105.77076575113567, 56.792633397832184 ], [ 105.770265700801204, 56.79245081043927 ], [ 105.76981341416257, 56.792821187149698 ], [ 105.768403268300091, 56.792129997207184 ], [ 105.769182389986668, 56.791706813404332 ], [ 105.769254785137377, 56.791610176516294 ], [ 105.768642231354292, 56.791246730532329 ], [ 105.768152188327832, 56.790922421911638 ], [ 105.76777444682827, 56.790407995588978 ], [ 105.767447751477292, 56.789815278251908 ], [ 105.767223148423511, 56.789893562210644 ], [ 105.767096146792909, 56.789753052939027 ], [ 105.766574585994434, 56.790066931066796 ], [ 105.765492830264307, 56.789396850983067 ], [ 105.765969317907349, 56.788811402795766 ], [ 105.766232853140906, 56.788445282525338 ], [ 105.767138000437157, 56.788442847894636 ], [ 105.767189512614749, 56.788136009951366 ], [ 105.767382683280871, 56.788104267951915 ], [ 105.767537111150091, 56.787875737650488 ], [ 105.766594834660239, 56.788064320502109 ], [ 105.766576713958543, 56.787697079337576 ], [ 105.765870006591172, 56.786982437576562 ], [ 105.765416989047949, 56.787051917234166 ], [ 105.765027393960835, 56.786565556928537 ], [ 105.764826510221326, 56.786314776464103 ], [ 105.764501893610742, 56.785935264294302 ], [ 105.764982092206495, 56.785870745553154 ], [ 105.765824483952159, 56.785699548623562 ], [ 105.766294108519219, 56.785554147742623 ], [ 105.765962074007334, 56.785072342333791 ], [ 105.765363244942463, 56.785199320433001 ], [ 105.76488031827725, 56.785368623896709 ], [ 105.764600220811417, 56.785453275342029 ], [ 105.764223538012544, 56.785368623896709 ], [ 105.764126952679462, 56.78529455372535 ], [ 105.76488031827725, 56.784945363804816 ], [ 105.764746523084028, 56.78488806177976 ], [ 105.763976393260606, 56.785185847459729 ], [ 105.763296866945851, 56.784922803564243 ], [ 105.7633331083493, 56.784590273736029 ], [ 105.762535797473305, 56.784476121025847 ], [ 105.762318349052563, 56.784292483328493 ], [ 105.761439495018763, 56.78413862402509 ], [ 105.76056517116038, 56.784178329712176 ], [ 105.759432627302417, 56.784074102193955 ], [ 105.758272902391866, 56.78401950671168 ], [ 105.758245721339279, 56.783850756536957 ], [ 105.759378265197256, 56.783399097922995 ], [ 105.759305782390328, 56.783310999043131 ], [ 105.757922278135737, 56.783767658728244 ], [ 105.757294384498579, 56.783847034098081 ], [ 105.756442711517408, 56.783871850350295 ], [ 105.75571788344827, 56.783830903525306 ], [ 105.755418891869766, 56.783766381164931 ], [ 105.756252444149226, 56.783768862796229 ], [ 105.756234323447529, 56.783732879126376 ], [ 105.755822077483231, 56.783706821964557 ], [ 105.75548231432586, 56.78361376052468 ], [ 105.755502700115287, 56.783523180501497 ], [ 105.755862849062112, 56.783539311206574 ], [ 105.755808486956937, 56.783471065868518 ], [ 105.756007814675939, 56.783013198481022 ], [ 105.756406470113944, 56.782983418294783 ], [ 105.756533315026033, 56.782655834686189 ], [ 105.754861680291654, 56.782382846160772 ], [ 105.754811848361882, 56.782693060240312 ], [ 105.754453964502758, 56.782648389570944 ], [ 105.753828800293178, 56.782652112128758 ], [ 105.753715545907383, 56.782967287350722 ], [ 105.753774438187961, 56.783021884364217 ], [ 105.755029296782595, 56.7832452349557 ], [ 105.754993055379146, 56.783533107090072 ], [ 105.75457627923943, 56.783513253910336 ], [ 105.754404132573001, 56.783600111494096 ], [ 105.753375782749956, 56.783448731003638 ], [ 105.753452795732301, 56.783155894878661 ], [ 105.753303299943042, 56.783386689642583 ], [ 105.752841222049, 56.783344501458451 ], [ 105.753040549767988, 56.782912690257788 ], [ 105.752747220908802, 56.782874224076402 ], [ 105.752679268277348, 56.782982177453171 ], [ 105.75233384240066, 56.782937507128061 ], [ 105.752474277839042, 56.782602477994224 ], [ 105.752645837665099, 56.782623194767559 ], [ 105.752640761780953, 56.782296606189952 ], [ 105.752314589149847, 56.782251935048542 ], [ 105.752253431781554, 56.782315219149837 ], [ 105.751481714759208, 56.782213624765845 ], [ 105.751043874941274, 56.782103030859723 ], [ 105.748971319681189, 56.781801498067345 ], [ 105.748305445756017, 56.781776323481765 ], [ 105.746314645960979, 56.781396003295093 ], [ 105.746559667474216, 56.781172283737376 ], [ 105.745722510637336, 56.781026865309521 ], [ 105.743384597031906, 56.780696875248019 ], [ 105.741322332628854, 56.780422813499356 ], [ 105.738596468294119, 56.77996417507461 ], [ 105.736626086958552, 56.779695701200303 ], [ 105.734267754893679, 56.779354512879891 ], [ 105.732695533517102, 56.779125187839199 ], [ 105.730490339898026, 56.778778400969131 ], [ 105.729755275358286, 56.778744840779368 ], [ 105.728591423170428, 56.77871128055957 ], [ 105.727335687915101, 56.778778400969131 ], [ 105.726467903389064, 56.778828741197515 ], [ 105.725253005052636, 56.778895861396968 ], [ 105.722996765284961, 56.778918234770103 ], [ 105.721730820799891, 56.778895861396961 ], [ 105.720791571665842, 56.778839927905757 ], [ 105.719597091788842, 56.778638566647068 ], [ 105.718678261114235, 56.778476358180654 ], [ 105.715707375266263, 56.777928200243515 ], [ 105.714053480051916, 56.777665305330551 ], [ 105.71129698802801, 56.777312911387959 ], [ 105.709510372827381, 56.777100354711479 ], [ 105.707009111546441, 56.776652863036034 ], [ 105.705028520981145, 56.776015178178504 ], [ 105.703844250333859, 56.775539704346947 ], [ 105.702782490443212, 56.775131351424264 ], [ 105.701598219795912, 56.774722994058216 ], [ 105.700669179891548, 56.774560768665893 ], [ 105.699607420000888, 56.774191563434897 ], [ 105.698218964759235, 56.773699284143589 ], [ 105.697524737138394, 56.773425171284906 ], [ 105.696626324923201, 56.77307273752487 ], [ 105.695768749626893, 56.772737083248025 ], [ 105.695380798897602, 56.772485340570427 ], [ 105.694952011249455, 56.771903528810512 ], [ 105.694584478979593, 56.771735696819128 ], [ 105.694216946709759, 56.77150632521721 ], [ 105.693226651427082, 56.770930092813941 ], [ 105.692215937685006, 56.770353851564259 ], [ 105.691246060861801, 56.769755222645102 ], [ 105.690337439416894, 56.76910623097546 ], [ 105.689316516445061, 56.768440443378729 ], [ 105.688581451905392, 56.768132722432085 ], [ 105.687825968906239, 56.767623578598986 ], [ 105.687315507420379, 56.767125618060675 ], [ 105.686580442880697, 56.766666817111457 ], [ 105.685651402976319, 56.766174439123397 ], [ 105.684517399318892, 56.765582164879191 ], [ 105.684327131950724, 56.765626855866365 ], [ 105.682696268795269, 56.76501607443673 ], [ 105.68167894618081, 56.764732864168728 ], [ 105.680127659325365, 56.7643010006244 ], [ 105.678918102485127, 56.763939734196988 ], [ 105.677640593013336, 56.763574739843229 ], [ 105.676879523540848, 56.763366170047973 ], [ 105.675784742152587, 56.763031994098824 ], [ 105.673318805651363, 56.76235310027571 ], [ 105.672204382495138, 56.76201043813699 ], [ 105.671315019507901, 56.761879194426989 ], [ 105.669011454299863, 56.761616133001347 ], [ 105.667325383554981, 56.761466641802016 ], [ 105.666401227766869, 56.761340003168762 ], [ 105.665623170136499, 56.761420083530602 ], [ 105.664838317242911, 56.761362351193902 ], [ 105.663753321175236, 56.761472808747214 ], [ 105.662408761903606, 56.76160969056891 ], [ 105.661445319314808, 56.761826685050529 ], [ 105.66081234707228, 56.761899431538104 ], [ 105.659342648172256, 56.762306543103527 ], [ 105.658119500805711, 56.762626855280757 ], [ 105.658017571858494, 56.762518843340317 ], [ 105.657616651332759, 56.762600783461522 ], [ 105.657723676727343, 56.762730211243174 ], [ 105.657126815144068, 56.7629178675652 ], [ 105.65680011979309, 56.762459015192036 ], [ 105.656606144428451, 56.762537356238084 ], [ 105.65602655975637, 56.762658513894067 ], [ 105.656218193699175, 56.76279476138135 ], [ 105.655666895294402, 56.762985016222615 ], [ 105.655459155283481, 56.762768387697918 ], [ 105.655156766073446, 56.762867087620407 ], [ 105.655677104524116, 56.76338790564526 ], [ 105.655295806719963, 56.763428864825315 ], [ 105.654465172855765, 56.763720023528641 ], [ 105.654098148590165, 56.763841780135046 ], [ 105.653761755178365, 56.76400242844872 ], [ 105.652040288514229, 56.764782063065525 ], [ 105.651850021146103, 56.764652952718862 ], [ 105.650432359369916, 56.76526094684354 ], [ 105.649671289897356, 56.765614752062682 ], [ 105.649491215423907, 56.765557957238997 ], [ 105.649355611953155, 56.765464230954464 ], [ 105.648815086740726, 56.765689236947104 ], [ 105.648742037661862, 56.7656510634623 ], [ 105.648497408188533, 56.765716237681225 ], [ 105.648692488870083, 56.766011072020177 ], [ 105.648937118343369, 56.766145143290373 ], [ 105.648281615926749, 56.766444861782354 ], [ 105.647351556942255, 56.766870112975418 ], [ 105.647288134486203, 56.766760871863937 ], [ 105.647002450296014, 56.766863285414907 ], [ 105.64645009031949, 56.767117103019018 ], [ 105.645235681877594, 56.767675135681131 ], [ 105.644957076088701, 56.767740306386195 ], [ 105.644198509116421, 56.768156024778669 ], [ 105.643047607144183, 56.768822123562622 ], [ 105.643220886354442, 56.768926393450371 ], [ 105.643750916879981, 56.768695509738059 ], [ 105.643910605563946, 56.768812813737128 ], [ 105.643443228681363, 56.769060908656861 ], [ 105.640818310278377, 56.770454248178474 ], [ 105.639429115427831, 56.771215412876607 ], [ 105.638387773996598, 56.772132897985095 ], [ 105.637407687943664, 56.773117491201667 ], [ 105.6365296941879, 56.77403492981535 ], [ 105.635549608134966, 56.774997097438032 ], [ 105.634630777460345, 56.7758249893688 ], [ 105.633752783704608, 56.777010856803301 ], [ 105.632956463786599, 56.778084817614086 ], [ 105.632731860732804, 56.778867894661801 ], [ 105.632405165381826, 56.779751633415884 ], [ 105.632364328462927, 56.780210274438581 ], [ 105.632180562328045, 56.7813512594903 ], [ 105.632017214652564, 56.782268496824258 ], [ 105.631751774679898, 56.782290868186422 ], [ 105.631649682382658, 56.783610754943304 ], [ 105.631915122355338, 56.783621940225871 ], [ 105.631710937760971, 56.784818746192414 ], [ 105.631547590085532, 56.785612867397042 ], [ 105.631425079328878, 56.786776056844104 ], [ 105.631241313193954, 56.787626057092623 ], [ 105.631159639356198, 56.788006314126001 ], [ 105.630914617842947, 56.788543141022451 ], [ 105.630097879465538, 56.78927008186529 ], [ 105.62983243949283, 56.789806890675266 ], [ 105.629076956493734, 56.791092963863527 ], [ 105.628729842683285, 56.791775123916366 ], [ 105.628668587304972, 56.792401358287357 ], [ 105.62846440271062, 56.793609066473913 ], [ 105.628260218116267, 56.793765618391333 ], [ 105.627933522765275, 56.794335909135405 ], [ 105.627402642819959, 56.794839099648776 ], [ 105.627075947468981, 56.794928555033181 ], [ 105.62695343671237, 56.795096283303792 ], [ 105.627075947468981, 56.795264010824219 ], [ 105.625646655308458, 56.796661710986911 ], [ 105.624646150796067, 56.797567392875607 ], [ 105.624258200066791, 56.797701566109815 ], [ 105.623278114013857, 56.798059359053795 ], [ 105.622053006447672, 56.798282977910091 ], [ 105.619500699018175, 56.7988643806951 ], [ 105.619378188261564, 56.798752573167363 ], [ 105.617622200750063, 56.799043272046006 ], [ 105.616499185481047, 56.799199801277894 ], [ 105.616540022399917, 56.799389871609563 ], [ 105.616356256264993, 56.799401052187299 ] ] ] ] } },
{ "type": "Feature", "properties": { "id": null }, "geometry": { "type": "MultiPolygon", "coordinates": [ [ [ [ 105.829934048732568, 56.805243093472093 ], [ 105.830182075837428, 56.805274096091395 ], [ 105.830906903906552, 56.805246813787775 ], [ 105.830780058994421, 56.80536586369422 ], [ 105.830852541801349, 56.805360903288999 ], [ 105.832492465307737, 56.805172407404235 ], [ 105.833111966798072, 56.80505769727359 ], [ 105.833489103902707, 56.805042195877675 ], [ 105.833665780744624, 56.804884081273066 ], [ 105.833637467148165, 56.804837576850673 ], [ 105.833403030569542, 56.804804713690729 ], [ 105.831039384724065, 56.805078392051513 ], [ 105.83097485653802, 56.805179848049228 ], [ 105.829934048732568, 56.805243093472093 ] ] ] ] } },
{ "type": "Feature", "properties": { "id": null }, "geometry": { "type": "MultiPolygon", "coordinates": [ [ [ [ 105.82242131905123, 56.803696960324068 ], [ 105.822854517076436, 56.803852909671065 ], [ 105.823513657601779, 56.803842988459564 ], [ 105.82496331374, 56.803917397481861 ], [ 105.825486747301355, 56.80399289628442 ], [ 105.826416367509751, 56.804126982100762 ], [ 105.828036779793848, 56.804283294530784 ], [ 105.829060701385828, 56.804382066386076 ], [ 105.829931144366668, 56.804466032833574 ], [ 105.83022171487255, 56.80449406239692 ], [ 105.830734190968244, 56.804566609935463 ], [ 105.831246667063937, 56.80463915733359 ], [ 105.831368981800651, 56.804504603500988 ], [ 105.830800444783975, 56.804484141355104 ], [ 105.829410192379427, 56.804342402437491 ], [ 105.8281475103947, 56.804213669106112 ], [ 105.826397114264196, 56.804035211465113 ], [ 105.826415234965907, 56.803945920901249 ], [ 105.828218244787791, 56.803881433139523 ], [ 105.829324682731752, 56.803841859419705 ], [ 105.830021254609676, 56.803816945266867 ], [ 105.830025784785121, 56.803747496664556 ], [ 105.828894121259808, 56.803776659510255 ], [ 105.827665176695206, 56.803820781258899 ], [ 105.826850614231518, 56.803851840429203 ], [ 105.82631783619415, 56.803881433139523 ], [ 105.826308775843259, 56.80382314602867 ], [ 105.827665786346245, 56.803581790160614 ], [ 105.828707991247995, 56.803408189073572 ], [ 105.829185869091077, 56.803328088971021 ], [ 105.829939711451928, 56.803199344252498 ], [ 105.830469741977439, 56.803081527642355 ], [ 105.830999772502977, 56.802963710661935 ], [ 105.830770160956263, 56.80286389295496 ], [ 105.829794745838399, 56.803064165163242 ], [ 105.828399451805353, 56.80330475880038 ], [ 105.827964554963941, 56.802952549034075 ], [ 105.8279192532096, 56.802843412942003 ], [ 105.82743112680707, 56.803182601914777 ], [ 105.826546043782031, 56.803536979802821 ], [ 105.825440680976612, 56.803690759541368 ], [ 105.824297536594472, 56.803709236717658 ], [ 105.82242131905123, 56.803696960324068 ] ] ] ] } },
{ "type": "Feature", "properties": { "id": null }, "geometry": { "type": "MultiPolygon", "coordinates": [ [ [ [ 105.830800444783975, 56.804484141355104 ], [ 105.831368981800651, 56.804504603500988 ], [ 105.831523007765327, 56.804454998279581 ], [ 105.831690624256296, 56.804504603500988 ], [ 105.834287547322589, 56.804877880686746 ], [ 105.835681814877205, 56.804682311089174 ], [ 105.836480152231644, 56.804570330318249 ], [ 105.837652901391323, 56.80435392743648 ], [ 105.837435452970581, 56.804205110977129 ], [ 105.838395623391335, 56.803525720822705 ], [ 105.838782758178382, 56.803251791422952 ], [ 105.838356211127035, 56.803416373879585 ], [ 105.837567960601902, 56.803892594489525 ], [ 105.837113408150216, 56.80422516038778 ], [ 105.836528078979697, 56.804254971409264 ], [ 105.836718651267788, 56.803390442160925 ], [ 105.837045346618751, 56.803390442160925 ], [ 105.837812590075231, 56.803282435743078 ], [ 105.837428091440955, 56.803195623733664 ], [ 105.836852759161133, 56.803284916084628 ], [ 105.836730444424447, 56.803282435744407 ], [ 105.836703263371817, 56.803049283031896 ], [ 105.836515484640614, 56.802698691228088 ], [ 105.836250245828651, 56.802203472190691 ], [ 105.836268366530362, 56.802057127615996 ], [ 105.835200601021441, 56.802152300967613 ], [ 105.834709986181821, 56.80219603095491 ], [ 105.834007808989895, 56.802315090550088 ], [ 105.833305631797927, 56.802434149767137 ], [ 105.832585333904532, 56.802491198841359 ], [ 105.831080446951717, 56.802800184817627 ], [ 105.830770160956263, 56.80286389295496 ], [ 105.830999772502977, 56.802963710661935 ], [ 105.830988447064428, 56.803882673289841 ], [ 105.83091822934523, 56.804192709580157 ], [ 105.830800444783975, 56.804484141355104 ] ] ] ] } },
{ "type": "Feature", "properties": { "id": null }, "geometry": { "type": "MultiPolygon", "coordinates": [ [ [ [ 105.823038283445612, 56.807135349550492 ], [ 105.823004252679894, 56.807485600362789 ], [ 105.823572566467533, 56.807511682739154 ], [ 105.823844812593322, 56.807522860894885 ], [ 105.824083027953449, 56.807500504580076 ], [ 105.824287212547802, 56.807448339793645 ], [ 105.824501606371882, 56.807392448870466 ], [ 105.824702387889673, 56.807297434109834 ], [ 105.824746627885119, 56.807250858158795 ], [ 105.824011563345422, 56.807187514772515 ], [ 105.823038283445612, 56.807135349550492 ] ] ] ] } },
{ "type": "Feature", "properties": { "id": null }, "geometry": { "type": "MultiPolygon", "coordinates": [ [ [ [ 105.834421574581242, 56.808336994274981 ], [ 105.834380737662372, 56.808590359407674 ], [ 105.836340909768211, 56.808761752496849 ], [ 105.839090595638964, 56.809030018367366 ], [ 105.840084293998189, 56.809253571792723 ], [ 105.840492663186907, 56.808970403895408 ], [ 105.841009930825933, 56.80888098200969 ], [ 105.841622484609033, 56.808769204352522 ], [ 105.842207813779524, 56.808657426361982 ], [ 105.840261253979961, 56.808433869380877 ], [ 105.83860055261249, 56.808284830652688 ], [ 105.836558706668896, 56.808180503190336 ], [ 105.834407962274923, 56.808135791331871 ], [ 105.834421574581242, 56.808336994274981 ] ] ] ] } },
{ "type": "Feature", "properties": { "id": null }, "geometry": { "type": "MultiPolygon", "coordinates": [ [ [ [ 105.848877843861985, 56.805982106992197 ], [ 105.849694582239422, 56.805542412280062 ], [ 105.850279911409942, 56.805162333033969 ], [ 105.850769954436402, 56.80490149210577 ], [ 105.851259997462876, 56.804655554711069 ], [ 105.851559468201245, 56.804454332006159 ], [ 105.851396120525763, 56.804357446614866 ], [ 105.851123874399946, 56.804431973861156 ], [ 105.849599296095406, 56.805221953562715 ], [ 105.848728108492779, 56.805624389651463 ], [ 105.847835201534338, 56.806141767006338 ], [ 105.848112151633302, 56.806354725592193 ], [ 105.848877843861985, 56.805982106992197 ] ] ] ] } },
{ "type": "Feature", "properties": { "id": null }, "geometry": { "type": "MultiPolygon", "coordinates": [ [ [ [ 105.844353141328995, 56.802560527407415 ], [ 105.844730167959739, 56.802415546788062 ], [ 105.844866073222704, 56.802311369942124 ], [ 105.84440003143051, 56.802074490561495 ], [ 105.844046677746803, 56.802114177263881 ], [ 105.844014966518799, 56.802168746411084 ], [ 105.844353141328995, 56.802560527407415 ] ] ] ] } },
{ "type": "Feature", "properties": { "id": null }, "geometry": { "type": "MultiPolygon", "coordinates": [ [ [ [ 105.852811800380053, 56.801782439261352 ], [ 105.853342680325383, 56.801681820332831 ], [ 105.854193449468568, 56.801704180118051 ], [ 105.854203331065051, 56.801608168661396 ], [ 105.853325936157447, 56.801557923232359 ], [ 105.852952549110313, 56.801514478746768 ], [ 105.852811800380053, 56.801782439261352 ] ] ] ] } },
{ "type": "Feature", "properties": { "id": null }, "geometry": { "type": "MultiPolygon", "coordinates": [ [ [ [ 105.847835201534338, 56.806141767006338 ], [ 105.848728108492779, 56.805624389651463 ], [ 105.851123874399931, 56.804431973861142 ], [ 105.851396120525763, 56.804357446614866 ], [ 105.851775988948575, 56.804247518656332 ], [ 105.852653982704368, 56.803856247035043 ], [ 105.855104197836681, 56.803420253846404 ], [ 105.855289240124961, 56.803340134888252 ], [ 105.856487123078551, 56.803422117075762 ], [ 105.857058839942766, 56.803496646181578 ], [ 105.857031615330172, 56.803705326889535 ], [ 105.858283947508909, 56.803727685467933 ], [ 105.860148833470745, 56.803839478159823 ], [ 105.861768697919345, 56.804010892973238 ], [ 105.862599048603101, 56.804107779260193 ], [ 105.863851380781853, 56.804122684820577 ], [ 105.865022039122849, 56.804077968121646 ], [ 105.866056574400957, 56.803988534563764 ], [ 105.867853398831315, 56.80386928948802 ], [ 105.869064894091167, 56.803846930994091 ], [ 105.870113041675594, 56.803891647968619 ], [ 105.870382310109648, 56.804009961373275 ], [ 105.871821811499927, 56.803976423753227 ], [ 105.872510409948347, 56.803967951590238 ], [ 105.873445079025089, 56.803942886103179 ], [ 105.873424660565661, 56.804172059447176 ], [ 105.874405067657264, 56.80421373657601 ], [ 105.874820384589341, 56.80399692535606 ], [ 105.876964578983049, 56.803981061071227 ], [ 105.877051505782816, 56.80425868508663 ], [ 105.877380499575864, 56.804232795632615 ], [ 105.878320596817488, 56.80417638961093 ], [ 105.878391426061782, 56.804015984522891 ], [ 105.878777767393956, 56.803931374969196 ], [ 105.880014059656943, 56.803882019308013 ], [ 105.880374644900314, 56.803691646863349 ], [ 105.881340498230756, 56.803719850249479 ], [ 105.881623815207718, 56.80378330779071 ], [ 105.882409375916481, 56.803938425772635 ], [ 105.882473766138503, 56.804100593885636 ], [ 105.883030137898487, 56.804466240745477 ], [ 105.883254698797828, 56.804671151255867 ], [ 105.883590332830181, 56.804906466460281 ], [ 105.884681747093595, 56.805091544796753 ], [ 105.885309551758411, 56.805178134704704 ], [ 105.88578420929278, 56.805290889680862 ], [ 105.88572003942383, 56.80567255263751 ], [ 105.886214011414239, 56.805723704481188 ], [ 105.886718098955569, 56.805287737235652 ], [ 105.887769099655742, 56.805773854776191 ], [ 105.888493058244634, 56.805730587343284 ], [ 105.889554818135338, 56.805849826498346 ], [ 105.890413080514847, 56.80596195155254 ], [ 105.890670641402963, 56.805764539211765 ], [ 105.893040201573697, 56.806258068114353 ], [ 105.894645166848363, 56.806512208679607 ], [ 105.897367224494133, 56.807047700842986 ], [ 105.899015614178168, 56.807682215088768 ], [ 105.900001139593741, 56.807385314136923 ], [ 105.899339733980653, 56.807281151101357 ], [ 105.898968259595279, 56.807256350335926 ], [ 105.898352155736518, 56.806933938892207 ], [ 105.897113152755864, 56.806773972185049 ], [ 105.896315841879854, 56.806635085808111 ], [ 105.896333962581608, 56.806564402365112 ], [ 105.894730280478697, 56.80632134950887 ], [ 105.894893366794278, 56.806023731620151 ], [ 105.895183298021905, 56.806063414141832 ], [ 105.895237660127066, 56.805974128408963 ], [ 105.895264841179639, 56.805671547399257 ], [ 105.896292909749235, 56.805406403973045 ], [ 105.89787193727895, 56.805570359131394 ], [ 105.899505414033868, 56.805674693858791 ], [ 105.901013633802776, 56.805696349213264 ], [ 105.901002767725814, 56.805331878663999 ], [ 105.903235185957513, 56.805354236272272 ], [ 105.904681953716917, 56.805292155461714 ], [ 105.905680498282862, 56.805269841614113 ], [ 105.905780687233886, 56.804944344668577 ], [ 105.905462266076924, 56.804699303360579 ], [ 105.903824554852676, 56.804686393648375 ], [ 105.897123260432977, 56.804644737896794 ], [ 105.892034826096804, 56.804624895890285 ], [ 105.890159333467992, 56.804724105817868 ], [ 105.888854642943599, 56.804555448784761 ], [ 105.887984849260704, 56.804634816894861 ], [ 105.887260575486053, 56.804550849091981 ], [ 105.887057746286658, 56.804085500823035 ], [ 105.886865179281045, 56.804128796964108 ], [ 105.886214838038526, 56.804216931447591 ], [ 105.885776984528718, 56.804153474640373 ], [ 105.885715210157286, 56.803863400749137 ], [ 105.885647600424122, 56.803530248171043 ], [ 105.88518399082551, 56.803598994183552 ], [ 105.885082635878916, 56.803287378833723 ], [ 105.883810424880608, 56.803386715698608 ], [ 105.883265932629001, 56.803729548682185 ], [ 105.88254448039558, 56.803476150692241 ], [ 105.882980074196894, 56.803416527386858 ], [ 105.882462806557839, 56.803319639313372 ], [ 105.881455495892325, 56.803170580249805 ], [ 105.880012591425526, 56.803006614595347 ], [ 105.878215766995126, 56.803073691540654 ], [ 105.876092247213805, 56.803140768365978 ], [ 105.872294413758681, 56.803066238552667 ], [ 105.869640014031958, 56.803028973590457 ], [ 105.866427509747368, 56.802939537530015 ], [ 105.86282024858032, 56.802742032140657 ], [ 105.862289368634947, 56.802827742154406 ], [ 105.861234414897439, 56.802835195189814 ], [ 105.860683116492666, 56.80278675043315 ], [ 105.859253824332114, 56.802619056561298 ], [ 105.858894327724826, 56.802643122582765 ], [ 105.858883002286248, 56.802777063003411 ], [ 105.857419755621734, 56.8027522592579 ], [ 105.857234695210636, 56.802762249029222 ], [ 105.855881761062591, 56.802826670445164 ], [ 105.855030088081421, 56.802811788219543 ], [ 105.854287139310586, 56.802822949889325 ], [ 105.854037979661783, 56.802698931149543 ], [ 105.85387043975544, 56.802696448638422 ], [ 105.85387942352169, 56.802793185429195 ], [ 105.853448314100717, 56.802774608038824 ], [ 105.852900905628402, 56.802751019070222 ], [ 105.852855603874062, 56.802684048873182 ], [ 105.852538491593847, 56.802684048873182 ], [ 105.852493189839521, 56.802778303190266 ], [ 105.853027750540491, 56.802826670445199 ], [ 105.853027750540491, 56.803124313717262 ], [ 105.85197520474199, 56.803422972391736 ], [ 105.851048063876775, 56.803717112860561 ], [ 105.850119377913273, 56.804099078890715 ], [ 105.849186161774313, 56.804530646215923 ], [ 105.847890531600797, 56.805036615373552 ], [ 105.84673986704108, 56.805299518220046 ], [ 105.847835201534338, 56.806141767006338 ] ] ] ] } },
{ "type": "Feature", "properties": { "id": null }, "geometry": { "type": "MultiPolygon", "coordinates": [ [ [ [ 105.8626603039814, 56.804581027909279 ], [ 105.863991341351934, 56.804593892732804 ], [ 105.863933054619579, 56.804290371966523 ], [ 105.863415786980525, 56.804297824711156 ], [ 105.863340919295936, 56.804499048256169 ], [ 105.862667110134552, 56.804502774607919 ], [ 105.8626603039814, 56.804581027909279 ] ] ] ] } },
{ "type": "Feature", "properties": { "id": null }, "geometry": { "type": "MultiPolygon", "coordinates": [ [ [ [ 105.863760302404941, 56.808604248144988 ], [ 105.863742482331503, 56.808351898153717 ], [ 105.863937632188083, 56.808256903877883 ], [ 105.864068022387698, 56.808103566270432 ], [ 105.864024558987822, 56.807950228035672 ], [ 105.863836217588386, 56.807937009192976 ], [ 105.863368143908517, 56.807923409275752 ], [ 105.863395368521097, 56.807997929432489 ], [ 105.863427334510661, 56.808243408128241 ], [ 105.863427334510661, 56.808243408128241 ], [ 105.863556444510479, 56.808358728511294 ], [ 105.863542853984185, 56.808507528481286 ], [ 105.863610806615682, 56.808611688108783 ], [ 105.863760302404941, 56.808604248144988 ] ] ] ] } },
{ "type": "Feature", "properties": { "id": null }, "geometry": { "type": "MultiPolygon", "coordinates": [ [ [ [ 105.881003282642595, 56.810350739127031 ], [ 105.881203668225922, 56.810474708843472 ], [ 105.881339791288809, 56.810720608059327 ], [ 105.882217785044546, 56.810817477004427 ], [ 105.882952849584242, 56.810906894269991 ], [ 105.88327954493522, 56.810664722015595 ], [ 105.883599434133075, 56.81078394547486 ], [ 105.883810424880579, 56.810560401177618 ], [ 105.883483729529573, 56.810463531568061 ], [ 105.883681107970816, 56.810269791597811 ], [ 105.883579015673646, 56.810038792632042 ], [ 105.883333994160409, 56.809990357184482 ], [ 105.883347606466685, 56.809874857018428 ], [ 105.882347101954323, 56.809830147181167 ], [ 105.882156529666247, 56.809770533981862 ], [ 105.881319372829367, 56.809766808153761 ], [ 105.880829329802907, 56.809748179007677 ], [ 105.880278031398134, 56.809655033138377 ], [ 105.880536665217647, 56.809737001515586 ], [ 105.880693206739977, 56.809994082990357 ], [ 105.880785834221882, 56.81021682576646 ], [ 105.881003282642595, 56.810350739127031 ] ], [ [ 105.881281888431658, 56.810242864512936 ], [ 105.881397407905183, 56.81025774378849 ], [ 105.881655627904806, 56.810265183424086 ], [ 105.881907052641239, 56.810369338167028 ], [ 105.881703194746834, 56.810562767636014 ], [ 105.881506132115561, 56.810525569738743 ], [ 105.881383817378904, 56.810462333228642 ], [ 105.881315864747378, 56.810413975825405 ], [ 105.881281888431658, 56.810324700455496 ], [ 105.881281888431658, 56.810242864512936 ] ], [ [ 105.881003282642595, 56.810350739127031 ], [ 105.880785834221882, 56.81021682576646 ], [ 105.880731472116722, 56.810034554034601 ], [ 105.881023668432036, 56.809989915924355 ], [ 105.881193550010764, 56.810343299508425 ], [ 105.881003282642595, 56.810350739127031 ] ] ] ] } },
{ "type": "Feature", "properties": { "id": null }, "geometry": { "type": "MultiPolygon", "coordinates": [ [ [ [ 105.910585894490481, 56.805347262171146 ], [ 105.911283541506975, 56.805411747411284 ], [ 105.911307707563907, 56.805366186144269 ], [ 105.912739992908342, 56.805369583997575 ], [ 105.915150046238097, 56.805334861150691 ], [ 105.917949694654993, 56.805498554290082 ], [ 105.919433193276987, 56.805335488730528 ], [ 105.92029632552871, 56.805240613261297 ], [ 105.92047354789679, 56.805211935352723 ], [ 105.921385946909339, 56.805064291704248 ], [ 105.922242888816314, 56.804923242130357 ], [ 105.922829447737271, 56.804815319248291 ], [ 105.923240939559435, 56.804739607345233 ], [ 105.923972664970535, 56.804502057968996 ], [ 105.92480158499572, 56.804241075010118 ], [ 105.925009973065585, 56.804141863804176 ], [ 105.925150648600734, 56.804082455653919 ], [ 105.925639903718974, 56.803875839452466 ], [ 105.926496835573644, 56.803521861218869 ], [ 105.926793982259767, 56.803391707942168 ], [ 105.927510288377377, 56.80307795670528 ], [ 105.928133529025814, 56.802804967197396 ], [ 105.92831473604312, 56.802950068671741 ], [ 105.928632414595228, 56.80280837770858 ], [ 105.928950093147392, 56.802666686209896 ], [ 105.928805127533579, 56.802527784614782 ], [ 105.929547326691079, 56.802265898514811 ], [ 105.930382107548795, 56.801971342635348 ], [ 105.931251422266769, 56.801664598880535 ], [ 105.931740681213441, 56.801629872601808 ], [ 105.931194795073878, 56.801870475443771 ], [ 105.931098966577508, 56.801926305063311 ], [ 105.930734982267566, 56.802138361327422 ], [ 105.930661684418212, 56.802169224400799 ], [ 105.929649163743576, 56.802595557637282 ], [ 105.928781344112579, 56.802955649486456 ], [ 105.927956852183954, 56.80328863659448 ], [ 105.926839920947813, 56.803761779835561 ], [ 105.925696294643501, 56.80423611445606 ], [ 105.925270458152909, 56.804469259787304 ], [ 105.923911405523356, 56.804938026330639 ], [ 105.923240939559435, 56.805101721202938 ], [ 105.922350288723024, 56.805277877168159 ], [ 105.919779885529465, 56.80578625565137 ], [ 105.918121841321422, 56.806163240299611 ], [ 105.918116811459697, 56.806233459954505 ], [ 105.918814470507186, 56.806107866183758 ], [ 105.919801362713258, 56.805858210487145 ], [ 105.921210236414339, 56.805578743182693 ], [ 105.922394507061625, 56.805325357692389 ], [ 105.923204439285939, 56.805187485456074 ], [ 105.923891860753599, 56.805023528623117 ], [ 105.924402322239501, 56.804818581573457 ], [ 105.925246285229548, 56.804561464599225 ], [ 105.925754054380121, 56.804297501266397 ], [ 105.928552336665845, 56.803138412724053 ], [ 105.929290093377901, 56.802830824063328 ], [ 105.930378191057301, 56.802377165153118 ], [ 105.931652342792404, 56.801798542797201 ], [ 105.932055528405868, 56.80162863237701 ], [ 105.932694283141771, 56.801512051059333 ], [ 105.932735054720652, 56.801598866968661 ], [ 105.932327338931785, 56.801700565349627 ], [ 105.931704196761373, 56.802098449328412 ], [ 105.931101503398452, 56.802507884402836 ], [ 105.930007889110627, 56.803250811392239 ], [ 105.929119974725978, 56.803736955347517 ], [ 105.928177698236169, 56.804123881745049 ], [ 105.927271663149739, 56.804371909386546 ], [ 105.926593903552302, 56.80449066396335 ], [ 105.925382408292464, 56.804796223645702 ], [ 105.92437509762695, 56.804986265606509 ], [ 105.923565165402621, 56.805217295712296 ], [ 105.92361961462781, 56.805243379667054 ], [ 105.925511725202199, 56.804855844756716 ], [ 105.92719284502914, 56.804524201123336 ], [ 105.928098063397442, 56.804363967754831 ], [ 105.92905773099092, 56.804036046167951 ], [ 105.9298744693684, 56.803689489555104 ], [ 105.930296450863395, 56.803424911919912 ], [ 105.930956647718517, 56.802899477558739 ], [ 105.93153517073587, 56.802705698488751 ], [ 105.932828339833492, 56.802336770182905 ], [ 105.934203182768826, 56.802284598210278 ], [ 105.936619367135464, 56.802612535117788 ], [ 105.938184782358903, 56.803410006082075 ], [ 105.940007118832668, 56.804175967685893 ], [ 105.943368509003079, 56.80591212430263 ], [ 105.939169036377749, 56.803640223124155 ], [ 105.937565354274852, 56.802836591925626 ], [ 105.937266362696349, 56.802489338546714 ], [ 105.937542703397682, 56.802289666397371 ], [ 105.938697898132816, 56.802732416249675 ], [ 105.939970877429175, 56.803431875949073 ], [ 105.940849731462947, 56.803630301856352 ], [ 105.942688982688281, 56.804438876568391 ], [ 105.94452823391363, 56.805247433840272 ], [ 105.944636590154715, 56.805241283635539 ], [ 105.944990510118259, 56.805472312169613 ], [ 105.945276368550338, 56.805658624466403 ], [ 105.94580724849564, 56.806075960650851 ], [ 105.946166034726247, 56.806393392715101 ], [ 105.946310903828348, 56.80671127154686 ], [ 105.945799163498776, 56.807138951705404 ], [ 105.9458621049627, 56.807166077903062 ], [ 105.947141679898181, 56.807717546572796 ], [ 105.947522824474348, 56.807896395682349 ], [ 105.948421236689526, 56.807479079765876 ], [ 105.949292424292125, 56.808090147921341 ], [ 105.948829605878245, 56.808343514722644 ], [ 105.94937409812988, 56.808581976029942 ], [ 105.950817002596693, 56.809655033138377 ], [ 105.951960436325109, 56.810370387476617 ], [ 105.953049420828364, 56.809863679564124 ], [ 105.954002282268689, 56.810385290546797 ], [ 105.95623470050036, 56.811935177490227 ], [ 105.956207475887808, 56.812188518299536 ], [ 105.956779192752023, 56.8126355861382 ], [ 105.956806417364618, 56.812724999065935 ], [ 105.9575414819043, 56.81327637407292 ], [ 105.957214786553322, 56.813447745733342 ], [ 105.958017912624484, 56.813939503538258 ], [ 105.959392755559847, 56.814818690803918 ], [ 105.959610552460489, 56.814960252927065 ], [ 105.960263943162445, 56.814699480180131 ], [ 105.960862884639212, 56.815116715704164 ], [ 105.962305789106026, 56.816018226597713 ], [ 105.963667019735112, 56.81686011387967 ], [ 105.964497370418869, 56.817329476452393 ], [ 105.966321419461821, 56.8183575834476 ], [ 105.96727428090216, 56.818908875578948 ], [ 105.967464853190236, 56.819191968386015 ], [ 105.969207228395447, 56.819624053283285 ], [ 105.971494095852265, 56.819877342113202 ], [ 105.973944310984621, 56.820249822575825 ], [ 105.973743086828364, 56.820755033955933 ], [ 105.977315378601915, 56.821264309087503 ], [ 105.9769783, 56.8219751 ], [ 105.979847779106734, 56.822273459474374 ], [ 105.982478929874503, 56.822547036224101 ], [ 105.985750033505028, 56.822887149979692 ], [ 105.9891427, 56.8232399 ], [ 105.989169, 56.8231714 ], [ 105.992557790761026, 56.823498239213372 ], [ 105.9947078, 56.8237056 ], [ 105.9947451, 56.8236347 ], [ 105.9956961, 56.8237332 ], [ 105.995673199999985, 56.8238076 ], [ 105.996841592182832, 56.823912448268118 ], [ 105.997659, 56.8239858 ], [ 105.998555325491637, 56.823984403824284 ], [ 106.001148448828388, 56.823980364603983 ], [ 106.0022813, 56.8239786 ], [ 106.003875899999983, 56.8237834 ], [ 106.003860599999982, 56.8235767 ], [ 106.005066462512801, 56.823513723955351 ], [ 106.00521355898276, 56.823506041850216 ], [ 106.0063348, 56.8234099 ], [ 106.0071647, 56.8231925 ], [ 106.007896, 56.822935099999988 ], [ 106.008272399999981, 56.8227373 ], [ 106.00869932609119, 56.822527561700618 ], [ 106.009304199999988, 56.8222304 ], [ 106.008857149999983, 56.822064050369349 ], [ 106.0084101, 56.8218977 ], [ 106.007785925698229, 56.822233828023911 ], [ 106.0073988, 56.8224423 ], [ 106.006369699999979, 56.8228266 ], [ 106.0050034, 56.8231324 ], [ 106.0038394, 56.8232763 ], [ 106.002288299999989, 56.8232604 ], [ 106.0022847, 56.8232174 ], [ 106.0017497, 56.8231852 ], [ 106.0017139, 56.823239 ], [ 105.999590199999986, 56.8231347 ], [ 105.9995598, 56.823075 ], [ 105.9992808, 56.8230505 ], [ 105.999039399999987, 56.8231493 ], [ 105.997652785952852, 56.823050521580811 ], [ 105.995271122466818, 56.822880858077426 ], [ 105.992722499999985, 56.8226993 ], [ 105.991045671739784, 56.822442869780843 ], [ 105.989829599999979, 56.8222569 ], [ 105.9898368, 56.8221776 ], [ 105.990434, 56.8222314 ], [ 105.990475099999983, 56.8222128 ], [ 105.9905109, 56.8222197 ], [ 105.99052159999998, 56.8221933 ], [ 105.989848537171881, 56.82211856190284 ], [ 105.989508091070718, 56.822080758103624 ], [ 105.989119943895062, 56.822037657437512 ], [ 105.987876471242998, 56.821857853673208 ], [ 105.985493971281443, 56.821454474547949 ], [ 105.9827022, 56.820993099999988 ], [ 105.983033, 56.8209187 ], [ 105.9830938, 56.820839399999983 ], [ 105.981749476925629, 56.820398445672119 ], [ 105.98082173438624, 56.820094131802399 ], [ 105.979825095791242, 56.819588365900607 ], [ 105.978620069126393, 56.819199119846473 ], [ 105.978112689478024, 56.818943752403925 ], [ 105.977840878952108, 56.818532185678066 ], [ 105.978429801758281, 56.818011522499305 ], [ 105.979758153071529, 56.818610924102202 ], [ 105.98027811333445, 56.818527227015245 ], [ 105.979398591961441, 56.818065404641537 ], [ 105.977588155224751, 56.817141592437778 ], [ 105.976567232252961, 56.816575373699621 ], [ 105.975679149112963, 56.816050041681045 ], [ 105.975490271128351, 56.816191011908337 ], [ 105.975249880966132, 56.816576327823618 ], [ 105.974093204530163, 56.816247436561952 ], [ 105.973890375330726, 56.816532899217989 ], [ 105.973838100506171, 56.816679206935035 ], [ 105.974900795096801, 56.816826366952277 ], [ 105.973596104572408, 56.817867719012895 ], [ 105.973994760010399, 56.818115655713903 ], [ 105.972327655451437, 56.818680945257348 ], [ 105.971403499663353, 56.818809869748307 ], [ 105.970932361418463, 56.818849538733183 ], [ 105.969908541770849, 56.818829704245978 ], [ 105.968893782474126, 56.818745407558289 ], [ 105.968019458615743, 56.818556978982308 ], [ 105.966547151600366, 56.817959455783495 ], [ 105.96684614317887, 56.817711518048867 ], [ 105.965911446057973, 56.817325922801018 ], [ 105.965337594760072, 56.817089187107584 ], [ 105.965883480899635, 56.817203240563636 ], [ 105.966134573086961, 56.817077386772382 ], [ 105.966443646152683, 56.816395454506932 ], [ 105.965419841622378, 56.816072986090433 ], [ 105.963721348296801, 56.815492910405702 ], [ 105.9626768181638, 56.81487824285157 ], [ 105.962261501231694, 56.815089704606365 ], [ 105.960947940702226, 56.814243850427253 ], [ 105.961179745501553, 56.814058817280426 ], [ 105.961363257634346, 56.813826202885267 ], [ 105.961092818701786, 56.813752188911273 ], [ 105.960542282303393, 56.813672888062641 ], [ 105.960088331238111, 56.81357772682275 ], [ 105.960136623904617, 56.813302815216751 ], [ 105.959948282505152, 56.81311645572152 ], [ 105.959706819172524, 56.813111168913821 ], [ 105.958893087741615, 56.812723908220811 ], [ 105.957746136911638, 56.812080227157217 ], [ 105.95710867371352, 56.811604398319297 ], [ 105.957243893179793, 56.811477509608849 ], [ 105.958122819710525, 56.811805304565539 ], [ 105.959185258374063, 56.812302278547364 ], [ 105.95930116077372, 56.812429164465314 ], [ 105.959832380105468, 56.812466172777114 ], [ 105.960141453171232, 56.812365721560042 ], [ 105.960875501702404, 56.812456920702601 ], [ 105.961807550166327, 56.812536224124415 ], [ 105.962155257365296, 56.812583806096946 ], [ 105.963569893810487, 56.81264209124118 ], [ 105.964384567583721, 56.812701549190599 ], [ 105.964801695490877, 56.812737125375286 ], [ 105.965130085623244, 56.812874583505319 ], [ 105.964619369764435, 56.813290734235792 ], [ 105.96471295771606, 56.813420556051341 ], [ 105.964912567404355, 56.813438178595312 ], [ 105.965183006336886, 56.813187937694217 ], [ 105.965311786780944, 56.813223182992658 ], [ 105.965582225713462, 56.813001137059068 ], [ 105.966142420645127, 56.813202035817582 ], [ 105.966527152221701, 56.813023752908521 ], [ 105.965462567217457, 56.812694793750005 ], [ 105.964929135756037, 56.812490056827606 ], [ 105.964391449657597, 56.812467703475534 ], [ 105.964493541954766, 56.81190141410903 ], [ 105.964003498928335, 56.811811999216289 ], [ 105.96322759746981, 56.811782194204646 ], [ 105.962288348335818, 56.811797096713434 ], [ 105.961403548427, 56.811730035377209 ], [ 105.960001480879171, 56.811752389169285 ], [ 105.958857621768715, 56.811121355123369 ], [ 105.95775502495917, 56.810555045412464 ], [ 105.957414717301873, 56.810331499749914 ], [ 105.956203222041992, 56.809668306438894 ], [ 105.955141462151332, 56.809072167604775 ], [ 105.954229437629834, 56.808647412900712 ], [ 105.952350939361736, 56.80781279314489 ], [ 105.951193893327002, 56.806762040061678 ], [ 105.950172970355197, 56.806374520851648 ], [ 105.949958944434584, 56.806364594593852 ], [ 105.949785090835093, 56.80648621287272 ], [ 105.949147627636975, 56.806158371393067 ], [ 105.949379432436288, 56.80601560082021 ], [ 105.949070359370552, 56.805819951374225 ], [ 105.948819237504622, 56.805983873952407 ], [ 105.947650554974715, 56.805444513090968 ], [ 105.947949969507164, 56.805227708989371 ], [ 105.946871986079699, 56.804606413617741 ], [ 105.94544269391919, 56.803726986762534 ], [ 105.945020712424167, 56.8034586829368 ], [ 105.944677729702931, 56.803295457528584 ], [ 105.943495353915225, 56.80279938636027 ], [ 105.942657271460334, 56.802546387536893 ], [ 105.941221205848422, 56.802357877499631 ], [ 105.940569993130083, 56.802165645893389 ], [ 105.940473726902127, 56.802308269437525 ], [ 105.939270965324965, 56.802066429194845 ], [ 105.937623114011586, 56.801549257902231 ], [ 105.93543730436572, 56.800993631873396 ], [ 105.931593450511869, 56.801008514820758 ], [ 105.928268301744836, 56.802109836532729 ], [ 105.927982900692641, 56.801908922146595 ], [ 105.92738944771105, 56.802218974760336 ], [ 105.927602365956332, 56.80244469145029 ], [ 105.924703053679949, 56.803694790050024 ], [ 105.922854742103738, 56.804240454940903 ], [ 105.922025719999738, 56.803865931257072 ], [ 105.92355390205725, 56.80272375033978 ], [ 105.923305494559273, 56.80264188239137 ], [ 105.922526304385016, 56.803316540407778 ], [ 105.921492837591956, 56.802927126978275 ], [ 105.918677920355591, 56.805004372444593 ], [ 105.915398073342914, 56.805034135149157 ], [ 105.912118226330236, 56.805063897830067 ], [ 105.910694380924298, 56.805006457990906 ], [ 105.908505649478784, 56.804925518257015 ], [ 105.907035369495674, 56.804929965579838 ], [ 105.90674430572426, 56.805342301763467 ], [ 105.909428738579422, 56.805345441695081 ], [ 105.910585894490481, 56.805347262171146 ] ], [ [ 105.97387697544923, 56.819484236779182 ], [ 105.974230329132922, 56.819142096199577 ], [ 105.974366234395873, 56.819112344697174 ], [ 105.975208847026224, 56.819325563275704 ], [ 105.975344752289175, 56.819333001111197 ], [ 105.975634683516802, 56.819417296476843 ], [ 105.97570716632373, 56.819271019103681 ], [ 105.97602880877939, 56.819315646159424 ], [ 105.975924614744443, 56.819499112385685 ], [ 105.977147762111059, 56.819749517541872 ], [ 105.977084339654994, 56.819823894988652 ], [ 105.977238365619684, 56.819836291215424 ], [ 105.977120581058458, 56.82004950567395 ], [ 105.975211400890174, 56.819716790496997 ], [ 105.97387697544923, 56.819484236779182 ] ], [ [ 105.977338471720614, 56.819323975041911 ], [ 105.977357788787188, 56.819577698897959 ], [ 105.978333300650988, 56.81971513193588 ], [ 105.978024227585266, 56.82007985563073 ], [ 105.977440383418568, 56.819985199083185 ], [ 105.977179473339064, 56.819942898596366 ], [ 105.977238365619684, 56.819836291215424 ], [ 105.977084339654994, 56.819823894988652 ], [ 105.977147762111059, 56.819749517541872 ], [ 105.975924614744443, 56.819499112385685 ], [ 105.97602880877939, 56.819315646159424 ], [ 105.97570716632373, 56.819271019103681 ], [ 105.975634683516802, 56.819417296476843 ], [ 105.975344752289175, 56.819333001111197 ], [ 105.97544539919285, 56.819202398418618 ], [ 105.975271545593372, 56.819144252937591 ], [ 105.975310179726577, 56.818953958005103 ], [ 105.975232911460125, 56.81880595016716 ], [ 105.975570960125793, 56.818652655718616 ], [ 105.975889691724888, 56.818546935043862 ], [ 105.976227740390556, 56.818531076916912 ], [ 105.976826569455454, 56.818589223349555 ], [ 105.977367447320518, 56.81865794174454 ], [ 105.977435057053654, 56.81879009214984 ], [ 105.977309496120682, 56.819001531828832 ], [ 105.977560617986612, 56.819101965258326 ], [ 105.977338471720614, 56.819323975041911 ] ], [ [ 105.984563186040575, 56.822012303343051 ], [ 105.984549573734299, 56.821759028947135 ], [ 105.985733844381485, 56.821848420105923 ], [ 105.986251112020497, 56.821975057215745 ], [ 105.987721241099806, 56.822176185863242 ], [ 105.98872855176522, 56.822377313430898 ], [ 105.988075161063335, 56.822764667185361 ], [ 105.987666791874616, 56.822727421806086 ], [ 105.986387235083413, 56.822548643470121 ], [ 105.98578829360666, 56.82245925398221 ], [ 105.985529659787161, 56.822429457438837 ], [ 105.985175739823603, 56.822280474366458 ], [ 105.984563186040575, 56.822012303343051 ] ] ] ] } },
{ "type": "Feature", "properties": { "id": null }, "geometry": { "type": "MultiPolygon", "coordinates": [ [ [ [ 105.966992371575913, 56.814962497287453 ], [ 105.96677203628505, 56.815094991134949 ], [ 105.967670279882427, 56.815354030121746 ], [ 105.968027028272701, 56.815090849580962 ], [ 105.967739298151457, 56.814978356924811 ], [ 105.967134030064358, 56.814802138355063 ], [ 105.966992371575913, 56.814962497287453 ] ] ] ] } },
{ "type": "Feature", "properties": { "id": null }, "geometry": { "type": "MultiPolygon", "coordinates": [ [ [ [ 105.968016176106261, 56.813741285054526 ], [ 105.96795178588421, 56.813794152209098 ], [ 105.967938907839752, 56.813836445879069 ], [ 105.968718029526343, 56.814266428814136 ], [ 105.969090084278236, 56.814296716872825 ], [ 105.969331547610849, 56.814344296610038 ], [ 105.969799785256441, 56.814532522339441 ], [ 105.970120529067273, 56.814534400779145 ], [ 105.969222116852151, 56.814074316694985 ], [ 105.968016176106261, 56.813741285054526 ] ] ] ] } },
{ "type": "Feature", "properties": { "id": null }, "geometry": { "type": "MultiPolygon", "coordinates": [ [ [ [ 105.957042505799421, 56.813554619781634 ], [ 105.956498013547815, 56.813793047934162 ], [ 105.956620524304427, 56.813912261441558 ], [ 105.957219465781179, 56.814180490446546 ], [ 105.957723121113915, 56.814433816077255 ], [ 105.958145102608896, 56.81470949202361 ], [ 105.958621533329037, 56.814940462201008 ], [ 105.958907391761116, 56.81512672743613 ], [ 105.959070739436569, 56.815083886514046 ], [ 105.958900585607964, 56.814977715322122 ], [ 105.959002677905133, 56.814903209042889 ], [ 105.957042505799421, 56.813554619781634 ] ] ] ] } },
{ "type": "Feature", "properties": { "id": null }, "geometry": { "type": "MultiPolygon", "coordinates": [ [ [ [ 105.770165424430246, 56.791656958759134 ], [ 105.77055561116866, 56.791914676306249 ], [ 105.771399574158593, 56.792045142177038 ], [ 105.771644595671816, 56.792086145642699 ], [ 105.771814749500422, 56.792045142177038 ], [ 105.77236604790518, 56.79211596631685 ], [ 105.773602778729057, 56.792219923150142 ], [ 105.773435364151794, 56.792064756682251 ], [ 105.772804339975892, 56.791951907938731 ], [ 105.772459852288065, 56.791981883419346 ], [ 105.772260242599756, 56.792017148659987 ], [ 105.771316122405963, 56.791845228724931 ], [ 105.771236438069465, 56.791932512026747 ], [ 105.770165424430246, 56.791656958759134 ] ] ] ] } },
{ "type": "Feature", "properties": { "id": null }, "geometry": { "type": "MultiPolygon", "coordinates": [ [ [ [ 105.772038096333702, 56.792551412999053 ], [ 105.772810778998064, 56.792678365782265 ], [ 105.77265624246516, 56.793313123252283 ], [ 105.772939559442122, 56.793369545618582 ], [ 105.773055461841778, 56.792770053636239 ], [ 105.773428925129522, 56.792636048235622 ], [ 105.774536436948452, 56.79276300073235 ], [ 105.774652339348123, 56.793228489543665 ], [ 105.775491751426259, 56.793380458128723 ], [ 105.77584677796645, 56.792904058557795 ], [ 105.774768619965286, 56.792675099566743 ], [ 105.77359796162439, 56.792540908347 ], [ 105.772740386328138, 56.7924067166471 ], [ 105.772155057157661, 56.792391806428576 ], [ 105.772038096333702, 56.792551412999053 ] ] ] ] } },
{ "type": "Feature", "properties": { "id": null }, "geometry": { "type": "MultiPolygon", "coordinates": [ [ [ [ 105.782003560758312, 56.79356224055077 ], [ 105.781739202522743, 56.793520806820062 ], [ 105.781554354650737, 56.793964801806396 ], [ 105.781751733091923, 56.794098987931328 ], [ 105.782003560758312, 56.79356224055077 ] ] ] ] } },
{ "type": "Feature", "properties": { "id": null }, "geometry": { "type": "MultiPolygon", "coordinates": [ [ [ [ 105.78409838492, 56.793676340749585 ], [ 105.784124141008775, 56.793619918844868 ], [ 105.783402970522076, 56.793468284555317 ], [ 105.783132531589501, 56.793725709846576 ], [ 105.783487858841028, 56.793766022683045 ], [ 105.783867522659435, 56.793874035259286 ], [ 105.783950287409283, 56.793835026901498 ], [ 105.78409838492, 56.793676340749585 ] ] ] ] } },
{ "type": "Feature", "properties": { "id": null }, "geometry": { "type": "MultiPolygon", "coordinates": [ [ [ [ 105.790447260812172, 56.794783603450334 ], [ 105.790228334057261, 56.795009283556873 ], [ 105.790943442914028, 56.795174323285522 ], [ 105.791719344372552, 56.795330868668785 ], [ 105.792699430425415, 56.795509776878021 ], [ 105.793611454946813, 56.795711047593159 ], [ 105.794564316387081, 56.795860136315312 ], [ 105.794999910188338, 56.795912317228002 ], [ 105.796020833160085, 56.795971952467923 ], [ 105.796503161193925, 56.795926095023411 ], [ 105.794854771509947, 56.795799153234171 ], [ 105.792665503960933, 56.795326643908659 ], [ 105.790939846010488, 56.794959916149431 ], [ 105.790447260812172, 56.794783603450334 ] ] ] ] } },
{ "type": "Feature", "properties": { "id": null }, "geometry": { "type": "MultiPolygon", "coordinates": [ [ [ [ 105.788910478833657, 56.789888996723192 ], [ 105.788494310056194, 56.790248900523174 ], [ 105.788067866203335, 56.790678018409032 ], [ 105.788819923132849, 56.790760965497505 ], [ 105.790507849112771, 56.791089003199303 ], [ 105.791760181291409, 56.791245565636451 ], [ 105.792835553488302, 56.791417038032023 ], [ 105.793233713438426, 56.791527702544442 ], [ 105.793239061457726, 56.791337694790435 ], [ 105.791458702512998, 56.791032514493352 ], [ 105.79162178882855, 56.790600791783213 ], [ 105.791037396197837, 56.790526356330929 ], [ 105.791132529881935, 56.790198838585923 ], [ 105.790684042514172, 56.790198838585923 ], [ 105.790289917251584, 56.790719888199611 ], [ 105.788876502516828, 56.790422146449558 ], [ 105.788910478833657, 56.789888996723192 ] ] ] ] } },
{ "type": "Feature", "properties": { "id": null }, "geometry": { "type": "MultiPolygon", "coordinates": [ [ [ [ 105.793572029353058, 56.788552832525248 ], [ 105.794808767245939, 56.788805925776643 ], [ 105.794183603036359, 56.789766175816901 ], [ 105.794523366193772, 56.789915049591009 ], [ 105.794985444087828, 56.789178118632336 ], [ 105.795039806192989, 56.788999466522512 ], [ 105.795257254613745, 56.788679379364403 ], [ 105.794229957647815, 56.788474319924333 ], [ 105.793695630733126, 56.788367662125424 ], [ 105.793300218827142, 56.788441173194947 ], [ 105.792985678739754, 56.788958020667152 ], [ 105.792620692512344, 56.789557751540428 ], [ 105.793041998827519, 56.789520532797745 ], [ 105.793572029353058, 56.788552832525248 ] ] ] ] } },
{ "type": "Feature", "properties": { "id": null }, "geometry": { "type": "MultiPolygon", "coordinates": [ [ [ [ 105.792620692512344, 56.789557751540428 ], [ 105.792810959879404, 56.789763384427793 ], [ 105.795074425336452, 56.79015203386529 ], [ 105.796595921452735, 56.790466807862735 ], [ 105.796786188820903, 56.790623122390102 ], [ 105.797118024095283, 56.790632019889834 ], [ 105.797470245316163, 56.78997490908867 ], [ 105.798439702858587, 56.790133706876325 ], [ 105.798600365201949, 56.789817841123025 ], [ 105.798246445238419, 56.789720917906777 ], [ 105.797674728374275, 56.789571804777317 ], [ 105.797119156716192, 56.789602413982877 ], [ 105.796820165137703, 56.790235126204429 ], [ 105.794523366193772, 56.789915049591009 ], [ 105.794183603036359, 56.789766175816901 ], [ 105.793041998827519, 56.789520532797745 ], [ 105.792620692512344, 56.789557751540428 ] ] ] ] } },
{ "type": "Feature", "properties": { "id": null }, "geometry": { "type": "MultiPolygon", "coordinates": [ [ [ [ 105.795039806192989, 56.788999466522512 ], [ 105.794985444087828, 56.789178118632336 ], [ 105.797119156716192, 56.789602413982877 ], [ 105.797187109347703, 56.789393988796419 ], [ 105.795039806192989, 56.788999466522512 ] ] ] ] } },
{ "type": "Feature", "properties": { "id": null }, "geometry": { "type": "MultiPolygon", "coordinates": [ [ [ [ 105.861721723460604, 56.804188369088457 ], [ 105.86191199082873, 56.804277659074842 ], [ 105.86229252556501, 56.804560409295306 ], [ 105.862482792933136, 56.80484315738309 ], [ 105.862496383459458, 56.80504405604421 ], [ 105.862401249775402, 56.805505374820875 ], [ 105.862380863985976, 56.805830898766956 ], [ 105.862312342391149, 56.806187280738769 ], [ 105.862287064492349, 56.806440367146784 ], [ 105.86229252556501, 56.806909757920849 ], [ 105.862643388725246, 56.80684247284271 ], [ 105.862804954875315, 56.806843657461492 ], [ 105.863725144455387, 56.806850404380505 ], [ 105.864343290586888, 56.806809424750483 ], [ 105.866014793766652, 56.806722871911802 ], [ 105.867663411410405, 56.806628320687913 ], [ 105.868023191776004, 56.806554292497992 ], [ 105.868245338042044, 56.806564867962635 ], [ 105.870990074104711, 56.806356198424844 ], [ 105.870827788384489, 56.806246280780989 ], [ 105.867466618794367, 56.80641548924784 ], [ 105.865534912133356, 56.806552970564717 ], [ 105.86485881480202, 56.806531819625704 ], [ 105.8648105221355, 56.806616423310125 ], [ 105.864259985737093, 56.806621711034069 ], [ 105.864231010137203, 56.806584696950857 ], [ 105.862956083740954, 56.806674588232397 ], [ 105.863043010540679, 56.806510668674754 ], [ 105.862618035075243, 56.806500093194828 ], [ 105.862690474075038, 56.805950164126052 ], [ 105.862714620408298, 56.805508628697964 ], [ 105.862715745902435, 56.805264656264669 ], [ 105.862830522807982, 56.805003632700938 ], [ 105.8626603039814, 56.804581027909279 ], [ 105.862581607840141, 56.804433604142872 ], [ 105.862020100205669, 56.804142947057088 ], [ 105.862183873261216, 56.804059336148008 ], [ 105.860836042221578, 56.803912199006909 ], [ 105.860879110830268, 56.804084197168876 ], [ 105.861721723460604, 56.804188369088457 ] ] ] ] } },
{ "type": "Feature", "properties": { "id": null }, "geometry": { "type": "MultiPolygon", "coordinates": [ [ [ [ 105.865442130034168, 56.809573290998109 ], [ 105.86647501003263, 56.809491453414793 ], [ 105.866447828980043, 56.809335217532329 ], [ 105.866121656348938, 56.808978104498181 ], [ 105.865935339802164, 56.809047483526236 ], [ 105.865442130034168, 56.809573290998109 ] ] ] ] } },
{ "type": "Feature", "properties": { "id": null }, "geometry": { "type": "MultiPolygon", "coordinates": [ [ [ [ 105.858048883729282, 56.807813743577377 ], [ 105.857355766888205, 56.80796998580211 ], [ 105.85736935741447, 56.808103907190649 ], [ 105.858565323728527, 56.807962545710943 ], [ 105.858905086885912, 56.80796998580211 ], [ 105.859231259516974, 56.808059266780973 ], [ 105.862411442670123, 56.808025786438833 ], [ 105.862479395301648, 56.808620988061442 ], [ 105.862683253196082, 56.809238499754883 ], [ 105.862989977028761, 56.810246272614407 ], [ 105.862989977028718, 56.810369223173396 ], [ 105.863389960563509, 56.810347019317931 ], [ 105.863311815037292, 56.809969456772727 ], [ 105.863061441636788, 56.809122932921206 ], [ 105.862944870827192, 56.808518688455216 ], [ 105.862547347933074, 56.807787703143291 ], [ 105.862003726881241, 56.807839783993408 ], [ 105.860728184238198, 56.807874451064933 ], [ 105.859217668990638, 56.807891864771172 ], [ 105.858578914254764, 56.807698421517571 ], [ 105.858595902412631, 56.807575658934979 ], [ 105.858551733202177, 56.807475216522853 ], [ 105.859136125832848, 56.807304091793455 ], [ 105.859557432148051, 56.807304091793455 ], [ 105.860029121961759, 56.807242341167637 ], [ 105.862302718459745, 56.807043683097511 ], [ 105.86229252556501, 56.806909757920849 ], [ 105.861769290302675, 56.806932078816843 ], [ 105.86050600384965, 56.807048193263235 ], [ 105.859662758726813, 56.807088324716723 ], [ 105.859289019253723, 56.807077164316901 ], [ 105.858595902412631, 56.807170167547227 ], [ 105.858196743676473, 56.807141637326289 ], [ 105.858171198465939, 56.807054843507288 ], [ 105.857342176361897, 56.807196208410332 ], [ 105.857342176361897, 56.80738221404944 ], [ 105.857600396361519, 56.80739709446069 ], [ 105.85813042688703, 56.807292931457866 ], [ 105.858144017413352, 56.807426855265483 ], [ 105.858048883729282, 56.807813743577377 ] ] ] ] } },
{ "type": "Feature", "properties": { "id": null }, "geometry": { "type": "MultiPolygon", "coordinates": [ [ [ [ 105.858347875307771, 56.810001075456903 ], [ 105.858864315306974, 56.80996387700214 ], [ 105.858850724780694, 56.809469134042878 ], [ 105.858347875307771, 56.809465414146288 ], [ 105.858456599518149, 56.809681167539402 ], [ 105.858375056360359, 56.809740685498241 ], [ 105.858347875307771, 56.810001075456903 ] ] ] ] } },
{ "type": "Feature", "properties": { "id": null }, "geometry": { "type": "MultiPolygon", "coordinates": [ [ [ [ 105.667261677965385, 56.765055179643518 ], [ 105.668382046975253, 56.765138976376733 ], [ 105.668566368489735, 56.764588397379065 ], [ 105.667388522877474, 56.764528807736063 ], [ 105.667261677965385, 56.765055179643518 ] ] ] ] } },
{ "type": "Feature", "properties": { "id": null }, "geometry": { "type": "MultiPolygon", "coordinates": [ [ [ [ 105.676553350910424, 56.765518852556376 ], [ 105.677294297701096, 56.76558297085527 ], [ 105.677450325645793, 56.765611958876647 ], [ 105.677586230908759, 56.765287947885682 ], [ 105.676842149594222, 56.765053317491414 ], [ 105.675741316964263, 56.76486710184907 ], [ 105.675333601175396, 56.765351260598003 ], [ 105.676553350910424, 56.765518852556376 ] ] ] ] } },
{ "type": "Feature", "properties": { "id": null }, "geometry": { "type": "MultiPolygon", "coordinates": [ [ [ [ 105.680404371361917, 56.763506286791795 ], [ 105.68019188362922, 56.763442761087461 ], [ 105.679969737363209, 56.763633337878019 ], [ 105.679882810563484, 56.763654513017272 ], [ 105.679795883763745, 56.763733919683034 ], [ 105.679390225364926, 56.763622750303931 ], [ 105.679488904589547, 56.763533770867738 ], [ 105.679380180379169, 56.76348535292999 ], [ 105.67914914143212, 56.763712544250865 ], [ 105.679931103230018, 56.763892732510783 ], [ 105.680178424360378, 56.763713074779126 ], [ 105.680133932429399, 56.763696863259916 ], [ 105.680404371361917, 56.763506286791795 ] ] ] ] } },
{ "type": "Feature", "properties": { "id": null }, "geometry": { "type": "MultiPolygon", "coordinates": [ [ [ [ 105.649921251428481, 56.762235419009379 ], [ 105.650485752091356, 56.761834328440891 ], [ 105.649521510974083, 56.761345590176724 ], [ 105.648869165711858, 56.761673359830255 ], [ 105.649921251428481, 56.762235419009379 ] ] ] ] } },
{ "type": "Feature", "properties": { "id": null }, "geometry": { "type": "MultiPolygon", "coordinates": [ [ [ [ 105.650656423089046, 56.761713061969189 ], [ 105.650939455884242, 56.761511958464496 ], [ 105.650665325203633, 56.761333526746853 ], [ 105.650669910446055, 56.761463537919482 ], [ 105.650574776761971, 56.761500784498104 ], [ 105.650432076235873, 56.761590176136089 ], [ 105.650656423089046, 56.761713061969189 ] ] ] ] } },
{ "type": "Feature", "properties": { "id": null }, "geometry": { "type": "MultiPolygon", "coordinates": [ [ [ [ 105.653653030967988, 56.76383110529634 ], [ 105.653962929123921, 56.763714729754192 ], [ 105.654025709590385, 56.763693554648917 ], [ 105.654281660722972, 56.763624735474281 ], [ 105.65440722165593, 56.763635323047836 ], [ 105.65463522962682, 56.763516079705482 ], [ 105.65458256633741, 56.763439728277724 ], [ 105.654298864101037, 56.763497457420343 ], [ 105.654247899627407, 56.763479766240913 ], [ 105.65377562883863, 56.763501181878105 ], [ 105.653518418137594, 56.763586215095678 ], [ 105.653653030967988, 56.76383110529634 ] ] ] ] } },
{ "type": "Feature", "properties": { "id": null }, "geometry": { "type": "MultiPolygon", "coordinates": [ [ [ [ 105.642526765898864, 56.771947118387644 ], [ 105.643027018154996, 56.77174572014183 ], [ 105.643476224262542, 56.771482781916689 ], [ 105.643598735019154, 56.771382081683086 ], [ 105.643619153478596, 56.771219841849579 ], [ 105.643711036546051, 56.771085573870835 ], [ 105.643445596573429, 56.771169491413843 ], [ 105.642411400633677, 56.77160317539483 ], [ 105.642438581686307, 56.77175708610455 ], [ 105.642280025546171, 56.771863830258411 ], [ 105.642526765898864, 56.771947118387644 ] ] ] ] } },
{ "type": "Feature", "properties": { "id": null }, "geometry": { "type": "MultiPolygon", "coordinates": [ [ [ [ 105.644201079572483, 56.770828225569048 ], [ 105.644832376933309, 56.770538386789966 ], [ 105.644411756221444, 56.770304218337877 ], [ 105.643804400689561, 56.770577458702448 ], [ 105.644201079572483, 56.770828225569048 ] ] ] ] } },
{ "type": "Feature", "properties": { "id": null }, "geometry": { "type": "MultiPolygon", "coordinates": [ [ [ [ 105.650877915807598, 56.757337347848207 ], [ 105.651490469590641, 56.757432489215795 ], [ 105.65155172496894, 56.757538823400196 ], [ 105.652480764873218, 56.757645157283534 ], [ 105.653613989371834, 56.757869017106401 ], [ 105.654165287776578, 56.758148840008424 ], [ 105.654246961614305, 56.758283154260781 ], [ 105.654389890830316, 56.758327925571471 ], [ 105.6544715646681, 56.758451046400651 ], [ 105.654818678478463, 56.758395082437438 ], [ 105.654818678478463, 56.758294347093461 ], [ 105.65484930616762, 56.758221593621407 ], [ 105.654655330802981, 56.757857824146932 ], [ 105.653920266263356, 56.757583595598305 ], [ 105.653195410953415, 56.757494051148718 ], [ 105.65312905096026, 56.757481458943396 ], [ 105.653246457102, 56.757263193379849 ], [ 105.653009092511084, 56.757219819943707 ], [ 105.652700263312113, 56.7574156995802 ], [ 105.652166831059418, 56.75731915902989 ], [ 105.651778880330127, 56.757168051583349 ], [ 105.651513440357505, 56.757252000239816 ], [ 105.650972351182475, 56.757168051583349 ], [ 105.650877915807598, 56.757337347848207 ] ] ] ] } },
{ "type": "Feature", "properties": { "id": null }, "geometry": { "type": "MultiPolygon", "coordinates": [ [ [ [ 105.658365829095501, 56.765014212283162 ], [ 105.658763351989663, 56.764896896413944 ], [ 105.658610458568759, 56.764816823467314 ], [ 105.658517023700469, 56.764741405768376 ], [ 105.658314098377602, 56.764810525151873 ], [ 105.65818031007403, 56.764909926841696 ], [ 105.658365829095501, 56.765014212283162 ] ] ] ] } }
]
}
