{
"type": "FeatureCollection",
"name": "hospital",
"crs": { "type": "name", "properties": { "name": "urn:ogc:def:crs:OGC:1.3:CRS84" } },
"features": [
{ "type": "Feature", "properties": { "AA_MINS": 15 }, "geometry": { "type": "Polygon", "coordinates": [ [ [ 105.655297092277053, 56.758281323361345 ], [ 105.657202, 56.759177 ], [ 105.658028222921416, 56.759210778533173 ], [ 105.655297092277053, 56.758281323361345 ] ] ] } },
{ "type": "Feature", "properties": { "AA_MINS": 30 }, "geometry": { "type": "Polygon", "coordinates": [ [ [ 105.67986, 56.766912 ], [ 105.679014, 56.766652 ], [ 105.678383, 56.766441 ], [ 105.675391, 56.766789 ], [ 105.680615, 56.767306 ], [ 105.67986, 56.766912 ] ] ] } },
{ "type": "Feature", "properties": { "AA_MINS": 30 }, "geometry": { "type": "Polygon", "coordinates": [ [ [ 105.690218, 56.766805 ], [ 105.690580904453341, 56.767038664616777 ], [ 105.692654102921139, 56.768321183789048 ], [ 105.690218, 56.766805 ] ] ] } },
{ "type": "Feature", "properties": { "AA_MINS": 30 }, "geometry": { "type": "Polygon", "coordinates": [ [ [ 105.696037612026345, 56.770343032976164 ], [ 105.695481101823901, 56.770073872594203 ], [ 105.695761, 56.770248 ], [ 105.696037612026345, 56.770343032976164 ] ] ] } },
{ "type": "Feature", "properties": { "AA_MINS": 30 }, "geometry": { "type": "Polygon", "coordinates": [ [ [ 105.654216, 56.757773 ], [ 105.655297092277038, 56.758281323361345 ], [ 105.655297092277053, 56.758281323361345 ], [ 105.654216, 56.757773 ] ] ] } },
{ "type": "Feature", "properties": { "AA_MINS": 30 }, "geometry": { "type": "Polygon", "coordinates": [ [ [ 105.827698, 56.7949 ], [ 105.827599026918364, 56.794886977226099 ], [ 105.827599, 56.794887 ], [ 105.826359077832578, 56.7947238266336 ], [ 105.826358, 56.794725 ], [ 105.82632798595445, 56.794722737036246 ], [ 105.826237296706367, 56.794845981399035 ], [ 105.827714623026566, 56.794901947835292 ], [ 105.82769824105803, 56.794899795145604 ], [ 105.827698, 56.7949 ] ] ] } },
{ "type": "Feature", "properties": { "AA_MINS": 30 }, "geometry": { "type": "Polygon", "coordinates": [ [ [ 105.847340405346131, 56.800582735000646 ], [ 105.847340492188906, 56.800582740159911 ], [ 105.851129867802584, 56.800187653052546 ], [ 105.851070020644684, 56.800171839608154 ], [ 105.847340405346131, 56.800582735000646 ] ] ] } },
{ "type": "Feature", "properties": { "AA_MINS": 45 }, "geometry": { "type": "Polygon", "coordinates": [ [ [ 105.919444596356144, 56.810146380742871 ], [ 105.918983, 56.810073 ], [ 105.918351, 56.810372 ], [ 105.918712684829785, 56.810406744526958 ], [ 105.919444596356144, 56.810146380742871 ] ] ] } },
{ "type": "Feature", "properties": { "AA_MINS": 45 }, "geometry": { "type": "Polygon", "coordinates": [ [ [ 105.844103, 56.797679 ], [ 105.843002, 56.79742 ], [ 105.844871, 56.797946 ], [ 105.844103, 56.797679 ] ] ] } },
{ "type": "Feature", "properties": { "AA_MINS": 45 }, "geometry": { "type": "Polygon", "coordinates": [ [ [ 105.846028, 56.798262 ], [ 105.844871, 56.797946 ], [ 105.846123527086874, 56.798300240593967 ], [ 105.846028, 56.798262 ] ] ] } },
{ "type": "Feature", "properties": { "AA_MINS": 15 }, "geometry": { "type": "Polygon", "coordinates": [ [ [ 105.744004264130183, 56.778659265724144 ], [ 105.740007, 56.777439 ], [ 105.744367, 56.77877 ], [ 105.745332573527094, 56.778859893265306 ], [ 105.744004264130183, 56.778659265724144 ] ] ] } },
{ "type": "Feature", "properties": { "AA_MINS": 30 }, "geometry": { "type": "Polygon", "coordinates": [ [ [ 105.687538, 56.76948 ], [ 105.691317, 56.771787 ], [ 105.688272, 56.769834 ], [ 105.687538, 56.76948 ] ] ] } },
{ "type": "Feature", "properties": { "AA_MINS": 30 }, "geometry": { "type": "Polygon", "coordinates": [ [ [ 105.69241, 56.772395 ], [ 105.691317, 56.771787 ], [ 105.694718, 56.774107 ], [ 105.693485, 56.773122 ], [ 105.69241, 56.772395 ] ] ] } },
{ "type": "Feature", "properties": { "AA_MINS": 30 }, "geometry": { "type": "Polygon", "coordinates": [ [ [ 105.695481101823901, 56.770073872594203 ], [ 105.695409, 56.770039 ], [ 105.695944, 56.770373 ], [ 105.698351244225805, 56.771647058592826 ], [ 105.698851846197627, 56.771809229904477 ], [ 105.69915001669294, 56.771848371108689 ], [ 105.696037612026345, 56.770343032976164 ], [ 105.695761, 56.770248 ], [ 105.695481101823901, 56.770073872594203 ] ] ] } },
{ "type": "Feature", "properties": { "AA_MINS": 30 }, "geometry": { "type": "Polygon", "coordinates": [ [ [ 105.694561, 56.769508 ], [ 105.692654102921878, 56.76832118378951 ], [ 105.690580904453341, 56.767038664616777 ], [ 105.693099, 56.76866 ], [ 105.694561, 56.769508 ] ] ] } },
{ "type": "Feature", "properties": { "AA_MINS": 30 }, "geometry": { "type": "Polygon", "coordinates": [ [ [ 105.822515, 56.799063 ], [ 105.819636629973417, 56.79847231291361 ], [ 105.819355392578629, 56.798882494343189 ], [ 105.822515, 56.799063 ] ] ] } },
{ "type": "Feature", "properties": { "AA_MINS": 30 }, "geometry": { "type": "Polygon", "coordinates": [ [ [ 105.826359077832578, 56.7947238266336 ], [ 105.827599, 56.794887 ], [ 105.827599026918364, 56.794886977226099 ], [ 105.827698, 56.7949 ], [ 105.82769824105803, 56.794899795145604 ], [ 105.827714623026566, 56.794901947835292 ], [ 105.827716, 56.794902 ], [ 105.82633, 56.79472 ], [ 105.825674934023311, 56.794673209573098 ], [ 105.824995, 56.794676 ], [ 105.822991, 56.794723 ], [ 105.826237296706353, 56.794845981399035 ], [ 105.82632798595445, 56.794722737036246 ], [ 105.826358, 56.794725 ], [ 105.826359077832578, 56.7947238266336 ] ] ] } },
{ "type": "Feature", "properties": { "AA_MINS": 30 }, "geometry": { "type": "Polygon", "coordinates": [ [ [ 105.787645, 56.779143 ], [ 105.785663748463094, 56.778231253965636 ], [ 105.785692973783043, 56.778435487377969 ], [ 105.787645, 56.779143 ] ] ] } },
{ "type": "Feature", "properties": { "AA_MINS": 30 }, "geometry": { "type": "Polygon", "coordinates": [ [ [ 105.852594, 56.800035 ], [ 105.853011, 56.799958 ], [ 105.851070020644684, 56.800171839608154 ], [ 105.851129867802584, 56.800187653052546 ], [ 105.852594, 56.800035 ] ] ] } },
{ "type": "Feature", "properties": { "AA_MINS": 30 }, "geometry": { "type": "Polygon", "coordinates": [ [ [ 105.847340405346117, 56.800582735000646 ], [ 105.847338, 56.800583 ], [ 105.847340492188906, 56.800582740159911 ], [ 105.847340405346117, 56.800582735000646 ] ] ] } },
{ "type": "Feature", "properties": { "AA_MINS": 45 }, "geometry": { "type": "Polygon", "coordinates": [ [ [ 105.917506, 56.810836 ], [ 105.918712684829785, 56.810406744526958 ], [ 105.918351, 56.810372 ], [ 105.917506, 56.810836 ] ] ] } },
{ "type": "Feature", "properties": { "AA_MINS": 5 }, "geometry": { "type": "Polygon", "coordinates": [ [ [ 105.675137, 56.76043 ], [ 105.675692, 56.760615 ], [ 105.676178, 56.760776 ], [ 105.675137, 56.76043 ] ] ] } },
{ "type": "Feature", "properties": { "AA_MINS": 5 }, "geometry": { "type": "Polygon", "coordinates": [ [ [ 105.67181345677119, 56.761731730379076 ], [ 105.671144, 56.761327 ], [ 105.669648, 56.761528 ], [ 105.67181345677119, 56.761731730379076 ] ] ] } },
{ "type": "Feature", "properties": { "AA_MINS": 5 }, "geometry": { "type": "Polygon", "coordinates": [ [ [ 105.751547, 56.779645 ], [ 105.752308891196336, 56.779889675138882 ], [ 105.75230889119635, 56.779889675138882 ], [ 105.751547, 56.779645 ] ] ] } },
{ "type": "Feature", "properties": { "AA_MINS": 5 }, "geometry": { "type": "Polygon", "coordinates": [ [ [ 105.793143, 56.791228 ], [ 105.79113918218755, 56.791040499904689 ], [ 105.791165681130224, 56.791091085184902 ], [ 105.793143, 56.791228 ] ] ] } },
{ "type": "Feature", "properties": { "AA_MINS": 10 }, "geometry": { "type": "Polygon", "coordinates": [ [ [ 105.672032250041923, 56.761864005213262 ], [ 105.67181345677119, 56.761731730379076 ], [ 105.669648, 56.761528 ], [ 105.672032250041923, 56.761864005213262 ] ] ] } },
{ "type": "Feature", "properties": { "AA_MINS": 10 }, "geometry": { "type": "Polygon", "coordinates": [ [ [ 105.660871, 56.759764 ], [ 105.662872, 56.759131 ], [ 105.665354, 56.757729 ], [ 105.660027, 56.759891 ], [ 105.660871, 56.759764 ] ] ] } },
{ "type": "Feature", "properties": { "AA_MINS": 10 }, "geometry": { "type": "Polygon", "coordinates": [ [ [ 105.75251, 56.779919 ], [ 105.75230889119635, 56.779889675138882 ], [ 105.752308891196364, 56.77988967513889 ], [ 105.75251, 56.779919 ] ] ] } },
{ "type": "Feature", "properties": { "AA_MINS": 10 }, "geometry": { "type": "Polygon", "coordinates": [ [ [ 105.782096233838089, 56.805980446931677 ], [ 105.7820809436583, 56.805975566856581 ], [ 105.781904833532693, 56.80609725730212 ], [ 105.782410629123262, 56.806434488897224 ], [ 105.782096233838089, 56.805980446931677 ] ] ] } },
{ "type": "Feature", "properties": { "AA_MINS": 10 }, "geometry": { "type": "Polygon", "coordinates": [ [ [ 105.87491, 56.802875 ], [ 105.874919, 56.802875 ], [ 105.873715, 56.802862 ], [ 105.87491, 56.802875 ] ] ] } },
{ "type": "Feature", "properties": { "AA_MINS": 5 }, "geometry": { "type": "Polygon", "coordinates": [ [ [ 105.664945, 56.760891 ], [ 105.664545477838359, 56.761091256274383 ], [ 105.666957, 56.761236 ], [ 105.664945, 56.760891 ] ] ] } },
{ "type": "Feature", "properties": { "AA_MINS": 5 }, "geometry": { "type": "Polygon", "coordinates": [ [ [ 105.669115, 56.76143 ], [ 105.666957, 56.761236 ], [ 105.669648, 56.761528 ], [ 105.669115, 56.76143 ] ] ] } },
{ "type": "Feature", "properties": { "AA_MINS": 5 }, "geometry": { "type": "Polygon", "coordinates": [ [ [ 105.755171409750318, 56.783220516583079 ], [ 105.754807, 56.783248 ], [ 105.755624848641219, 56.783222619081798 ], [ 105.755171409750318, 56.783220516583079 ] ] ] } },
{ "type": "Feature", "properties": { "AA_MINS": 5 }, "geometry": { "type": "Polygon", "coordinates": [ [ [ 105.759760585673575, 56.783189670517793 ], [ 105.757896189188713, 56.783205 ], [ 105.759792141226825, 56.783205 ], [ 105.759760585673575, 56.783189670517793 ] ] ] } },
{ "type": "Feature", "properties": { "AA_MINS": 5 }, "geometry": { "type": "Polygon", "coordinates": [ [ [ 105.777875, 56.791236 ], [ 105.78017, 56.79187 ], [ 105.775177, 56.789971 ], [ 105.777875, 56.791236 ] ] ] } },
{ "type": "Feature", "properties": { "AA_MINS": 10 }, "geometry": { "type": "Polygon", "coordinates": [ [ [ 105.782434863315373, 56.806450646679949 ], [ 105.782410629123262, 56.806434488897217 ], [ 105.782410629123262, 56.806434488897224 ], [ 105.782434863315359, 56.806450646679949 ], [ 105.782434863315373, 56.806450646679949 ] ] ] } },
{ "type": "Feature", "properties": { "AA_MINS": 10 }, "geometry": { "type": "Polygon", "coordinates": [ [ [ 105.660911, 56.762913 ], [ 105.664545477838359, 56.761091256274383 ], [ 105.664545477838345, 56.761091256274383 ], [ 105.660911, 56.762913 ] ] ] } },
{ "type": "Feature", "properties": { "AA_MINS": 5 }, "geometry": { "type": "Polygon", "coordinates": [ [ [ 105.755678849928813, 56.783220943218815 ], [ 105.755624848641204, 56.783222619081798 ], [ 105.755624848641219, 56.783222619081798 ], [ 105.755678849928813, 56.783220943218815 ] ] ] } },
{ "type": "Feature", "properties": { "AA_MINS": 5 }, "geometry": { "type": "Polygon", "coordinates": [ [ [ 105.7728465, 56.8033504 ], [ 105.7728509, 56.8033672 ], [ 105.7729607, 56.8033865 ], [ 105.7731298, 56.8033684 ], [ 105.7761453, 56.804574 ], [ 105.780052319452039, 56.805953849650791 ], [ 105.781732056419898, 56.805863374001959 ], [ 105.784116977245588, 56.806618642088274 ], [ 105.784216, 56.806657 ], [ 105.784504, 56.80673 ], [ 105.784792, 56.806802 ], [ 105.78488, 56.806453 ], [ 105.784456253484009, 56.804750990513114 ], [ 105.784871, 56.802866 ], [ 105.783623, 56.801164 ], [ 105.782221, 56.801417 ], [ 105.780654703584275, 56.80232942766051 ], [ 105.778913, 56.802985 ], [ 105.775984, 56.802509 ], [ 105.772736, 56.803013 ], [ 105.772660251711443, 56.803336315865778 ], [ 105.7728465, 56.8033504 ] ] ] } },
{ "type": "Feature", "properties": { "AA_MINS": 5 }, "geometry": { "type": "Polygon", "coordinates": [ [ [ 105.674096, 56.760084 ], [ 105.668762, 56.757993 ], [ 105.667759, 56.757561 ], [ 105.6674, 56.757531 ], [ 105.665492, 56.758192 ], [ 105.664257, 56.758707 ], [ 105.662799, 56.759665 ], [ 105.662743, 56.760021 ], [ 105.663275, 56.761015 ], [ 105.664545477838359, 56.761091256274383 ], [ 105.664945, 56.760891 ], [ 105.666957, 56.761236 ], [ 105.669115, 56.76143 ], [ 105.669648, 56.761528 ], [ 105.671144, 56.761327 ], [ 105.67181345677119, 56.761731730379076 ], [ 105.674261, 56.761962 ], [ 105.67524, 56.761723 ], [ 105.676065, 56.761118 ], [ 105.676178, 56.760776 ], [ 105.675692, 56.760615 ], [ 105.675137, 56.76043 ], [ 105.674096, 56.760084 ] ] ] } },
{ "type": "Feature", "properties": { "AA_MINS": 5 }, "geometry": { "type": "Polygon", "coordinates": [ [ [ 105.755624848641219, 56.783222619081798 ], [ 105.755678849928813, 56.783220943218815 ], [ 105.755707, 56.783223 ], [ 105.75572035120706, 56.783219655278117 ], [ 105.756192587837745, 56.783205 ], [ 105.757896189188713, 56.783205 ], [ 105.759760585673575, 56.783189670517793 ], [ 105.759792141226825, 56.783205 ], [ 105.760349, 56.783205 ], [ 105.760431, 56.783033 ], [ 105.760398, 56.782849 ], [ 105.75964, 56.780896 ], [ 105.755284890284273, 56.78057947347952 ], [ 105.75251, 56.779919 ], [ 105.752491931075554, 56.779948456902055 ], [ 105.75230889119635, 56.779889675138882 ], [ 105.752308891196336, 56.779889675138882 ], [ 105.751547, 56.779645 ], [ 105.751069, 56.779569 ], [ 105.750591, 56.779494 ], [ 105.750573026207903, 56.779607941003462 ], [ 105.748871, 56.779221 ], [ 105.748633, 56.779183 ], [ 105.748395, 56.779145 ], [ 105.748339, 56.779501 ], [ 105.749192, 56.781619 ], [ 105.750113, 56.782516 ], [ 105.750907, 56.782826 ], [ 105.751234, 56.782873 ], [ 105.75156, 56.78292 ], [ 105.752846718698763, 56.783014013929517 ], [ 105.753119, 56.783211 ], [ 105.754807, 56.783248 ], [ 105.755171409750318, 56.783220516583079 ], [ 105.755624848641219, 56.783222619081798 ] ] ] } },
{ "type": "Feature", "properties": { "AA_MINS": 5 }, "geometry": { "type": "Polygon", "coordinates": [ [ [ 105.782165, 56.793977 ], [ 105.782248, 56.793774 ], [ 105.782465, 56.792503 ], [ 105.78017, 56.79187 ], [ 105.777875, 56.791236 ], [ 105.775177, 56.789971 ], [ 105.774977, 56.789899 ], [ 105.774744, 56.789819 ], [ 105.774487, 56.78978 ], [ 105.770977, 56.791956 ], [ 105.770904, 56.792308 ], [ 105.771183, 56.793147 ], [ 105.771512, 56.793291 ], [ 105.776394, 56.793218 ], [ 105.778591, 56.794172 ], [ 105.779712, 56.794893 ], [ 105.780771, 56.794695 ], [ 105.781942, 56.794431 ], [ 105.782072, 56.794199 ], [ 105.782082, 56.794179 ], [ 105.782165, 56.793977 ] ] ] } },
{ "type": "Feature", "properties": { "AA_MINS": 5 }, "geometry": { "type": "Polygon", "coordinates": [ [ [ 105.797124, 56.789823 ], [ 105.794589, 56.789245 ], [ 105.790237, 56.787912 ], [ 105.787623, 56.787402 ], [ 105.787357, 56.787615 ], [ 105.786381, 56.789903 ], [ 105.786308, 56.790256 ], [ 105.786657, 56.790328 ], [ 105.787006, 56.790401 ], [ 105.788457, 56.790702 ], [ 105.789908, 56.791004 ], [ 105.791165681130224, 56.791091085184902 ], [ 105.79113918218755, 56.791040499904689 ], [ 105.793143, 56.791228 ], [ 105.797743, 56.791131 ], [ 105.797812, 56.790778 ], [ 105.797449, 56.789979 ], [ 105.797124, 56.789823 ] ] ] } },
{ "type": "Feature", "properties": { "AA_MINS": 5 }, "geometry": { "type": "Polygon", "coordinates": [ [ [ 105.796393, 56.796228 ], [ 105.796034, 56.796196 ], [ 105.792381, 56.796767 ], [ 105.788732, 56.796254 ], [ 105.788497, 56.796197 ], [ 105.788263, 56.796141 ], [ 105.788178, 56.79649 ], [ 105.790188, 56.797995 ], [ 105.794139, 56.799659 ], [ 105.794287, 56.799687 ], [ 105.794716, 56.799767 ], [ 105.795144, 56.799847 ], [ 105.798036, 56.798913 ], [ 105.798122, 56.798564 ], [ 105.796626, 56.796344 ], [ 105.796393, 56.796228 ] ] ] } },
{ "type": "Feature", "properties": { "AA_MINS": 5 }, "geometry": { "type": "Polygon", "coordinates": [ [ [ 105.892601, 56.80103 ], [ 105.891795, 56.801358 ], [ 105.886178, 56.802075 ], [ 105.884068, 56.802 ], [ 105.880532, 56.802823 ], [ 105.880489, 56.803181 ], [ 105.880766, 56.803708 ], [ 105.886513, 56.805369 ], [ 105.887976, 56.805914 ], [ 105.892786, 56.803735 ], [ 105.893056, 56.80361 ], [ 105.893326, 56.803485 ], [ 105.894001, 56.80214 ], [ 105.893924, 56.801788 ], [ 105.893406, 56.800702 ], [ 105.892601, 56.80103 ] ] ] } },
{ "type": "Feature", "properties": { "AA_MINS": 10 }, "geometry": { "type": "Polygon", "coordinates": [ [ [ 105.7668554, 56.803056 ], [ 105.7684125, 56.8030151 ], [ 105.768715668496469, 56.803038025664613 ], [ 105.76876, 56.803037 ], [ 105.76879400285631, 56.803037885747344 ], [ 105.768794, 56.803038 ], [ 105.768911203499144, 56.803040938730803 ], [ 105.769451, 56.803055 ], [ 105.770151, 56.803072 ], [ 105.77016010600434, 56.803072880718901 ], [ 105.77016, 56.803074 ], [ 105.770709890012881, 56.80312605499261 ], [ 105.770709890013322, 56.803126054992653 ], [ 105.77073, 56.803128 ], [ 105.770826974611197, 56.803197683071076 ], [ 105.772660251711443, 56.803336315865778 ], [ 105.772736, 56.803013 ], [ 105.775984, 56.802509 ], [ 105.778913, 56.802985 ], [ 105.780654703584275, 56.80232942766051 ], [ 105.782221, 56.801417 ], [ 105.783623, 56.801164 ], [ 105.784871, 56.802866 ], [ 105.784456253484009, 56.804750990513114 ], [ 105.78488, 56.806453 ], [ 105.784792, 56.806802 ], [ 105.784504, 56.80673 ], [ 105.784216, 56.806657 ], [ 105.784116977245588, 56.806618642088274 ], [ 105.781732056419898, 56.805863374001959 ], [ 105.780052319452039, 56.805953849650791 ], [ 105.7801728, 56.8059964 ], [ 105.781594689895385, 56.806281930807138 ], [ 105.781896326383574, 56.80609158528852 ], [ 105.781904833532693, 56.80609725730212 ], [ 105.7820809436583, 56.805975566856581 ], [ 105.782096233838089, 56.805980446931677 ], [ 105.782410629123262, 56.806434488897224 ], [ 105.782410629123262, 56.806434488897217 ], [ 105.782434863315373, 56.806450646679949 ], [ 105.784317, 56.8068286 ], [ 105.7855271, 56.8071725 ], [ 105.7866807, 56.8077037 ], [ 105.7872232, 56.807896 ], [ 105.7874779, 56.8080138 ], [ 105.7874494, 56.8080367 ], [ 105.7876514, 56.8081317 ], [ 105.7877195, 56.8081052 ], [ 105.7904516, 56.8088771 ], [ 105.7907393, 56.8089047 ], [ 105.791090277332785, 56.808970771358034 ], [ 105.791137, 56.808704 ], [ 105.789355, 56.806912 ], [ 105.788819984094189, 56.804982885505318 ], [ 105.788794, 56.804756 ], [ 105.788478, 56.802545 ], [ 105.78847596609026, 56.802532575163667 ], [ 105.788474, 56.802342 ], [ 105.788359494129011, 56.801821066175854 ], [ 105.788037, 56.799851 ], [ 105.787940397061774, 56.799319108822303 ], [ 105.793003, 56.801156 ], [ 105.794458, 56.801503 ], [ 105.796042, 56.80187 ], [ 105.798364, 56.802113 ], [ 105.799344, 56.801905 ], [ 105.80377, 56.800016 ], [ 105.803967, 56.799871 ], [ 105.804051, 56.79952 ], [ 105.804231, 56.798622 ], [ 105.804142, 56.798273 ], [ 105.799484, 56.79675 ], [ 105.797982, 56.796269 ], [ 105.796217, 56.796176 ], [ 105.794014913098877, 56.795890833178291 ], [ 105.792688, 56.795719 ], [ 105.78971, 56.794929 ], [ 105.788432, 56.794616 ], [ 105.787190948523076, 56.794312049207917 ], [ 105.785463071601711, 56.791324554693482 ], [ 105.788457, 56.790702 ], [ 105.787006, 56.790401 ], [ 105.786657, 56.790328 ], [ 105.786308, 56.790256 ], [ 105.786381, 56.789903 ], [ 105.787357, 56.787615 ], [ 105.787623, 56.787402 ], [ 105.790237, 56.787912 ], [ 105.794589, 56.789245 ], [ 105.797124, 56.789823 ], [ 105.797449, 56.789979 ], [ 105.797812, 56.790778 ], [ 105.797743, 56.791131 ], [ 105.799196, 56.792094 ], [ 105.800388, 56.792508 ], [ 105.801464, 56.792692 ], [ 105.802539, 56.792877 ], [ 105.803665, 56.791579 ], [ 105.801228, 56.787299 ], [ 105.800817, 56.787329 ], [ 105.800405, 56.787359 ], [ 105.800012, 56.787482 ], [ 105.799661, 56.787596 ], [ 105.796105, 56.787905 ], [ 105.793726, 56.786262 ], [ 105.793289, 56.786284 ], [ 105.792852, 56.786305 ], [ 105.791418, 56.786443 ], [ 105.789993, 56.78658 ], [ 105.789538, 56.786651 ], [ 105.783896, 56.786882 ], [ 105.780447, 56.788296 ], [ 105.780371, 56.788648 ], [ 105.781837772584268, 56.791329588290886 ], [ 105.78017, 56.79187 ], [ 105.782465, 56.792503 ], [ 105.782248, 56.793774 ], [ 105.782165, 56.793977 ], [ 105.782082, 56.794179 ], [ 105.782072, 56.794199 ], [ 105.781942, 56.794431 ], [ 105.780771, 56.794695 ], [ 105.779712, 56.794893 ], [ 105.778591, 56.794172 ], [ 105.776394, 56.793218 ], [ 105.771512, 56.793291 ], [ 105.771183, 56.793147 ], [ 105.770904, 56.792308 ], [ 105.770977, 56.791956 ], [ 105.774487, 56.78978 ], [ 105.77295, 56.789646 ], [ 105.767914, 56.789156 ], [ 105.767653, 56.789167 ], [ 105.767473, 56.789213 ], [ 105.765874, 56.790163 ], [ 105.765886, 56.790523 ], [ 105.768282, 56.792205 ], [ 105.771672, 56.796103 ], [ 105.773496, 56.79589 ], [ 105.778101, 56.795253 ], [ 105.781234, 56.797313 ], [ 105.781524, 56.797527 ], [ 105.782196, 56.797405 ], [ 105.783343967570687, 56.797155563345868 ], [ 105.784336827803315, 56.798313052771995 ], [ 105.782959, 56.798625 ], [ 105.78129, 56.799064 ], [ 105.77875746158108, 56.799297138839677 ], [ 105.777781862906039, 56.799331531272408 ], [ 105.776879, 56.799167 ], [ 105.773252, 56.799861 ], [ 105.768752, 56.802677 ], [ 105.767941, 56.802695 ], [ 105.767328729802671, 56.802709117880767 ], [ 105.767197, 56.802712 ], [ 105.767197003450221, 56.802712155260252 ], [ 105.767117, 56.802714 ], [ 105.766579, 56.802764 ], [ 105.766041, 56.802813 ], [ 105.766073950828471, 56.803171465073405 ], [ 105.7668554, 56.803056 ] ], [ [ 105.788497, 56.796197 ], [ 105.788732, 56.796254 ], [ 105.792381, 56.796767 ], [ 105.796034, 56.796196 ], [ 105.796393, 56.796228 ], [ 105.796626, 56.796344 ], [ 105.798122, 56.798564 ], [ 105.798036, 56.798913 ], [ 105.795144, 56.799847 ], [ 105.794716, 56.799767 ], [ 105.794287, 56.799687 ], [ 105.794139, 56.799659 ], [ 105.790188, 56.797995 ], [ 105.788178, 56.79649 ], [ 105.788263, 56.796141 ], [ 105.788497, 56.796197 ] ] ] } },
{ "type": "Feature", "properties": { "AA_MINS": 10 }, "geometry": { "type": "Polygon", "coordinates": [ [ [ 105.678873, 56.761721 ], [ 105.677293, 56.761147 ], [ 105.676178, 56.760776 ], [ 105.676065, 56.761118 ], [ 105.67524, 56.761723 ], [ 105.674261, 56.761962 ], [ 105.67181345677119, 56.761731730379076 ], [ 105.672032250041923, 56.761864005213262 ], [ 105.674977, 56.762279 ], [ 105.67558, 56.762469 ], [ 105.678346, 56.763565 ], [ 105.68086, 56.763749 ], [ 105.680991, 56.763414 ], [ 105.680651, 56.762423 ], [ 105.680491, 56.762316 ], [ 105.678873, 56.761721 ] ] ] } },
{ "type": "Feature", "properties": { "AA_MINS": 10 }, "geometry": { "type": "Polygon", "coordinates": [ [ [ 105.656852, 56.762029 ], [ 105.658877, 56.763455 ], [ 105.660911, 56.762913 ], [ 105.664545477838345, 56.761091256274383 ], [ 105.663275, 56.761015 ], [ 105.662743, 56.760021 ], [ 105.662799, 56.759665 ], [ 105.664257, 56.758707 ], [ 105.665492, 56.758192 ], [ 105.6674, 56.757531 ], [ 105.667759, 56.757561 ], [ 105.668762, 56.757993 ], [ 105.667585, 56.757482 ], [ 105.665354, 56.757729 ], [ 105.662872, 56.759131 ], [ 105.660871, 56.759764 ], [ 105.660027, 56.759891 ], [ 105.656929, 56.760297 ], [ 105.656649, 56.760344 ], [ 105.65637, 56.760391 ], [ 105.656429, 56.760746 ], [ 105.656852, 56.762029 ] ] ] } },
{ "type": "Feature", "properties": { "AA_MINS": 10 }, "geometry": { "type": "Polygon", "coordinates": [ [ [ 105.750113, 56.782516 ], [ 105.749192, 56.781619 ], [ 105.748339, 56.779501 ], [ 105.748395, 56.779145 ], [ 105.744169, 56.779088 ], [ 105.743001, 56.779213 ], [ 105.742675, 56.779279 ], [ 105.742625, 56.779636 ], [ 105.742584, 56.780656 ], [ 105.747363, 56.782591 ], [ 105.747409, 56.782601 ], [ 105.747411, 56.782601 ], [ 105.747457, 56.782611 ], [ 105.752264, 56.78322 ], [ 105.753119, 56.783211 ], [ 105.752846718698763, 56.783014013929517 ], [ 105.75156, 56.78292 ], [ 105.751234, 56.782873 ], [ 105.750907, 56.782826 ], [ 105.750113, 56.782516 ] ] ] } },
{ "type": "Feature", "properties": { "AA_MINS": 10 }, "geometry": { "type": "Polygon", "coordinates": [ [ [ 105.755678849928813, 56.783220943218815 ], [ 105.755624848641219, 56.783222619081798 ], [ 105.755707, 56.783223 ], [ 105.755678849928813, 56.783220943218815 ] ] ] } },
{ "type": "Feature", "properties": { "AA_MINS": 10 }, "geometry": { "type": "Polygon", "coordinates": [ [ [ 105.755707, 56.783223 ], [ 105.757896189188713, 56.783205 ], [ 105.756192587837745, 56.783205 ], [ 105.75572035120706, 56.783219655278117 ], [ 105.755707, 56.783223 ] ] ] } },
{ "type": "Feature", "properties": { "AA_MINS": 10 }, "geometry": { "type": "Polygon", "coordinates": [ [ [ 105.765583, 56.783888 ], [ 105.765353, 56.783715 ], [ 105.765037, 56.783563 ], [ 105.764706, 56.783453 ], [ 105.75964, 56.780896 ], [ 105.760398, 56.782849 ], [ 105.760431, 56.783033 ], [ 105.760349, 56.783205 ], [ 105.759792141226825, 56.783205 ], [ 105.762462, 56.784502 ], [ 105.762856, 56.784555 ], [ 105.763249, 56.784607 ], [ 105.764533324521082, 56.784624010920808 ], [ 105.765782, 56.784807 ], [ 105.766078, 56.784602 ], [ 105.765875090912559, 56.784309909095917 ], [ 105.765583, 56.783888 ] ] ] } },
{ "type": "Feature", "properties": { "AA_MINS": 10 }, "geometry": { "type": "Polygon", "coordinates": [ [ [ 105.752491931075554, 56.779948456902055 ], [ 105.75251, 56.779919 ], [ 105.752308891196364, 56.77988967513889 ], [ 105.752491931075554, 56.779948456902055 ] ] ] } },
{ "type": "Feature", "properties": { "AA_MINS": 10 }, "geometry": { "type": "Polygon", "coordinates": [ [ [ 105.750591, 56.779494 ], [ 105.749698678041156, 56.779409165476125 ], [ 105.748871, 56.779221 ], [ 105.750573026207903, 56.779607941003462 ], [ 105.750591, 56.779494 ] ] ] } },
{ "type": "Feature", "properties": { "AA_MINS": 10 }, "geometry": { "type": "Polygon", "coordinates": [ [ [ 105.898635, 56.800627 ], [ 105.898671, 56.800592 ], [ 105.898839, 56.80033 ], [ 105.899195, 56.799492 ], [ 105.899119, 56.799411 ], [ 105.898755, 56.799264 ], [ 105.898466, 56.799166 ], [ 105.897971, 56.799212 ], [ 105.897558, 56.799266 ], [ 105.897169, 56.799385 ], [ 105.896809, 56.799496 ], [ 105.893406, 56.800702 ], [ 105.893924, 56.801788 ], [ 105.894001, 56.80214 ], [ 105.893326, 56.803485 ], [ 105.893056, 56.80361 ], [ 105.892786, 56.803735 ], [ 105.887976, 56.805914 ], [ 105.886513, 56.805369 ], [ 105.880766, 56.803708 ], [ 105.880489, 56.803181 ], [ 105.880532, 56.802823 ], [ 105.884068, 56.802 ], [ 105.878599, 56.80282 ], [ 105.876775, 56.80288 ], [ 105.876122, 56.802889 ], [ 105.874919, 56.802875 ], [ 105.87491, 56.802875 ], [ 105.873715, 56.802862 ], [ 105.873711, 56.803222 ], [ 105.874011, 56.803932 ], [ 105.874186, 56.804032 ], [ 105.876053, 56.805018 ], [ 105.877092, 56.805388 ], [ 105.879285, 56.805969 ], [ 105.882951, 56.807489 ], [ 105.883958, 56.808021 ], [ 105.889094, 56.809157 ], [ 105.892629, 56.808557 ], [ 105.895166, 56.805743 ], [ 105.897882, 56.801128 ], [ 105.898635, 56.800627 ] ] ] } },
{ "type": "Feature", "properties": { "AA_MINS": 10 }, "geometry": { "type": "Polygon", "coordinates": [ [ [ 105.884068, 56.802 ], [ 105.886178, 56.802075 ], [ 105.891795, 56.801358 ], [ 105.892601, 56.80103 ], [ 105.893406, 56.800702 ], [ 105.889272, 56.801478 ], [ 105.884068, 56.802 ] ] ] } },
{ "type": "Feature", "properties": { "AA_MINS": 120 }, "geometry": { "type": "Polygon", "coordinates": [ [ [ 105.5720415, 56.7836987 ], [ 105.5720571, 56.7837212 ], [ 105.5713744, 56.7840221 ], [ 105.571026, 56.7838355 ], [ 105.5699722, 56.7842995 ], [ 105.5700446, 56.7843602 ], [ 105.5686614, 56.7850435 ], [ 105.5685649, 56.7851189 ], [ 105.5687011, 56.7852161 ], [ 105.568362535140736, 56.7853677241648 ], [ 105.569439326607664, 56.786440272118561 ], [ 105.5738489, 56.7895337 ], [ 105.572047498728352, 56.791097679895699 ], [ 105.572133, 56.791343 ], [ 105.571121193039289, 56.793568901887802 ], [ 105.5717632, 56.7947643 ], [ 105.569967553767356, 56.79610682456768 ], [ 105.569377, 56.797406 ], [ 105.568704, 56.798356 ], [ 105.566616972082457, 56.800053124083419 ], [ 105.5662098, 56.8008956 ], [ 105.5654053, 56.8013319 ], [ 105.5651591, 56.8018 ], [ 105.5656086, 56.8022421 ], [ 105.5668049, 56.8026505 ], [ 105.5682288, 56.8027038 ], [ 105.5709835, 56.8020208 ], [ 105.573284, 56.803633 ], [ 105.574054619120801, 56.803943404207871 ], [ 105.576175147376901, 56.804313792413069 ], [ 105.5823625, 56.804067 ], [ 105.5828257, 56.8046506 ], [ 105.583102687862194, 56.805011875705894 ], [ 105.588824, 56.80467 ], [ 105.594452, 56.803919 ], [ 105.59766, 56.808392 ], [ 105.5978, 56.811059 ], [ 105.601395, 56.81087 ], [ 105.605079, 56.809017 ], [ 105.604764, 56.806824 ], [ 105.606078, 56.80157 ], [ 105.607261, 56.800302 ], [ 105.611725, 56.798479 ], [ 105.60727, 56.799961 ], [ 105.60671, 56.799844 ], [ 105.604184, 56.799113 ], [ 105.599584, 56.795789 ], [ 105.594698, 56.796215 ], [ 105.593741, 56.795925 ], [ 105.587388, 56.790896 ], [ 105.584033, 56.790355 ], [ 105.582816, 56.789734 ], [ 105.584264717123204, 56.786896744595595 ], [ 105.582033154245394, 56.786092447882048 ], [ 105.580748080012043, 56.785861145203775 ], [ 105.5795746, 56.7868348 ], [ 105.5782275, 56.7876706 ], [ 105.5771756, 56.7869928 ], [ 105.5745485, 56.7850346 ], [ 105.572375, 56.783589 ], [ 105.5720415, 56.7836987 ] ] ] } },
{ "type": "Feature", "properties": { "AA_MINS": 120 }, "geometry": { "type": "Polygon", "coordinates": [ [ [ 105.6784368, 56.7731315 ], [ 105.679608148346773, 56.772450923424842 ], [ 105.679225, 56.772236 ], [ 105.678255302008552, 56.77013975561362 ], [ 105.677559176912098, 56.770254084186945 ], [ 105.676067583054419, 56.771693089043787 ], [ 105.6784368, 56.7731315 ] ] ] } },
{ "type": "Feature", "properties": { "AA_MINS": 120 }, "geometry": { "type": "Polygon", "coordinates": [ [ [ 105.8919157, 56.8140232 ], [ 105.893034988147747, 56.813819963225917 ], [ 105.892219358300565, 56.813259879928147 ], [ 105.892168, 56.813274 ], [ 105.891602, 56.81335 ], [ 105.891185, 56.813355 ], [ 105.890794, 56.813318 ], [ 105.890474, 56.813267 ], [ 105.888695, 56.812767 ], [ 105.88737, 56.812405 ], [ 105.887326636643749, 56.812406682262214 ], [ 105.889929799565635, 56.813407181738043 ], [ 105.890960173153246, 56.813941378843801 ], [ 105.8919157, 56.8140232 ] ] ] } },
{ "type": "Feature", "properties": { "AA_MINS": 120 }, "geometry": { "type": "Polygon", "coordinates": [ [ [ 105.9947078, 56.8237056 ], [ 105.9947451, 56.8236347 ], [ 105.9956961, 56.8237332 ], [ 105.9956732, 56.8238076 ], [ 105.997659, 56.8239858 ], [ 106.0022813, 56.8239786 ], [ 106.0038759, 56.8237834 ], [ 106.0038606, 56.8235767 ], [ 106.0053101, 56.823501 ], [ 106.0063348, 56.8234099 ], [ 106.0071647, 56.8231925 ], [ 106.007896, 56.8229351 ], [ 106.0082724, 56.8227373 ], [ 106.0093042, 56.8222304 ], [ 106.0084101, 56.8218977 ], [ 106.0073988, 56.8224423 ], [ 106.0063697, 56.8228266 ], [ 106.0050034, 56.8231324 ], [ 106.0038394, 56.8232763 ], [ 106.0022883, 56.8232604 ], [ 106.0022847, 56.8232174 ], [ 106.0017497, 56.8231852 ], [ 106.0017139, 56.823239 ], [ 105.9995902, 56.8231347 ], [ 105.9995598, 56.823075 ], [ 105.9992808, 56.8230505 ], [ 105.9990394, 56.8231493 ], [ 105.9927225, 56.8226993 ], [ 105.989864135289906, 56.822262181348215 ], [ 105.989703377522872, 56.82322293904685 ], [ 105.9947078, 56.8237056 ] ] ] } },
{ "type": "Feature", "properties": { "AA_MINS": 120 }, "geometry": { "type": "Polygon", "coordinates": [ [ [ 105.990434, 56.8222314 ], [ 105.9904751, 56.8222128 ], [ 105.9905109, 56.8222197 ], [ 105.9905216, 56.8221933 ], [ 105.989887443407937, 56.822122881989621 ], [ 105.989877671686116, 56.822181282010575 ], [ 105.990434, 56.8222314 ] ] ] } },
{ "type": "Feature", "properties": { "AA_MINS": 120 }, "geometry": { "type": "Polygon", "coordinates": [ [ [ 105.9235622, 56.7936645 ], [ 105.9218466, 56.7932114 ], [ 105.9208079, 56.7928917 ], [ 105.918844, 56.7928337 ], [ 105.9170201, 56.7928809 ], [ 105.9164211, 56.7928024 ], [ 105.9160489, 56.7926205 ], [ 105.9152871, 56.7925862 ], [ 105.9131734, 56.7926354 ], [ 105.9110628, 56.7924819 ], [ 105.9091084, 56.792543 ], [ 105.9080744, 56.7926065 ], [ 105.906042, 56.7926804 ], [ 105.903878, 56.7929245 ], [ 105.903418335663289, 56.793051015882114 ], [ 105.903647, 56.794348 ], [ 105.899627, 56.79575 ], [ 105.893337, 56.797925 ], [ 105.886071, 56.799558 ], [ 105.885213, 56.799699 ], [ 105.883583654307046, 56.800325191612018 ], [ 105.883456652152759, 56.800699628997911 ], [ 105.884515, 56.800673 ], [ 105.886003, 56.80046 ], [ 105.886685238825706, 56.800784180263932 ], [ 105.891185, 56.799857 ], [ 105.894015, 56.79871 ], [ 105.8955, 56.798222 ], [ 105.895798848250607, 56.79886584548143 ], [ 105.899848, 56.797996 ], [ 105.902552, 56.799 ], [ 105.903663, 56.799586 ], [ 105.907187, 56.801284 ], [ 105.912792, 56.800117 ], [ 105.913562, 56.799526 ], [ 105.915611, 56.797255 ], [ 105.917434, 56.795234 ], [ 105.920107, 56.797646 ], [ 105.928822, 56.797472 ], [ 105.92956489689017, 56.797011350673841 ], [ 105.928198, 56.7962 ], [ 105.925736572425862, 56.794313814939905 ], [ 105.9235622, 56.7936645 ] ] ] } },
{ "type": "Feature", "properties": { "AA_MINS": 120 }, "geometry": { "type": "Polygon", "coordinates": [ [ [ 105.6936584, 56.7617698 ], [ 105.6918823, 56.7621874 ], [ 105.6890799, 56.7607094 ], [ 105.6888133, 56.7605118 ], [ 105.6811767, 56.7582498 ], [ 105.6758381, 56.7557747 ], [ 105.675511, 56.7552091 ], [ 105.6750842, 56.7547771 ], [ 105.6736537, 56.7538744 ], [ 105.6707487, 56.7527063 ], [ 105.6659868, 56.7512104 ], [ 105.6635789, 56.7505437 ], [ 105.6607079, 56.749946 ], [ 105.6612113, 56.7495834 ], [ 105.660797055722995, 56.749438157886104 ], [ 105.660353, 56.751908 ], [ 105.659186036144604, 56.756887514443221 ], [ 105.662476411449333, 56.758754738680338 ], [ 105.665354, 56.757729 ], [ 105.667585, 56.757482 ], [ 105.670405, 56.757588 ], [ 105.673726337796069, 56.758295548448338 ], [ 105.673779, 56.7583 ], [ 105.673859634944534, 56.758323944894698 ], [ 105.673935, 56.75834 ], [ 105.673972250919206, 56.758357386694279 ], [ 105.674567, 56.758534 ], [ 105.676219515975816, 56.759406287267737 ], [ 105.679258590079058, 56.760824761052255 ], [ 105.680936, 56.761063 ], [ 105.681946, 56.761407 ], [ 105.684005, 56.762995 ], [ 105.684109956661473, 56.763065882041516 ], [ 105.684223, 56.763124 ], [ 105.685706168406668, 56.764001885678312 ], [ 105.687566992909197, 56.765096822047177 ], [ 105.69131693674322, 56.764992279188704 ], [ 105.694048, 56.76276 ], [ 105.695958538564994, 56.762220669949478 ], [ 105.6936584, 56.7617698 ] ] ] } },
{ "type": "Feature", "properties": { "AA_MINS": 120 }, "geometry": { "type": "Polygon", "coordinates": [ [ [ 105.625743309387431, 56.776787515581461 ], [ 105.624914, 56.778029 ], [ 105.624914002428355, 56.778029002336844 ], [ 105.625743311422383, 56.776787515216391 ], [ 105.625743309387431, 56.776787515581461 ] ] ] } },
{ "type": "Feature", "properties": { "AA_MINS": 120 }, "geometry": { "type": "Polygon", "coordinates": [ [ [ 105.918716755816135, 56.810407135598084 ], [ 105.918713832205455, 56.810406854747299 ], [ 105.918712684829785, 56.810406744526958 ], [ 105.917506, 56.810836 ], [ 105.918716755816135, 56.810407135598084 ] ] ] } },
{ "type": "Feature", "properties": { "AA_MINS": 120 }, "geometry": { "type": "Polygon", "coordinates": [ [ [ 105.646690960181573, 56.751797360900142 ], [ 105.647574, 56.753154 ], [ 105.650602758096738, 56.755260268239809 ], [ 105.655596, 56.755139 ], [ 105.650261875589521, 56.75381910010536 ], [ 105.646690960181573, 56.751797360900142 ] ] ] } },
{ "type": "Feature", "properties": { "AA_MINS": 15 }, "geometry": { "type": "Polygon", "coordinates": [ [ [ 105.766073950828471, 56.803171465073405 ], [ 105.766041, 56.802813 ], [ 105.766579, 56.802764 ], [ 105.767117, 56.802714 ], [ 105.767197003450221, 56.802712155260252 ], [ 105.767197, 56.802712 ], [ 105.767328729802671, 56.802709117880767 ], [ 105.767941, 56.802695 ], [ 105.768752, 56.802677 ], [ 105.773252, 56.799861 ], [ 105.776879, 56.799167 ], [ 105.777781862906039, 56.799331531272408 ], [ 105.77875746158108, 56.799297138839677 ], [ 105.78129, 56.799064 ], [ 105.782959, 56.798625 ], [ 105.784336827803315, 56.798313052771995 ], [ 105.783343967570687, 56.797155563345868 ], [ 105.782196, 56.797405 ], [ 105.781524, 56.797527 ], [ 105.781234, 56.797313 ], [ 105.778101, 56.795253 ], [ 105.773496, 56.79589 ], [ 105.771672, 56.796103 ], [ 105.768282, 56.792205 ], [ 105.765886, 56.790523 ], [ 105.765874, 56.790163 ], [ 105.767473, 56.789213 ], [ 105.767653, 56.789167 ], [ 105.767914, 56.789156 ], [ 105.77295, 56.789646 ], [ 105.774487, 56.78978 ], [ 105.774744, 56.789819 ], [ 105.771227, 56.787664 ], [ 105.769866, 56.786892 ], [ 105.766680368849222, 56.78545444797961 ], [ 105.765583, 56.783888 ], [ 105.765875090912559, 56.784309909095917 ], [ 105.766078, 56.784602 ], [ 105.765782, 56.784807 ], [ 105.764533324521082, 56.784624010920808 ], [ 105.763249, 56.784607 ], [ 105.762856, 56.784555 ], [ 105.762462, 56.784502 ], [ 105.759792141226825, 56.783205 ], [ 105.757896189188713, 56.783205 ], [ 105.755707, 56.783223 ], [ 105.755624848641219, 56.783222619081798 ], [ 105.754807, 56.783248 ], [ 105.753119, 56.783211 ], [ 105.752264, 56.78322 ], [ 105.747457, 56.782611 ], [ 105.747411, 56.782601 ], [ 105.747409, 56.782601 ], [ 105.747363, 56.782591 ], [ 105.742584, 56.780656 ], [ 105.742625, 56.779636 ], [ 105.742675, 56.779279 ], [ 105.743001, 56.779213 ], [ 105.744169, 56.779088 ], [ 105.748395, 56.779145 ], [ 105.745332573527122, 56.778859893265313 ], [ 105.745332573527094, 56.778859893265306 ], [ 105.744367, 56.77877 ], [ 105.740007, 56.777439 ], [ 105.739781, 56.777363 ], [ 105.739608, 56.77733 ], [ 105.737855, 56.777271 ], [ 105.735714, 56.779301 ], [ 105.735654, 56.779656 ], [ 105.736023, 56.779718 ], [ 105.736392, 56.779781 ], [ 105.736817, 56.779842 ], [ 105.737237, 56.779902 ], [ 105.742462, 56.782837 ], [ 105.742895, 56.783427 ], [ 105.743648, 56.784677 ], [ 105.744619, 56.785543 ], [ 105.744893, 56.785682 ], [ 105.746196, 56.785501 ], [ 105.751478, 56.784748 ], [ 105.755685171965737, 56.783230871305804 ], [ 105.76116916206405, 56.784477707496116 ], [ 105.761432, 56.784705 ], [ 105.762543072684124, 56.785352001164917 ], [ 105.762617, 56.785408 ], [ 105.762933, 56.785579 ], [ 105.76325, 56.78575 ], [ 105.76501697689686, 56.78689293636991 ], [ 105.764208, 56.787637 ], [ 105.763981, 56.787916 ], [ 105.763636, 56.788683 ], [ 105.76446, 56.789924 ], [ 105.76493, 56.790197 ], [ 105.765307, 56.790372 ], [ 105.768147, 56.793547 ], [ 105.766864, 56.797664 ], [ 105.766967, 56.79882 ], [ 105.76718, 56.799111 ], [ 105.768148601549129, 56.799127996602238 ], [ 105.7675, 56.800627 ], [ 105.763556134806677, 56.803150913729198 ], [ 105.762973474759548, 56.803231373735706 ], [ 105.761186, 56.803478 ], [ 105.760291, 56.803447 ], [ 105.760224, 56.803801 ], [ 105.760433, 56.803957 ], [ 105.760829, 56.803897 ], [ 105.761224, 56.803836 ], [ 105.762831930807337, 56.803614495882066 ], [ 105.762832, 56.803615 ], [ 105.763955756006922, 56.803459753606141 ], [ 105.765988, 56.80318 ], [ 105.766062503128055, 56.803173156558422 ], [ 105.766073950828471, 56.803171465073405 ] ] ] } },
{ "type": "Feature", "properties": { "AA_MINS": 15 }, "geometry": { "type": "Polygon", "coordinates": [ [ [ 105.768733598431922, 56.803039381530049 ], [ 105.768797913302521, 56.803038101257449 ], [ 105.769451, 56.803055 ], [ 105.768911203499144, 56.803040938730803 ], [ 105.768794, 56.803038 ], [ 105.76879400285631, 56.803037885747344 ], [ 105.76876, 56.803037 ], [ 105.768715668496469, 56.803038025664613 ], [ 105.768733598431922, 56.803039381530049 ] ] ] } },
{ "type": "Feature", "properties": { "AA_MINS": 15 }, "geometry": { "type": "Polygon", "coordinates": [ [ [ 105.781627917966702, 56.806288603361779 ], [ 105.781904833532693, 56.80609725730212 ], [ 105.781896326383574, 56.80609158528852 ], [ 105.781594689895385, 56.806281930807138 ], [ 105.781627917966702, 56.806288603361779 ] ] ] } },
{ "type": "Feature", "properties": { "AA_MINS": 15 }, "geometry": { "type": "Polygon", "coordinates": [ [ [ 105.782434863315373, 56.806450646679949 ], [ 105.782410629123262, 56.806434488897217 ], [ 105.782419710365261, 56.806447603804344 ], [ 105.782434863315373, 56.806450646679949 ] ] ] } },
{ "type": "Feature", "properties": { "AA_MINS": 15 }, "geometry": { "type": "Polygon", "coordinates": [ [ [ 105.7912312, 56.8089973 ], [ 105.792052, 56.8091245 ], [ 105.793350178157979, 56.809400415460253 ], [ 105.7946, 56.809584 ], [ 105.794742461811055, 56.809604807871175 ], [ 105.79488, 56.809625 ], [ 105.796143427043276, 56.809810373540927 ], [ 105.796200406643692, 56.809818756082016 ], [ 105.798462761497348, 56.810095863595151 ], [ 105.798507, 56.809793 ], [ 105.794146, 56.807352 ], [ 105.79386, 56.807133 ], [ 105.790937, 56.805687 ], [ 105.79163212305879, 56.803329013820843 ], [ 105.79332, 56.803829 ], [ 105.793618, 56.80403 ], [ 105.797067, 56.803877 ], [ 105.800806, 56.803997 ], [ 105.803749, 56.803541 ], [ 105.803944, 56.803417 ], [ 105.804096, 56.803268 ], [ 105.804725, 56.802409 ], [ 105.80993, 56.799441 ], [ 105.810933, 56.798712 ], [ 105.810943, 56.798353 ], [ 105.809791, 56.798319 ], [ 105.808639, 56.798286 ], [ 105.805798, 56.798131 ], [ 105.805186, 56.798094 ], [ 105.799484, 56.79675 ], [ 105.804142, 56.798273 ], [ 105.804231, 56.798622 ], [ 105.804051, 56.79952 ], [ 105.803967, 56.799871 ], [ 105.80377, 56.800016 ], [ 105.799344, 56.801905 ], [ 105.798364, 56.802113 ], [ 105.796042, 56.80187 ], [ 105.794458, 56.801503 ], [ 105.793003, 56.801156 ], [ 105.787940397061774, 56.799319108822303 ], [ 105.788037, 56.799851 ], [ 105.788359494129011, 56.801821066175854 ], [ 105.788474, 56.802342 ], [ 105.78847596609026, 56.802532575163667 ], [ 105.788478, 56.802545 ], [ 105.788794, 56.804756 ], [ 105.788819984094189, 56.804982885505318 ], [ 105.789355, 56.806912 ], [ 105.791137, 56.808704 ], [ 105.791090277332785, 56.808970771358034 ], [ 105.7912312, 56.8089973 ] ] ] } },
{ "type": "Feature", "properties": { "AA_MINS": 15 }, "geometry": { "type": "Polygon", "coordinates": [ [ [ 105.664545477838359, 56.761091256274383 ], [ 105.660911, 56.762913 ], [ 105.658877, 56.763455 ], [ 105.656852, 56.762029 ], [ 105.656429, 56.760746 ], [ 105.65637, 56.760391 ], [ 105.656649, 56.760344 ], [ 105.656929, 56.760297 ], [ 105.660027, 56.759891 ], [ 105.658028222921416, 56.759210778533173 ], [ 105.657202, 56.759177 ], [ 105.655297092277053, 56.758281323361345 ], [ 105.654444, 56.757991 ], [ 105.654216, 56.757773 ], [ 105.65363, 56.757616 ], [ 105.653044, 56.757459 ], [ 105.649574, 56.762338 ], [ 105.64978, 56.762633 ], [ 105.652143, 56.765577 ], [ 105.655629, 56.765571 ], [ 105.658499, 56.764939 ], [ 105.663459, 56.765943 ], [ 105.663881, 56.765784 ], [ 105.664975, 56.764302 ], [ 105.667784, 56.762428 ], [ 105.669648, 56.761528 ], [ 105.666957, 56.761236 ], [ 105.664545477838359, 56.761091256274383 ] ] ] } },
{ "type": "Feature", "properties": { "AA_MINS": 15 }, "geometry": { "type": "Polygon", "coordinates": [ [ [ 105.681073, 56.765752 ], [ 105.681808, 56.765969 ], [ 105.682543, 56.766185 ], [ 105.686326, 56.766736 ], [ 105.686506, 56.766424 ], [ 105.681918, 56.7633 ], [ 105.680651, 56.762423 ], [ 105.680991, 56.763414 ], [ 105.68086, 56.763749 ], [ 105.678346, 56.763565 ], [ 105.67558, 56.762469 ], [ 105.674977, 56.762279 ], [ 105.672032250041923, 56.761864005213262 ], [ 105.675481, 56.763949 ], [ 105.675721, 56.764029 ], [ 105.675962, 56.764109 ], [ 105.677232, 56.764454 ], [ 105.678092, 56.764708 ], [ 105.681073, 56.765752 ] ] ] } },
{ "type": "Feature", "properties": { "AA_MINS": 15 }, "geometry": { "type": "Polygon", "coordinates": [ [ [ 105.77016010600434, 56.803072880718901 ], [ 105.770151, 56.803072 ], [ 105.769451, 56.803055 ], [ 105.77016, 56.803074 ], [ 105.77016010600434, 56.803072880718901 ] ] ] } },
{ "type": "Feature", "properties": { "AA_MINS": 15 }, "geometry": { "type": "Polygon", "coordinates": [ [ [ 105.77016, 56.803074 ], [ 105.77073, 56.803128 ], [ 105.770709890013322, 56.803126054992653 ], [ 105.77016, 56.803074 ] ] ] } },
{ "type": "Feature", "properties": { "AA_MINS": 15 }, "geometry": { "type": "Polygon", "coordinates": [ [ [ 105.785463071601711, 56.791324554693482 ], [ 105.787190948523076, 56.794312049207917 ], [ 105.788432, 56.794616 ], [ 105.78971, 56.794929 ], [ 105.792688, 56.795719 ], [ 105.794014913098877, 56.795890833178291 ], [ 105.793995, 56.795789 ], [ 105.79359, 56.795719 ], [ 105.791165681130224, 56.791091085184902 ], [ 105.789908, 56.791004 ], [ 105.788457, 56.790702 ], [ 105.785463071601711, 56.791324554693482 ] ] ] } },
{ "type": "Feature", "properties": { "AA_MINS": 15 }, "geometry": { "type": "Polygon", "coordinates": [ [ [ 105.801464, 56.792692 ], [ 105.801946, 56.792775 ], [ 105.802539, 56.792877 ], [ 105.801464, 56.792692 ] ] ] } },
{ "type": "Feature", "properties": { "AA_MINS": 15 }, "geometry": { "type": "Polygon", "coordinates": [ [ [ 105.803386, 56.787401 ], [ 105.800614, 56.786137 ], [ 105.798564, 56.78613 ], [ 105.796514, 56.786124 ], [ 105.791895, 56.78342 ], [ 105.791645, 56.783161 ], [ 105.788745, 56.783546 ], [ 105.78348, 56.786023 ], [ 105.781886, 56.784596 ], [ 105.781767, 56.784449 ], [ 105.781647, 56.784302 ], [ 105.778984, 56.784984 ], [ 105.776756, 56.785978 ], [ 105.776599, 56.786153 ], [ 105.776635, 56.786229 ], [ 105.776809, 56.786445 ], [ 105.777116, 56.786709 ], [ 105.777403, 56.786953 ], [ 105.778373, 56.787546 ], [ 105.778283138459159, 56.788844427183712 ], [ 105.774744, 56.789819 ], [ 105.774977, 56.789899 ], [ 105.775177, 56.789971 ], [ 105.78017, 56.79187 ], [ 105.781837772584268, 56.791329588290886 ], [ 105.780371, 56.788648 ], [ 105.780447, 56.788296 ], [ 105.783896, 56.786882 ], [ 105.789538, 56.786651 ], [ 105.789993, 56.78658 ], [ 105.791418, 56.786443 ], [ 105.792852, 56.786305 ], [ 105.793289, 56.786284 ], [ 105.793726, 56.786262 ], [ 105.796105, 56.787905 ], [ 105.799661, 56.787596 ], [ 105.800012, 56.787482 ], [ 105.800405, 56.787359 ], [ 105.800817, 56.787329 ], [ 105.801228, 56.787299 ], [ 105.803665, 56.791579 ], [ 105.802539, 56.792877 ], [ 105.803526, 56.793045 ], [ 105.805203, 56.793173 ], [ 105.806194, 56.793266 ], [ 105.808111, 56.790962 ], [ 105.808172, 56.790607 ], [ 105.803386, 56.787401 ] ] ] } },
{ "type": "Feature", "properties": { "AA_MINS": 15 }, "geometry": { "type": "Polygon", "coordinates": [ [ [ 105.889284, 56.809284 ], [ 105.89009, 56.809762 ], [ 105.892329, 56.811211 ], [ 105.897916, 56.811812 ], [ 105.898136, 56.811527 ], [ 105.900405, 56.806994 ], [ 105.901751, 56.806283 ], [ 105.901977, 56.806111 ], [ 105.904108, 56.802525 ], [ 105.903656, 56.801904 ], [ 105.903204, 56.801283 ], [ 105.902924, 56.80106 ], [ 105.90268, 56.800873 ], [ 105.902242, 56.800654 ], [ 105.901835, 56.800453 ], [ 105.898755, 56.799264 ], [ 105.899119, 56.799411 ], [ 105.899195, 56.799492 ], [ 105.898839, 56.80033 ], [ 105.898671, 56.800592 ], [ 105.898635, 56.800627 ], [ 105.897882, 56.801128 ], [ 105.895166, 56.805743 ], [ 105.892629, 56.808557 ], [ 105.889094, 56.809157 ], [ 105.883958, 56.808021 ], [ 105.882951, 56.807489 ], [ 105.879285, 56.805969 ], [ 105.877092, 56.805388 ], [ 105.876053, 56.805018 ], [ 105.874186, 56.804032 ], [ 105.874011, 56.803932 ], [ 105.873711, 56.803222 ], [ 105.873715, 56.802862 ], [ 105.872241, 56.802827 ], [ 105.87078, 56.802792 ], [ 105.869667, 56.802777 ], [ 105.866058, 56.802652 ], [ 105.863557, 56.802541 ], [ 105.863541, 56.802901 ], [ 105.865759, 56.804097 ], [ 105.870386, 56.806494 ], [ 105.873811, 56.807439 ], [ 105.876232, 56.808765 ], [ 105.878195, 56.809849 ], [ 105.880386, 56.810379 ], [ 105.880688, 56.810183 ], [ 105.88515, 56.808347 ], [ 105.889284, 56.809284 ] ] ] } },
{ "type": "Feature", "properties": { "AA_MINS": 30 }, "geometry": { "type": "Polygon", "coordinates": [ [ [ 105.6493894, 56.773256 ], [ 105.6524945, 56.7721385 ], [ 105.6544122, 56.7716997 ], [ 105.6560067, 56.7719744 ], [ 105.659176514474638, 56.771797645021827 ], [ 105.659754, 56.771575 ], [ 105.662829, 56.770369 ], [ 105.66638, 56.770961 ], [ 105.668084, 56.770637 ], [ 105.671209, 56.768851 ], [ 105.675391, 56.766789 ], [ 105.678383, 56.766441 ], [ 105.679014, 56.766652 ], [ 105.67986, 56.766912 ], [ 105.680615, 56.767306 ], [ 105.682619199851842, 56.767682080369703 ], [ 105.685747, 56.768269 ], [ 105.687538, 56.76948 ], [ 105.688272, 56.769834 ], [ 105.691317, 56.771787 ], [ 105.69241, 56.772395 ], [ 105.693485, 56.773122 ], [ 105.694718, 56.774107 ], [ 105.695352, 56.774408 ], [ 105.697314, 56.77515 ], [ 105.699275, 56.775892 ], [ 105.700549, 56.772525 ], [ 105.69915001669294, 56.771848371108689 ], [ 105.698851846197627, 56.771809229904477 ], [ 105.698351244225805, 56.771647058592826 ], [ 105.695944, 56.770373 ], [ 105.695409, 56.770039 ], [ 105.694561, 56.769508 ], [ 105.693099, 56.76866 ], [ 105.690580904453341, 56.767038664616777 ], [ 105.690218, 56.766805 ], [ 105.688494, 56.765652 ], [ 105.688317927868269, 56.76554778310723 ], [ 105.685706168406668, 56.764001885678312 ], [ 105.684223, 56.763124 ], [ 105.684109956661473, 56.763065882041516 ], [ 105.682488, 56.762232 ], [ 105.681558, 56.761898 ], [ 105.678244, 56.76065 ], [ 105.673935, 56.75834 ], [ 105.673859634944534, 56.758323944894698 ], [ 105.673726337796069, 56.758295548448338 ], [ 105.670405, 56.757588 ], [ 105.667585, 56.757482 ], [ 105.668762, 56.757993 ], [ 105.674096, 56.760084 ], [ 105.675137, 56.76043 ], [ 105.676178, 56.760776 ], [ 105.677293, 56.761147 ], [ 105.678873, 56.761721 ], [ 105.680491, 56.762316 ], [ 105.680651, 56.762423 ], [ 105.681918, 56.7633 ], [ 105.686506, 56.766424 ], [ 105.686326, 56.766736 ], [ 105.682543, 56.766185 ], [ 105.681808, 56.765969 ], [ 105.681073, 56.765752 ], [ 105.678092, 56.764708 ], [ 105.677232, 56.764454 ], [ 105.675962, 56.764109 ], [ 105.675721, 56.764029 ], [ 105.675481, 56.763949 ], [ 105.672032250041923, 56.761864005213262 ], [ 105.669648, 56.761528 ], [ 105.667784, 56.762428 ], [ 105.664975, 56.764302 ], [ 105.663881, 56.765784 ], [ 105.663459, 56.765943 ], [ 105.658499, 56.764939 ], [ 105.655629, 56.765571 ], [ 105.652143, 56.765577 ], [ 105.64978, 56.762633 ], [ 105.649574, 56.762338 ], [ 105.653044, 56.757459 ], [ 105.64907, 56.755773 ], [ 105.647574, 56.753154 ], [ 105.646690960181573, 56.751797360900142 ], [ 105.645771, 56.750384 ], [ 105.644784, 56.749715 ], [ 105.640287, 56.749099 ], [ 105.639645, 56.749889 ], [ 105.639144601670196, 56.750600056940733 ], [ 105.6423146, 56.7531474 ], [ 105.6439284, 56.7550549 ], [ 105.6436481, 56.7573631 ], [ 105.6417244, 56.7600836 ], [ 105.63843910722143, 56.761687548121571 ], [ 105.639369, 56.763418 ], [ 105.637824, 56.768216 ], [ 105.636802, 56.769537 ], [ 105.635227, 56.771707 ], [ 105.63814, 56.773822 ], [ 105.642416, 56.773491 ], [ 105.644214, 56.774588 ], [ 105.645682, 56.775192 ], [ 105.645776111828098, 56.775222757902156 ], [ 105.6493894, 56.773256 ] ] ] } },
{ "type": "Feature", "properties": { "AA_MINS": 30 }, "geometry": { "type": "Polygon", "coordinates": [ [ [ 105.7307382, 56.7856827 ], [ 105.7333733, 56.7862114 ], [ 105.7353485, 56.7867597 ], [ 105.737751885191116, 56.787593539543657 ], [ 105.738247530211012, 56.787738516631876 ], [ 105.738302627249752, 56.787784616075427 ], [ 105.743504, 56.7895892 ], [ 105.7454977, 56.7902666 ], [ 105.7506962, 56.7926106 ], [ 105.7511918, 56.7926269 ], [ 105.7518506, 56.7921074 ], [ 105.7534003, 56.7928275 ], [ 105.7537046, 56.7930318 ], [ 105.7552433, 56.7938758 ], [ 105.755375942118235, 56.793925023093635 ], [ 105.755603, 56.793902 ], [ 105.756270666609879, 56.793882815730754 ], [ 105.756193555863717, 56.794228437110888 ], [ 105.7564411, 56.7943203 ], [ 105.7567408, 56.794521 ], [ 105.7572684, 56.7946355 ], [ 105.7578412, 56.7949019 ], [ 105.7586808, 56.7971696 ], [ 105.7585203, 56.7973578 ], [ 105.758509, 56.797378 ], [ 105.7583428, 56.7974876 ], [ 105.7574802, 56.7988055 ], [ 105.7566287, 56.8000424 ], [ 105.7563491, 56.8003943 ], [ 105.756273246952574, 56.800553455947707 ], [ 105.756438, 56.801915 ], [ 105.755557142703623, 56.803702112837215 ], [ 105.7587432, 56.8039309 ], [ 105.7590528, 56.8040048 ], [ 105.7590073, 56.8040538 ], [ 105.7593813, 56.8042536 ], [ 105.7596383, 56.8042777 ], [ 105.759651, 56.8042798 ], [ 105.7598289, 56.8041968 ], [ 105.7604158, 56.8040075 ], [ 105.766062503128055, 56.803173156558422 ], [ 105.765988, 56.80318 ], [ 105.763955756006922, 56.803459753606141 ], [ 105.762832, 56.803615 ], [ 105.762831930807337, 56.803614495882066 ], [ 105.761224, 56.803836 ], [ 105.760829, 56.803897 ], [ 105.760433, 56.803957 ], [ 105.760224, 56.803801 ], [ 105.760291, 56.803447 ], [ 105.761186, 56.803478 ], [ 105.762973474759548, 56.803231373735706 ], [ 105.763556134806677, 56.803150913729198 ], [ 105.7675, 56.800627 ], [ 105.768148601549129, 56.799127996602238 ], [ 105.76718, 56.799111 ], [ 105.766967, 56.79882 ], [ 105.766864, 56.797664 ], [ 105.768147, 56.793547 ], [ 105.765307, 56.790372 ], [ 105.76493, 56.790197 ], [ 105.76446, 56.789924 ], [ 105.763636, 56.788683 ], [ 105.763981, 56.787916 ], [ 105.764208, 56.787637 ], [ 105.76501697689686, 56.78689293636991 ], [ 105.76325, 56.78575 ], [ 105.762933, 56.785579 ], [ 105.762617, 56.785408 ], [ 105.762543072684124, 56.785352001164917 ], [ 105.761432, 56.784705 ], [ 105.76116916206405, 56.784477707496116 ], [ 105.755685171965737, 56.783230871305804 ], [ 105.751478, 56.784748 ], [ 105.746196, 56.785501 ], [ 105.744893, 56.785682 ], [ 105.744619, 56.785543 ], [ 105.743648, 56.784677 ], [ 105.742895, 56.783427 ], [ 105.742462, 56.782837 ], [ 105.737237, 56.779902 ], [ 105.736817, 56.779842 ], [ 105.736392, 56.779781 ], [ 105.736023, 56.779718 ], [ 105.735654, 56.779656 ], [ 105.735714, 56.779301 ], [ 105.737855, 56.777271 ], [ 105.733335, 56.777314 ], [ 105.730192, 56.77791 ], [ 105.728324379744052, 56.77771915274564 ], [ 105.727129, 56.777597 ], [ 105.724699840911924, 56.776946416794736 ], [ 105.721476, 56.776083 ], [ 105.720865, 56.775923 ], [ 105.720268, 56.775891 ], [ 105.716643, 56.77618 ], [ 105.71403, 56.775786 ], [ 105.713495, 56.779346 ], [ 105.716107, 56.77974 ], [ 105.718975, 56.780208 ], [ 105.720778, 56.780509 ], [ 105.723377, 56.780595 ], [ 105.726851, 56.7852 ], [ 105.728024, 56.785734 ], [ 105.728384069778656, 56.785724554308011 ], [ 105.728387, 56.785741 ], [ 105.729980550739199, 56.785835713268305 ], [ 105.7307382, 56.7856827 ] ] ] } },
{ "type": "Feature", "properties": { "AA_MINS": 30 }, "geometry": { "type": "Polygon", "coordinates": [ [ [ 105.770826974611197, 56.803197683071076 ], [ 105.77073, 56.803128 ], [ 105.77016, 56.803074 ], [ 105.769451, 56.803055 ], [ 105.768797913302521, 56.803038101257449 ], [ 105.768733598431922, 56.803039381530049 ], [ 105.770826974611197, 56.803197683071076 ] ] ] } },
{ "type": "Feature", "properties": { "AA_MINS": 30 }, "geometry": { "type": "Polygon", "coordinates": [ [ [ 105.782419710365261, 56.806447603804344 ], [ 105.782410629123262, 56.806434488897224 ], [ 105.781904833532693, 56.80609725730212 ], [ 105.781627917966702, 56.806288603361779 ], [ 105.782419710365261, 56.806447603804344 ] ] ] } },
{ "type": "Feature", "properties": { "AA_MINS": 30 }, "geometry": { "type": "Polygon", "coordinates": [ [ [ 105.7941189, 56.8095638 ], [ 105.796200406643692, 56.809818756082016 ], [ 105.796143427043276, 56.809810373540927 ], [ 105.79488, 56.809625 ], [ 105.794742461811055, 56.809604807871175 ], [ 105.7946, 56.809584 ], [ 105.793350178157979, 56.809400415460253 ], [ 105.7941189, 56.8095638 ] ] ] } },
{ "type": "Feature", "properties": { "AA_MINS": 30 }, "geometry": { "type": "Polygon", "coordinates": [ [ [ 105.800678, 56.8103672 ], [ 105.8024613, 56.810473 ], [ 105.8037658, 56.8106882 ], [ 105.8045784, 56.8107615 ], [ 105.8058149, 56.8109491 ], [ 105.8092035, 56.8117491 ], [ 105.8132612, 56.8129532 ], [ 105.8134984, 56.8129977 ], [ 105.8138432, 56.8130278 ], [ 105.8141617, 56.8129652 ], [ 105.8151851, 56.8131035 ], [ 105.8165336, 56.8131492 ], [ 105.816809070744995, 56.813138426631603 ], [ 105.81684, 56.811185 ], [ 105.815807012538045, 56.811168724942675 ], [ 105.815277764788036, 56.811139368886813 ], [ 105.813989, 56.810959 ], [ 105.813398, 56.810865 ], [ 105.812886874714351, 56.810379001183755 ], [ 105.813644, 56.810511 ], [ 105.819122, 56.808691 ], [ 105.820094, 56.808768 ], [ 105.820987, 56.808783 ], [ 105.821927, 56.804415 ], [ 105.823627, 56.802683 ], [ 105.823602, 56.801964 ], [ 105.823093, 56.799119 ], [ 105.822515, 56.799063 ], [ 105.819355392578629, 56.798882494343189 ], [ 105.819636629973417, 56.79847231291361 ], [ 105.816955, 56.797922 ], [ 105.814078236890211, 56.797250944038367 ], [ 105.814094, 56.796818 ], [ 105.811875, 56.796737 ], [ 105.811058, 56.796736 ], [ 105.810560976370439, 56.796721332354949 ], [ 105.810561, 56.796721 ], [ 105.810446991908321, 56.796717655762642 ], [ 105.810447, 56.796717 ], [ 105.810309000199638, 56.79671300341294 ], [ 105.810309, 56.796713 ], [ 105.808686, 56.796666 ], [ 105.807115083536075, 56.793255904089854 ], [ 105.808931, 56.793236 ], [ 105.809343, 56.793388 ], [ 105.809826, 56.793468 ], [ 105.81064, 56.793481 ], [ 105.812548, 56.793579 ], [ 105.81342, 56.793744 ], [ 105.813814, 56.793804 ], [ 105.814647, 56.793873 ], [ 105.81604, 56.794034 ], [ 105.817269, 56.794194 ], [ 105.819281, 56.794557 ], [ 105.81974, 56.794622 ], [ 105.821602, 56.79468 ], [ 105.822208, 56.794722 ], [ 105.822991, 56.794723 ], [ 105.824995, 56.794676 ], [ 105.825674934023311, 56.794673209573098 ], [ 105.82633, 56.79472 ], [ 105.827716, 56.794902 ], [ 105.828133725344514, 56.791729953713734 ], [ 105.8273597, 56.7916654 ], [ 105.8248852, 56.7916658 ], [ 105.8222256, 56.7919587 ], [ 105.8218678, 56.7918155 ], [ 105.8179216, 56.7903189 ], [ 105.8178176, 56.7873681 ], [ 105.8176277, 56.7871697 ], [ 105.8174874, 56.7868276 ], [ 105.8173165, 56.7866062 ], [ 105.81754541960261, 56.78549061671405 ], [ 105.814355, 56.785086 ], [ 105.812569, 56.784855 ], [ 105.811263, 56.784707 ], [ 105.809361, 56.784576 ], [ 105.804111, 56.782808 ], [ 105.801671, 56.782694 ], [ 105.801070321271311, 56.782665923995459 ], [ 105.800657428833759, 56.782205311010493 ], [ 105.7978204, 56.7820279 ], [ 105.792695642112804, 56.780584275285193 ], [ 105.790655, 56.781864 ], [ 105.787645, 56.779143 ], [ 105.785692973783043, 56.778435487377969 ], [ 105.785663748463094, 56.778231253965636 ], [ 105.782295, 56.776681 ], [ 105.780928, 56.774392 ], [ 105.780504, 56.773936 ], [ 105.779983, 56.773654 ], [ 105.779227673310075, 56.773545739445652 ], [ 105.7789706, 56.7736855 ], [ 105.776366308088015, 56.773135621559874 ], [ 105.7761813295552, 56.773109108689653 ], [ 105.7755608, 56.7734565 ], [ 105.7741377, 56.7732929 ], [ 105.7716019, 56.7746687 ], [ 105.7686515, 56.7748054 ], [ 105.768119997437779, 56.774777227329061 ], [ 105.765743, 56.775173 ], [ 105.764359, 56.778497 ], [ 105.76531, 56.778892 ], [ 105.765531293107259, 56.780191326980983 ], [ 105.764642, 56.780252 ], [ 105.75964, 56.780896 ], [ 105.764706, 56.783453 ], [ 105.765037, 56.783563 ], [ 105.765353, 56.783715 ], [ 105.765583, 56.783888 ], [ 105.766680368849222, 56.78545444797961 ], [ 105.769866, 56.786892 ], [ 105.771227, 56.787664 ], [ 105.774744, 56.789819 ], [ 105.778283138459159, 56.788844427183712 ], [ 105.778373, 56.787546 ], [ 105.777403, 56.786953 ], [ 105.777116, 56.786709 ], [ 105.776809, 56.786445 ], [ 105.776635, 56.786229 ], [ 105.776599, 56.786153 ], [ 105.776756, 56.785978 ], [ 105.778984, 56.784984 ], [ 105.781647, 56.784302 ], [ 105.781767, 56.784449 ], [ 105.781886, 56.784596 ], [ 105.78348, 56.786023 ], [ 105.788745, 56.783546 ], [ 105.791645, 56.783161 ], [ 105.791895, 56.78342 ], [ 105.796514, 56.786124 ], [ 105.798564, 56.78613 ], [ 105.800614, 56.786137 ], [ 105.803386, 56.787401 ], [ 105.808172, 56.790607 ], [ 105.808111, 56.790962 ], [ 105.806194, 56.793266 ], [ 105.805203, 56.793173 ], [ 105.803526, 56.793045 ], [ 105.802539, 56.792877 ], [ 105.801946, 56.792775 ], [ 105.801464, 56.792692 ], [ 105.800388, 56.792508 ], [ 105.799196, 56.792094 ], [ 105.797743, 56.791131 ], [ 105.793143, 56.791228 ], [ 105.791165681130224, 56.791091085184902 ], [ 105.79359, 56.795719 ], [ 105.793995, 56.795789 ], [ 105.794014913098877, 56.795890833178291 ], [ 105.796217, 56.796176 ], [ 105.797982, 56.796269 ], [ 105.799484, 56.79675 ], [ 105.805186, 56.798094 ], [ 105.805798, 56.798131 ], [ 105.808639, 56.798286 ], [ 105.809791, 56.798319 ], [ 105.810943, 56.798353 ], [ 105.810933, 56.798712 ], [ 105.80993, 56.799441 ], [ 105.804725, 56.802409 ], [ 105.804096, 56.803268 ], [ 105.803944, 56.803417 ], [ 105.803749, 56.803541 ], [ 105.800806, 56.803997 ], [ 105.797067, 56.803877 ], [ 105.793618, 56.80403 ], [ 105.79332, 56.803829 ], [ 105.79163212305879, 56.803329013820843 ], [ 105.790937, 56.805687 ], [ 105.79386, 56.807133 ], [ 105.794146, 56.807352 ], [ 105.798507, 56.809793 ], [ 105.798462761497348, 56.810095863595151 ], [ 105.800678, 56.8103672 ] ] ] } },
{ "type": "Feature", "properties": { "AA_MINS": 30 }, "geometry": { "type": "Polygon", "coordinates": [ [ [ 105.8616254, 56.8144026 ], [ 105.8645005, 56.8141152 ], [ 105.866430144339844, 56.813190698072724 ], [ 105.868295, 56.812107 ], [ 105.870168, 56.81204 ], [ 105.872, 56.811944 ], [ 105.875071, 56.811742 ], [ 105.876093, 56.811658 ], [ 105.878278, 56.811469 ], [ 105.879892, 56.81131 ], [ 105.880995, 56.810877 ], [ 105.885798, 56.808903 ], [ 105.888458, 56.810677 ], [ 105.892329, 56.811211 ], [ 105.89009, 56.809762 ], [ 105.889284, 56.809284 ], [ 105.88515, 56.808347 ], [ 105.880688, 56.810183 ], [ 105.880386, 56.810379 ], [ 105.878195, 56.809849 ], [ 105.876232, 56.808765 ], [ 105.873811, 56.807439 ], [ 105.870386, 56.806494 ], [ 105.865759, 56.804097 ], [ 105.863541, 56.802901 ], [ 105.863557, 56.802541 ], [ 105.866058, 56.802652 ], [ 105.869667, 56.802777 ], [ 105.87078, 56.802792 ], [ 105.872241, 56.802827 ], [ 105.873715, 56.802862 ], [ 105.874919, 56.802875 ], [ 105.876122, 56.802889 ], [ 105.876775, 56.80288 ], [ 105.878599, 56.80282 ], [ 105.884068, 56.802 ], [ 105.882988, 56.801546 ], [ 105.881681, 56.801328 ], [ 105.880634, 56.801206 ], [ 105.8797, 56.80115 ], [ 105.873739, 56.801243 ], [ 105.870801, 56.801172 ], [ 105.865755, 56.801017 ], [ 105.862917, 56.800892 ], [ 105.860864203620324, 56.80075945463247 ], [ 105.860439, 56.800732 ], [ 105.855764, 56.800135 ], [ 105.853848, 56.799937 ], [ 105.853011, 56.799958 ], [ 105.852594, 56.800035 ], [ 105.851129867802584, 56.800187653052546 ], [ 105.847340492188906, 56.800582740159911 ], [ 105.847338, 56.800583 ], [ 105.846109, 56.801879 ], [ 105.846082, 56.801964 ], [ 105.846992, 56.804273 ], [ 105.848704, 56.80744 ], [ 105.852163, 56.811541 ], [ 105.856826, 56.81313 ], [ 105.860445723688699, 56.815001192710838 ], [ 105.8616254, 56.8144026 ] ] ] } },
{ "type": "Feature", "properties": { "AA_MINS": 30 }, "geometry": { "type": "Polygon", "coordinates": [ [ [ 105.8946275, 56.8135308 ], [ 105.8955499, 56.8132904 ], [ 105.8970609, 56.8130536 ], [ 105.8977138, 56.8136633 ], [ 105.8974919, 56.8163499 ], [ 105.8966163, 56.8176914 ], [ 105.89635, 56.8183234 ], [ 105.8974835, 56.8184605 ], [ 105.8978828, 56.8196786 ], [ 105.900733351306215, 56.820003407523487 ], [ 105.902171, 56.816637 ], [ 105.903862, 56.816165 ], [ 105.904932, 56.816057 ], [ 105.905592, 56.815907 ], [ 105.905975, 56.81477 ], [ 105.90785, 56.810305 ], [ 105.910124, 56.809683 ], [ 105.910975, 56.808948 ], [ 105.916535, 56.806727 ], [ 105.919874, 56.808336 ], [ 105.920367, 56.808201 ], [ 105.922044, 56.80767 ], [ 105.923045, 56.807372 ], [ 105.92202, 56.803921 ], [ 105.920648, 56.803324 ], [ 105.920107, 56.797646 ], [ 105.917434, 56.795234 ], [ 105.915611, 56.797255 ], [ 105.913562, 56.799526 ], [ 105.912792, 56.800117 ], [ 105.907187, 56.801284 ], [ 105.903663, 56.799586 ], [ 105.902552, 56.799 ], [ 105.899848, 56.797996 ], [ 105.896809, 56.799496 ], [ 105.897169, 56.799385 ], [ 105.897558, 56.799266 ], [ 105.897971, 56.799212 ], [ 105.898466, 56.799166 ], [ 105.898755, 56.799264 ], [ 105.901835, 56.800453 ], [ 105.902242, 56.800654 ], [ 105.90268, 56.800873 ], [ 105.902924, 56.80106 ], [ 105.903204, 56.801283 ], [ 105.903656, 56.801904 ], [ 105.904108, 56.802525 ], [ 105.901977, 56.806111 ], [ 105.901751, 56.806283 ], [ 105.900405, 56.806994 ], [ 105.898136, 56.811527 ], [ 105.897916, 56.811812 ], [ 105.892329, 56.811211 ], [ 105.89413653544041, 56.813619947779756 ], [ 105.8946275, 56.8135308 ] ] ] } },
{ "type": "Feature", "properties": { "AA_MINS": 30 }, "geometry": { "type": "Polygon", "coordinates": [ [ [ 105.658028222921416, 56.759210778533173 ], [ 105.660027, 56.759891 ], [ 105.665354, 56.757729 ], [ 105.662476411449333, 56.758754738680338 ], [ 105.660871, 56.759327 ], [ 105.658028222921416, 56.759210778533173 ] ] ] } },
{ "type": "Feature", "properties": { "AA_MINS": 30 }, "geometry": { "type": "Polygon", "coordinates": [ [ [ 105.654216, 56.757773 ], [ 105.654444, 56.757991 ], [ 105.655297092277038, 56.758281323361345 ], [ 105.654216, 56.757773 ] ] ] } },
{ "type": "Feature", "properties": { "AA_MINS": 30 }, "geometry": { "type": "Polygon", "coordinates": [ [ [ 105.748871, 56.779221 ], [ 105.749698678041156, 56.779409165476125 ], [ 105.750591, 56.779494 ], [ 105.751069, 56.779569 ], [ 105.751547, 56.779645 ], [ 105.752308891196336, 56.779889675138882 ], [ 105.75251, 56.779919 ], [ 105.755284890284273, 56.78057947347952 ], [ 105.75964, 56.780896 ], [ 105.756449, 56.779197 ], [ 105.754574, 56.778909 ], [ 105.7527, 56.778621 ], [ 105.748564404212658, 56.779121099208886 ], [ 105.748379041532203, 56.779143514293587 ], [ 105.748395, 56.779145 ], [ 105.748633, 56.779183 ], [ 105.748871, 56.779221 ] ] ] } },
{ "type": "Feature", "properties": { "AA_MINS": 30 }, "geometry": { "type": "Polygon", "coordinates": [ [ [ 105.890401, 56.800298 ], [ 105.889272, 56.801478 ], [ 105.893406, 56.800702 ], [ 105.896809, 56.799496 ], [ 105.891185, 56.799857 ], [ 105.890401, 56.800298 ] ] ] } },
{ "type": "Feature", "properties": { "AA_MINS": 45 }, "geometry": { "type": "Polygon", "coordinates": [ [ [ 105.6394473, 56.782486 ], [ 105.6408766, 56.782714 ], [ 105.6412616, 56.7820071 ], [ 105.6401146, 56.7816132 ], [ 105.6407761, 56.7810037 ], [ 105.6421419, 56.7792531 ], [ 105.6437138, 56.7763453 ], [ 105.645776111828098, 56.775222757902156 ], [ 105.645682, 56.775192 ], [ 105.644214, 56.774588 ], [ 105.642416, 56.773491 ], [ 105.63814, 56.773822 ], [ 105.635227, 56.771707 ], [ 105.63486, 56.772216 ], [ 105.633998, 56.773285 ], [ 105.630458, 56.775492 ], [ 105.626884561434878, 56.775743264311089 ], [ 105.6269054, 56.7757572 ], [ 105.6268364, 56.7766939 ], [ 105.6264396, 56.776736 ], [ 105.6264474, 56.7766612 ], [ 105.625743311422383, 56.776787515216391 ], [ 105.624912, 56.778032 ], [ 105.628948, 56.781911 ], [ 105.632406, 56.782912 ], [ 105.636304, 56.782944 ], [ 105.63846141492462, 56.784341570674435 ], [ 105.6394473, 56.782486 ] ] ] } },
{ "type": "Feature", "properties": { "AA_MINS": 45 }, "geometry": { "type": "Polygon", "coordinates": [ [ [ 105.6702331, 56.7713348 ], [ 105.6698596, 56.7708329 ], [ 105.672492593680275, 56.770754071652192 ], [ 105.675391, 56.766789 ], [ 105.671209, 56.768851 ], [ 105.668084, 56.770637 ], [ 105.66638, 56.770961 ], [ 105.666814966269499, 56.771403795662337 ], [ 105.6702331, 56.7713348 ] ] ] } },
{ "type": "Feature", "properties": { "AA_MINS": 45 }, "geometry": { "type": "Polygon", "coordinates": [ [ [ 105.7018452, 56.7828822 ], [ 105.7025597, 56.7829242 ], [ 105.7033648, 56.7829118 ], [ 105.7046568, 56.7830655 ], [ 105.70470946902536, 56.783077355499813 ], [ 105.706483, 56.782775 ], [ 105.708113384946728, 56.782149521856823 ], [ 105.71285, 56.784112 ], [ 105.715378152975731, 56.784245338223094 ], [ 105.716206, 56.784289 ], [ 105.71725, 56.784553 ], [ 105.72131, 56.787561 ], [ 105.723801987064022, 56.78824578793671 ], [ 105.7238693, 56.7880844 ], [ 105.7273162, 56.7863738 ], [ 105.729980550739199, 56.785835713268305 ], [ 105.728387, 56.785741 ], [ 105.728384069778656, 56.785724554308011 ], [ 105.728024, 56.785734 ], [ 105.726851, 56.7852 ], [ 105.723377, 56.780595 ], [ 105.720778, 56.780509 ], [ 105.718975, 56.780208 ], [ 105.716107, 56.77974 ], [ 105.713495, 56.779346 ], [ 105.71403, 56.775786 ], [ 105.713997546287217, 56.775781142618641 ], [ 105.712862, 56.77561 ], [ 105.712817572967609, 56.775604534769826 ], [ 105.712814, 56.775604 ], [ 105.710846, 56.775362 ], [ 105.710842088607677, 56.775361085097231 ], [ 105.705502123528902, 56.774112028894301 ], [ 105.705501853836637, 56.774111926429484 ], [ 105.702512, 56.772607 ], [ 105.70235498525561, 56.77256734163673 ], [ 105.701684, 56.772238 ], [ 105.701204, 56.772118 ], [ 105.69915001669294, 56.771848371108689 ], [ 105.700549, 56.772525 ], [ 105.699275, 56.775892 ], [ 105.697314, 56.77515 ], [ 105.695352, 56.774408 ], [ 105.696470374339881, 56.775562094943311 ], [ 105.697514, 56.779029 ], [ 105.698357, 56.780016 ], [ 105.701465315106717, 56.782899086926527 ], [ 105.7018452, 56.7828822 ] ] ] } },
{ "type": "Feature", "properties": { "AA_MINS": 45 }, "geometry": { "type": "Polygon", "coordinates": [ [ [ 105.738302627249752, 56.787784616075427 ], [ 105.738247530211012, 56.787738516631876 ], [ 105.737751885191116, 56.787593539543657 ], [ 105.738302627249752, 56.787784616075427 ] ] ] } },
{ "type": "Feature", "properties": { "AA_MINS": 45 }, "geometry": { "type": "Polygon", "coordinates": [ [ [ 105.756193555863717, 56.794228437110888 ], [ 105.756270666609879, 56.793882815730754 ], [ 105.755603, 56.793902 ], [ 105.755375942118235, 56.793925023093635 ], [ 105.756193555863717, 56.794228437110888 ] ] ] } },
{ "type": "Feature", "properties": { "AA_MINS": 45 }, "geometry": { "type": "Polygon", "coordinates": [ [ [ 105.7561475, 56.8008173 ], [ 105.7561099, 56.8010405 ], [ 105.7554362, 56.8018535 ], [ 105.7555242, 56.801894 ], [ 105.7554561, 56.8019414 ], [ 105.7553581, 56.8019064 ], [ 105.753514208690063, 56.802389680285565 ], [ 105.753519, 56.802408 ], [ 105.753519011807896, 56.802408004326814 ], [ 105.753564, 56.80258 ], [ 105.753426064606856, 56.803508626459006 ], [ 105.753301208420581, 56.804349199393236 ], [ 105.7538579, 56.8044934 ], [ 105.7540042, 56.804495 ], [ 105.7553326, 56.8039678 ], [ 105.7543652, 56.8038772 ], [ 105.7550055, 56.8036625 ], [ 105.755557142703623, 56.803702112837215 ], [ 105.756438, 56.801915 ], [ 105.756273246952574, 56.800553455947707 ], [ 105.7561475, 56.8008173 ] ] ] } },
{ "type": "Feature", "properties": { "AA_MINS": 45 }, "geometry": { "type": "Polygon", "coordinates": [ [ [ 105.8201338, 56.8130084 ], [ 105.8211946, 56.8128701 ], [ 105.8215921, 56.8128388 ], [ 105.8218183, 56.8128016 ], [ 105.8227675, 56.8125469 ], [ 105.823255, 56.8124495 ], [ 105.8235558, 56.8123289 ], [ 105.8261705, 56.8118394 ], [ 105.8284716, 56.812127 ], [ 105.830587, 56.813496 ], [ 105.8294757, 56.8144719 ], [ 105.8291056, 56.8150422 ], [ 105.829064065138667, 56.815488728145787 ], [ 105.83073117406218, 56.816459519039874 ], [ 105.830745, 56.81648 ], [ 105.833729, 56.814466 ], [ 105.833698740431458, 56.81442117519137 ], [ 105.833699, 56.814421 ], [ 105.832657, 56.812878 ], [ 105.832560428417054, 56.812750962381948 ], [ 105.832563, 56.812749 ], [ 105.831749479612128, 56.811683590914363 ], [ 105.83661, 56.813679 ], [ 105.838929, 56.815584 ], [ 105.839320942848488, 56.817590860990869 ], [ 105.8394648, 56.8175495 ], [ 105.8400731, 56.8175471 ], [ 105.8423176, 56.8170746 ], [ 105.849807, 56.8149218 ], [ 105.8515486, 56.814209 ], [ 105.851772, 56.8153335 ], [ 105.8530194, 56.8154573 ], [ 105.8534875, 56.8172559 ], [ 105.854440878798925, 56.817229462355627 ], [ 105.85725, 56.815381 ], [ 105.858321527845277, 56.815402739626293 ], [ 105.8583453, 56.8150243 ], [ 105.8603318, 56.815059 ], [ 105.860445723688699, 56.815001192710838 ], [ 105.856826, 56.81313 ], [ 105.852163, 56.811541 ], [ 105.848704, 56.80744 ], [ 105.846992, 56.804273 ], [ 105.846082, 56.801964 ], [ 105.846109, 56.801879 ], [ 105.847338, 56.800583 ], [ 105.844797687760874, 56.800443857754871 ], [ 105.844709, 56.800439 ], [ 105.844669984362937, 56.800448888494792 ], [ 105.843505480246435, 56.800744031513425 ], [ 105.843332, 56.800788 ], [ 105.839133, 56.801799 ], [ 105.835936, 56.802626 ], [ 105.834514782236013, 56.802679700257123 ], [ 105.832072, 56.802772 ], [ 105.829997, 56.803181 ], [ 105.82944, 56.803811 ], [ 105.829377, 56.804173 ], [ 105.829118040868806, 56.805758749737727 ], [ 105.828813, 56.805732 ], [ 105.827619, 56.805635 ], [ 105.826626106928401, 56.804614138109478 ], [ 105.823714, 56.80162 ], [ 105.823508389823303, 56.801440776124359 ], [ 105.823602, 56.801964 ], [ 105.823627, 56.802683 ], [ 105.821927, 56.804415 ], [ 105.820987, 56.808783 ], [ 105.820094, 56.808768 ], [ 105.819122, 56.808691 ], [ 105.813644, 56.810511 ], [ 105.812886874714351, 56.810379001183755 ], [ 105.813398, 56.810865 ], [ 105.813989, 56.810959 ], [ 105.815277764788036, 56.811139368886813 ], [ 105.815807012538045, 56.811168724942675 ], [ 105.81684, 56.811185 ], [ 105.816809070744995, 56.813138426631603 ], [ 105.8201338, 56.8130084 ] ] ] } },
{ "type": "Feature", "properties": { "AA_MINS": 45 }, "geometry": { "type": "Polygon", "coordinates": [ [ [ 105.9028966, 56.8202499 ], [ 105.906361816486054, 56.820673379169719 ], [ 105.906268434262429, 56.820149115189835 ], [ 105.905216, 56.8174572 ], [ 105.905717876870511, 56.817237555063727 ], [ 105.905702, 56.817179 ], [ 105.905975, 56.81477 ], [ 105.905592, 56.815907 ], [ 105.904932, 56.816057 ], [ 105.903862, 56.816165 ], [ 105.902171, 56.816637 ], [ 105.900733351306215, 56.820003407523487 ], [ 105.9028966, 56.8202499 ] ] ] } },
{ "type": "Feature", "properties": { "AA_MINS": 45 }, "geometry": { "type": "Polygon", "coordinates": [ [ [ 105.9103614, 56.8136084 ], [ 105.9106645, 56.8132093 ], [ 105.912430177425989, 56.813757304845197 ], [ 105.915076, 56.812486 ], [ 105.917506, 56.810836 ], [ 105.918351, 56.810372 ], [ 105.918983, 56.810073 ], [ 105.919444596356144, 56.810146380742871 ], [ 105.92206, 56.809216 ], [ 105.924221, 56.809005 ], [ 105.92587, 56.808788 ], [ 105.927021, 56.808599 ], [ 105.930069, 56.805688 ], [ 105.935337, 56.804638 ], [ 105.936719, 56.804955 ], [ 105.93889, 56.805998 ], [ 105.940613, 56.802837 ], [ 105.939988, 56.800261 ], [ 105.934264, 56.798488 ], [ 105.930483, 56.799479 ], [ 105.929889, 56.799595 ], [ 105.929405, 56.79974 ], [ 105.927528, 56.800475 ], [ 105.924351, 56.801062 ], [ 105.920107, 56.797646 ], [ 105.920648, 56.803324 ], [ 105.92202, 56.803921 ], [ 105.923045, 56.807372 ], [ 105.922044, 56.80767 ], [ 105.920367, 56.808201 ], [ 105.919874, 56.808336 ], [ 105.916535, 56.806727 ], [ 105.910975, 56.808948 ], [ 105.910124, 56.809683 ], [ 105.90785, 56.810305 ], [ 105.905975, 56.81477 ], [ 105.910493379500821, 56.813910423340353 ], [ 105.9103614, 56.8136084 ] ] ] } },
{ "type": "Feature", "properties": { "AA_MINS": 45 }, "geometry": { "type": "Polygon", "coordinates": [ [ [ 105.8387586, 56.7929749 ], [ 105.8348872, 56.7919164 ], [ 105.834195, 56.7918459 ], [ 105.8293597, 56.7918322 ], [ 105.828133725344514, 56.791729953713734 ], [ 105.827716, 56.794902 ], [ 105.827852, 56.79492 ], [ 105.828942, 56.795054 ], [ 105.830579, 56.795217 ], [ 105.833642, 56.795465 ], [ 105.835008, 56.79561 ], [ 105.835512, 56.795683 ], [ 105.836343, 56.79584 ], [ 105.836871698910741, 56.795961130478204 ], [ 105.837085, 56.79601 ], [ 105.837721, 56.796095 ], [ 105.838742, 56.796255 ], [ 105.839987, 56.796521 ], [ 105.84074, 56.796713 ], [ 105.841717, 56.796992 ], [ 105.843002, 56.79742 ], [ 105.844103, 56.797679 ], [ 105.844871, 56.797946 ], [ 105.846028, 56.798262 ], [ 105.846123527086874, 56.798300240593967 ], [ 105.846204, 56.798323 ], [ 105.846986400568483, 56.795560272610373 ], [ 105.8387586, 56.7929749 ] ] ] } },
{ "type": "Feature", "properties": { "AA_MINS": 45 }, "geometry": { "type": "Polygon", "coordinates": [ [ [ 105.817794659467367, 56.784276007636706 ], [ 105.814515, 56.785065 ], [ 105.810656, 56.783127 ], [ 105.808664943878966, 56.783026961570499 ], [ 105.808606, 56.783024 ], [ 105.807262535009613, 56.782957154424864 ], [ 105.806556, 56.782922 ], [ 105.804111, 56.782808 ], [ 105.809361, 56.784576 ], [ 105.811263, 56.784707 ], [ 105.812569, 56.784855 ], [ 105.814355, 56.785086 ], [ 105.81754541960261, 56.78549061671405 ], [ 105.817794659467367, 56.784276007636706 ] ] ] } },
{ "type": "Feature", "properties": { "AA_MINS": 45 }, "geometry": { "type": "Polygon", "coordinates": [ [ [ 105.800657428833759, 56.782205311010493 ], [ 105.801070321271311, 56.782665923995459 ], [ 105.801671, 56.782694 ], [ 105.804111, 56.782808 ], [ 105.802872334615003, 56.78234381812333 ], [ 105.800657428833759, 56.782205311010493 ] ] ] } },
{ "type": "Feature", "properties": { "AA_MINS": 45 }, "geometry": { "type": "Polygon", "coordinates": [ [ [ 105.7853487, 56.7695414 ], [ 105.7821829, 56.7719391 ], [ 105.779227673310075, 56.773545739445652 ], [ 105.779983, 56.773654 ], [ 105.780504, 56.773936 ], [ 105.780928, 56.774392 ], [ 105.782295, 56.776681 ], [ 105.785663748463094, 56.778231253965636 ], [ 105.78558, 56.777646 ], [ 105.785323885840185, 56.777682949991942 ], [ 105.784646, 56.777386 ], [ 105.784548427398349, 56.777385088554851 ], [ 105.784104005807052, 56.776744524853456 ], [ 105.784042, 56.772111 ], [ 105.784722, 56.771223 ], [ 105.785864142056127, 56.769552865774784 ], [ 105.7853487, 56.7695414 ] ] ] } },
{ "type": "Feature", "properties": { "AA_MINS": 45 }, "geometry": { "type": "Polygon", "coordinates": [ [ [ 105.7761976, 56.7731 ], [ 105.7761813295552, 56.773109108689653 ], [ 105.776366308088015, 56.773135621559874 ], [ 105.7761976, 56.7731 ] ] ] } },
{ "type": "Feature", "properties": { "AA_MINS": 45 }, "geometry": { "type": "Polygon", "coordinates": [ [ [ 105.7517703, 56.7739106 ], [ 105.7511847, 56.7741693 ], [ 105.7488511, 56.7736497 ], [ 105.7483626, 56.7737552 ], [ 105.7475037, 56.773525 ], [ 105.745479343740854, 56.773861544634343 ], [ 105.745416, 56.776012 ], [ 105.746108, 56.776235 ], [ 105.748915891060179, 56.778883464482725 ], [ 105.748564404212658, 56.779121099208886 ], [ 105.7527, 56.778621 ], [ 105.754574, 56.778909 ], [ 105.756449, 56.779197 ], [ 105.75964, 56.780896 ], [ 105.764642, 56.780252 ], [ 105.765531293107259, 56.780191326980983 ], [ 105.76531, 56.778892 ], [ 105.764359, 56.778497 ], [ 105.765743, 56.775173 ], [ 105.768119997437779, 56.774777227329061 ], [ 105.7517703, 56.7739106 ] ] ] } },
{ "type": "Feature", "properties": { "AA_MINS": 45 }, "geometry": { "type": "Polygon", "coordinates": [ [ [ 105.6372462, 56.746286 ], [ 105.6367414, 56.7465145 ], [ 105.6369345, 56.7467239 ], [ 105.6368621, 56.7467604 ], [ 105.6365101, 56.7465254 ], [ 105.636344, 56.7465597 ], [ 105.6361721, 56.7468008 ], [ 105.6359606, 56.7466397 ], [ 105.6356483, 56.7467527 ], [ 105.6353204, 56.7471341 ], [ 105.6368936, 56.7487912 ], [ 105.639144601670196, 56.750600056940733 ], [ 105.639645, 56.749889 ], [ 105.640287, 56.749099 ], [ 105.644784, 56.749715 ], [ 105.639612, 56.746818 ], [ 105.63903, 56.746284 ], [ 105.63846041484814, 56.74581125473685 ], [ 105.6372462, 56.746286 ] ] ] } },
{ "type": "Feature", "properties": { "AA_MINS": 45 }, "geometry": { "type": "Polygon", "coordinates": [ [ [ 105.635674543421388, 56.763037265547958 ], [ 105.634701, 56.764402 ], [ 105.634629, 56.764679 ], [ 105.635379, 56.76556 ], [ 105.63635, 56.76784 ], [ 105.635227, 56.771707 ], [ 105.636802, 56.769537 ], [ 105.637824, 56.768216 ], [ 105.639369, 56.763418 ], [ 105.63843910722143, 56.761687548121571 ], [ 105.635674543421388, 56.763037265547958 ] ] ] } },
{ "type": "Feature", "properties": { "AA_MINS": 45 }, "geometry": { "type": "Polygon", "coordinates": [ [ [ 105.81604, 56.794034 ], [ 105.814647, 56.793873 ], [ 105.813814, 56.793804 ], [ 105.81342, 56.793744 ], [ 105.812548, 56.793579 ], [ 105.81064, 56.793481 ], [ 105.809826, 56.793468 ], [ 105.809343, 56.793388 ], [ 105.808931, 56.793236 ], [ 105.807115083536075, 56.793255904089854 ], [ 105.808686, 56.796666 ], [ 105.810309, 56.796713 ], [ 105.810309000199638, 56.79671300341294 ], [ 105.810447, 56.796717 ], [ 105.810446991908321, 56.796717655762642 ], [ 105.810561, 56.796721 ], [ 105.810560976370439, 56.796721332354949 ], [ 105.811058, 56.796736 ], [ 105.811875, 56.796737 ], [ 105.814094, 56.796818 ], [ 105.814078236890211, 56.797250944038367 ], [ 105.816955, 56.797922 ], [ 105.819636629973417, 56.79847231291361 ], [ 105.822208, 56.794722 ], [ 105.821602, 56.79468 ], [ 105.81974, 56.794622 ], [ 105.819281, 56.794557 ], [ 105.817269, 56.794194 ], [ 105.81604, 56.794034 ] ] ] } },
{ "type": "Feature", "properties": { "AA_MINS": 45 }, "geometry": { "type": "Polygon", "coordinates": [ [ [ 105.730192, 56.77791 ], [ 105.733335, 56.777314 ], [ 105.730076, 56.776874 ], [ 105.729242, 56.77679 ], [ 105.728849, 56.776779 ], [ 105.728443, 56.777431 ], [ 105.728324379744052, 56.77771915274564 ], [ 105.730192, 56.77791 ] ] ] } },
{ "type": "Feature", "properties": { "AA_MINS": 45 }, "geometry": { "type": "Polygon", "coordinates": [ [ [ 105.71403, 56.775786 ], [ 105.716643, 56.77618 ], [ 105.720268, 56.775891 ], [ 105.714753, 56.775895 ], [ 105.71403, 56.775786 ] ] ] } },
{ "type": "Feature", "properties": { "AA_MINS": 60 }, "geometry": { "type": "Polygon", "coordinates": [ [ [ 105.632413, 56.7936442 ], [ 105.6327583, 56.7907627 ], [ 105.6345496, 56.7896931 ], [ 105.6358205, 56.7888792 ], [ 105.6370944, 56.7869656 ], [ 105.6379498, 56.7853045 ], [ 105.63846141492462, 56.784341570674435 ], [ 105.636304, 56.782944 ], [ 105.632406, 56.782912 ], [ 105.628948, 56.781911 ], [ 105.624912, 56.778032 ], [ 105.624771, 56.778254 ], [ 105.624218, 56.779546 ], [ 105.623988, 56.781702 ], [ 105.620787, 56.785486 ], [ 105.619123, 56.787318 ], [ 105.621613, 56.790629 ], [ 105.626805, 56.793302 ], [ 105.630198, 56.794506 ], [ 105.631691195008443, 56.794362976 ], [ 105.632413, 56.7936442 ] ] ] } },
{ "type": "Feature", "properties": { "AA_MINS": 60 }, "geometry": { "type": "Polygon", "coordinates": [ [ [ 105.6659131, 56.771422 ], [ 105.666814966269499, 56.771403795662337 ], [ 105.66638, 56.770961 ], [ 105.662829, 56.770369 ], [ 105.659754, 56.771575 ], [ 105.659176514474638, 56.771797645021827 ], [ 105.6659131, 56.771422 ] ] ] } },
{ "type": "Feature", "properties": { "AA_MINS": 60 }, "geometry": { "type": "Polygon", "coordinates": [ [ [ 105.6903613, 56.7766674 ], [ 105.690722, 56.7769273 ], [ 105.6944324, 56.7796468 ], [ 105.6951871, 56.7801965 ], [ 105.6962223, 56.7817483 ], [ 105.6965588, 56.781928 ], [ 105.6969635, 56.7822345 ], [ 105.698101, 56.7828693 ], [ 105.6992255, 56.7828898 ], [ 105.700239, 56.7829536 ], [ 105.701465315106717, 56.782899086926527 ], [ 105.698357, 56.780016 ], [ 105.697514, 56.779029 ], [ 105.696470374339881, 56.775562094943311 ], [ 105.695352, 56.774408 ], [ 105.694718, 56.774107 ], [ 105.691317, 56.771787 ], [ 105.687538, 56.76948 ], [ 105.685747, 56.768269 ], [ 105.682619199851842, 56.767682080369703 ], [ 105.682683, 56.767933 ], [ 105.683058, 56.768123 ], [ 105.683091785040375, 56.768144817648107 ], [ 105.683089, 56.768153 ], [ 105.684574, 56.769102 ], [ 105.685352, 56.769627 ], [ 105.685939365382751, 56.769835098513852 ], [ 105.685945, 56.769886 ], [ 105.688099, 56.770912 ], [ 105.689278, 56.773785 ], [ 105.688252004515107, 56.775585386016417 ], [ 105.6903613, 56.7766674 ] ] ] } },
{ "type": "Feature", "properties": { "AA_MINS": 60 }, "geometry": { "type": "Polygon", "coordinates": [ [ [ 105.7213792, 56.7922882 ], [ 105.7211581, 56.7912606 ], [ 105.7234236, 56.789153 ], [ 105.723801987064022, 56.78824578793671 ], [ 105.72131, 56.787561 ], [ 105.71725, 56.784553 ], [ 105.716206, 56.784289 ], [ 105.715378152975731, 56.784245338223094 ], [ 105.717293729712054, 56.785370179841188 ], [ 105.718186, 56.790215 ], [ 105.718201164933674, 56.79045626030836 ], [ 105.718241, 56.79109 ], [ 105.7197, 56.79348 ], [ 105.72076, 56.792989 ], [ 105.721214494036943, 56.79263290467204 ], [ 105.7213792, 56.7922882 ] ] ] } },
{ "type": "Feature", "properties": { "AA_MINS": 60 }, "geometry": { "type": "Polygon", "coordinates": [ [ [ 105.753329124366473, 56.802438190522736 ], [ 105.753432325848081, 56.803434475077928 ], [ 105.753426064606856, 56.803508626459006 ], [ 105.753564, 56.80258 ], [ 105.753519011807896, 56.802408004326814 ], [ 105.753519, 56.802408 ], [ 105.753514208690063, 56.802389680285565 ], [ 105.753329124366473, 56.802438190522736 ] ] ] } },
{ "type": "Feature", "properties": { "AA_MINS": 60 }, "geometry": { "type": "Polygon", "coordinates": [ [ [ 105.828976172155464, 56.816433637784094 ], [ 105.830097, 56.817483 ], [ 105.831151, 56.818954 ], [ 105.832745971293335, 56.820066682354643 ], [ 105.8327758, 56.8200414 ], [ 105.8349441, 56.8177937 ], [ 105.83613, 56.8177071 ], [ 105.8362684, 56.8177432 ], [ 105.8365956, 56.8177528 ], [ 105.8367801, 56.8177588 ], [ 105.8369097, 56.817742 ], [ 105.8370239, 56.8177432 ], [ 105.8370876, 56.81776 ], [ 105.8373753, 56.8177733 ], [ 105.8374609, 56.8177444 ], [ 105.8376454, 56.817748 ], [ 105.8377684, 56.8178069 ], [ 105.8380429, 56.8178249 ], [ 105.8382889, 56.8178045 ], [ 105.8385414, 56.8178249 ], [ 105.8386917, 56.8177761 ], [ 105.8387203, 56.8177364 ], [ 105.8387972, 56.8177076 ], [ 105.8388872, 56.8177124 ], [ 105.8390102, 56.8176583 ], [ 105.8391156, 56.8176499 ], [ 105.839320942848488, 56.817590860990869 ], [ 105.838929, 56.815584 ], [ 105.83661, 56.813679 ], [ 105.831749479612128, 56.811683590914363 ], [ 105.832563, 56.812749 ], [ 105.832560428417054, 56.812750962381948 ], [ 105.832657, 56.812878 ], [ 105.833699, 56.814421 ], [ 105.833698740431458, 56.81442117519137 ], [ 105.833729, 56.814466 ], [ 105.830745, 56.81648 ], [ 105.83073117406218, 56.816459519039874 ], [ 105.829064065138667, 56.815488728145787 ], [ 105.828976172155464, 56.816433637784094 ] ] ] } },
{ "type": "Feature", "properties": { "AA_MINS": 60 }, "geometry": { "type": "Polygon", "coordinates": [ [ [ 105.855572330557607, 56.817198086663979 ], [ 105.85725, 56.815381 ], [ 105.854440878798925, 56.817229462355627 ], [ 105.855572330557607, 56.817198086663979 ] ] ] } },
{ "type": "Feature", "properties": { "AA_MINS": 60 }, "geometry": { "type": "Polygon", "coordinates": [ [ [ 105.9308272, 56.8099568 ], [ 105.9345033, 56.8095466 ], [ 105.9370392, 56.8099183 ], [ 105.9399714, 56.8099765 ], [ 105.940079, 56.8099993 ], [ 105.9401567, 56.8101256 ], [ 105.9405389, 56.8101437 ], [ 105.9415654, 56.8103483 ], [ 105.9415894, 56.8118605 ], [ 105.9420946, 56.8121093 ], [ 105.943118112009287, 56.81272901973005 ], [ 105.94397, 56.811041 ], [ 105.949431, 56.81118 ], [ 105.950654, 56.811927 ], [ 105.951563, 56.812497 ], [ 105.952643, 56.813209 ], [ 105.954624, 56.810203 ], [ 105.953189, 56.807054 ], [ 105.950407, 56.805134 ], [ 105.948028, 56.803873 ], [ 105.946394, 56.803035 ], [ 105.945405, 56.802657 ], [ 105.940412, 56.800399 ], [ 105.939988, 56.800261 ], [ 105.940613, 56.802837 ], [ 105.93889, 56.805998 ], [ 105.936719, 56.804955 ], [ 105.935337, 56.804638 ], [ 105.930069, 56.805688 ], [ 105.927021, 56.808599 ], [ 105.92587, 56.808788 ], [ 105.924221, 56.809005 ], [ 105.92206, 56.809216 ], [ 105.919444596356144, 56.810146380742871 ], [ 105.924701, 56.810982 ], [ 105.925154987357715, 56.811649747215377 ], [ 105.9308272, 56.8099568 ] ] ] } },
{ "type": "Feature", "properties": { "AA_MINS": 60 }, "geometry": { "type": "Polygon", "coordinates": [ [ [ 105.8560076, 56.7992384 ], [ 105.8550446, 56.7991217 ], [ 105.8555388, 56.7984124 ], [ 105.8546157, 56.798112 ], [ 105.8528632, 56.7975466 ], [ 105.8507555, 56.7966408 ], [ 105.84867, 56.7960893 ], [ 105.846986400568483, 56.795560272610373 ], [ 105.846204, 56.798323 ], [ 105.846123527086874, 56.798300240593967 ], [ 105.84667, 56.798519 ], [ 105.847195, 56.798751 ], [ 105.848133, 56.799152 ], [ 105.849132, 56.799544 ], [ 105.850466, 56.799998 ], [ 105.850783, 56.800096 ], [ 105.851070020644684, 56.800171839608154 ], [ 105.853011, 56.799958 ], [ 105.853848, 56.799937 ], [ 105.855764, 56.800135 ], [ 105.860439, 56.800732 ], [ 105.860864203620324, 56.80075945463247 ], [ 105.861409, 56.800238 ], [ 105.861393322121387, 56.799701306108972 ], [ 105.8560076, 56.7992384 ] ] ] } },
{ "type": "Feature", "properties": { "AA_MINS": 60 }, "geometry": { "type": "Polygon", "coordinates": [ [ [ 105.802872334615003, 56.78234381812333 ], [ 105.804111, 56.782808 ], [ 105.806556, 56.782922 ], [ 105.807262535009613, 56.782957154424864 ], [ 105.806784618532404, 56.782588469229751 ], [ 105.802872334615003, 56.78234381812333 ] ] ] } },
{ "type": "Feature", "properties": { "AA_MINS": 60 }, "geometry": { "type": "Polygon", "coordinates": [ [ [ 105.7924554, 56.7805166 ], [ 105.7919367, 56.7801832 ], [ 105.791738513514105, 56.778443922267215 ], [ 105.790546, 56.77763 ], [ 105.789779484716547, 56.777560142001761 ], [ 105.789762, 56.77755 ], [ 105.789293718095465, 56.777502058005638 ], [ 105.785152747443803, 56.776108390833215 ], [ 105.784042, 56.772111 ], [ 105.784104005807052, 56.776744524853456 ], [ 105.784548427398349, 56.777385088554851 ], [ 105.784646, 56.777386 ], [ 105.785323885840185, 56.777682949991942 ], [ 105.78558, 56.777646 ], [ 105.785663748463094, 56.778231253965636 ], [ 105.787645, 56.779143 ], [ 105.790655, 56.781864 ], [ 105.792695642112804, 56.780584275285193 ], [ 105.7924554, 56.7805166 ] ] ] } },
{ "type": "Feature", "properties": { "AA_MINS": 60 }, "geometry": { "type": "Polygon", "coordinates": [ [ [ 105.785864142056127, 56.769552865774784 ], [ 105.784722, 56.771223 ], [ 105.784042, 56.772111 ], [ 105.786606, 56.770465 ], [ 105.787977439511394, 56.769599875118296 ], [ 105.785864142056127, 56.769552865774784 ] ] ] } },
{ "type": "Feature", "properties": { "AA_MINS": 60 }, "geometry": { "type": "Polygon", "coordinates": [ [ [ 105.7446393, 56.7740012 ], [ 105.7395489, 56.7741748 ], [ 105.7335804, 56.7741567 ], [ 105.725606088747156, 56.773869749430958 ], [ 105.725617, 56.776052 ], [ 105.726316793471952, 56.776881173450462 ], [ 105.724699840911924, 56.776946416794736 ], [ 105.727129, 56.777597 ], [ 105.728324379744052, 56.77771915274564 ], [ 105.728443, 56.777431 ], [ 105.728849, 56.776779 ], [ 105.729242, 56.77679 ], [ 105.730076, 56.776874 ], [ 105.733335, 56.777314 ], [ 105.737855, 56.777271 ], [ 105.739608, 56.77733 ], [ 105.739781, 56.777363 ], [ 105.740007, 56.777439 ], [ 105.744004264130183, 56.778659265724144 ], [ 105.745332573527122, 56.778859893265313 ], [ 105.748379041532203, 56.779143514293587 ], [ 105.748564404212658, 56.779121099208886 ], [ 105.748915891060179, 56.778883464482725 ], [ 105.746108, 56.776235 ], [ 105.745416, 56.776012 ], [ 105.745479343740854, 56.773861544634343 ], [ 105.7446393, 56.7740012 ] ] ] } },
{ "type": "Feature", "properties": { "AA_MINS": 60 }, "geometry": { "type": "Polygon", "coordinates": [ [ [ 105.92956489689017, 56.797011350673841 ], [ 105.928822, 56.797472 ], [ 105.925915, 56.799011 ], [ 105.920107, 56.797646 ], [ 105.924351, 56.801062 ], [ 105.927528, 56.800475 ], [ 105.929405, 56.79974 ], [ 105.929889, 56.799595 ], [ 105.930483, 56.799479 ], [ 105.934264, 56.798488 ], [ 105.939988, 56.800261 ], [ 105.934629, 56.797957 ], [ 105.930928, 56.796797 ], [ 105.929938, 56.79678 ], [ 105.92956489689017, 56.797011350673841 ] ] ] } },
{ "type": "Feature", "properties": { "AA_MINS": 60 }, "geometry": { "type": "Polygon", "coordinates": [ [ [ 105.847338, 56.800583 ], [ 105.847340405346131, 56.800582735000646 ], [ 105.844921, 56.800439 ], [ 105.844797687760874, 56.800443857754871 ], [ 105.847338, 56.800583 ] ] ] } },
{ "type": "Feature", "properties": { "AA_MINS": 60 }, "geometry": { "type": "Polygon", "coordinates": [ [ [ 105.712814, 56.775604 ], [ 105.710874, 56.775365 ], [ 105.710842088607677, 56.775361085097231 ], [ 105.710846, 56.775362 ], [ 105.712814, 56.775604 ] ] ] } },
{ "type": "Feature", "properties": { "AA_MINS": 60 }, "geometry": { "type": "Polygon", "coordinates": [ [ [ 105.694561, 56.769508 ], [ 105.695409, 56.770039 ], [ 105.695481101823901, 56.770073872594203 ], [ 105.694377, 56.769387 ], [ 105.692654102921139, 56.768321183789048 ], [ 105.694561, 56.769508 ] ] ] } },
{ "type": "Feature", "properties": { "AA_MINS": 60 }, "geometry": { "type": "Polygon", "coordinates": [ [ [ 105.69915001669294, 56.771848371108689 ], [ 105.701204, 56.772118 ], [ 105.696037612026345, 56.770343032976164 ], [ 105.69915001669294, 56.771848371108689 ] ] ] } },
{ "type": "Feature", "properties": { "AA_MINS": 60 }, "geometry": { "type": "Polygon", "coordinates": [ [ [ 105.685706168407535, 56.764001885678823 ], [ 105.688317927868269, 56.76554778310723 ], [ 105.688208, 56.765474 ], [ 105.687566992909197, 56.765096822047177 ], [ 105.685706168407535, 56.764001885678823 ] ] ] } },
{ "type": "Feature", "properties": { "AA_MINS": 60 }, "geometry": { "type": "Polygon", "coordinates": [ [ [ 105.827714623026566, 56.794901947835292 ], [ 105.827852, 56.79492 ], [ 105.827716, 56.794902 ], [ 105.827714623026566, 56.794901947835292 ] ] ] } },
{ "type": "Feature", "properties": { "AA_MINS": 60 }, "geometry": { "type": "Polygon", "coordinates": [ [ [ 105.822515, 56.799063 ], [ 105.823093, 56.799119 ], [ 105.826237296706367, 56.794845981399035 ], [ 105.822991, 56.794723 ], [ 105.822208, 56.794722 ], [ 105.819636629973417, 56.79847231291361 ], [ 105.822515, 56.799063 ] ] ] } },
{ "type": "Feature", "properties": { "AA_MINS": 60 }, "geometry": { "type": "Polygon", "coordinates": [ [ [ 105.836865, 56.795967 ], [ 105.836871698910741, 56.795961130478204 ], [ 105.836343, 56.79584 ], [ 105.836865, 56.795967 ] ] ] } },
{ "type": "Feature", "properties": { "AA_MINS": 60 }, "geometry": { "type": "Polygon", "coordinates": [ [ [ 105.844669984362937, 56.800448888494792 ], [ 105.844261, 56.800465 ], [ 105.843505480246435, 56.800744031513425 ], [ 105.844669984362937, 56.800448888494792 ] ] ] } },
{ "type": "Feature", "properties": { "AA_MINS": 60 }, "geometry": { "type": "Polygon", "coordinates": [ [ [ 105.834818, 56.802612 ], [ 105.834514782236013, 56.802679700257123 ], [ 105.835936, 56.802626 ], [ 105.834818, 56.802612 ] ] ] } },
{ "type": "Feature", "properties": { "AA_MINS": 60 }, "geometry": { "type": "Polygon", "coordinates": [ [ [ 105.829118040868806, 56.805758749737727 ], [ 105.829377, 56.804173 ], [ 105.82944, 56.803811 ], [ 105.829997, 56.803181 ], [ 105.826626106928401, 56.804614138109478 ], [ 105.827619, 56.805635 ], [ 105.828813, 56.805732 ], [ 105.829118040868806, 56.805758749737727 ] ] ] } },
{ "type": "Feature", "properties": { "AA_MINS": 90 }, "geometry": { "type": "Polygon", "coordinates": [ [ [ 105.6202585, 56.8113607 ], [ 105.626106102379381, 56.811987709917339 ], [ 105.626639, 56.810157 ], [ 105.623534, 56.801756 ], [ 105.624173, 56.799864 ], [ 105.630198, 56.794506 ], [ 105.626805, 56.793302 ], [ 105.621613, 56.790629 ], [ 105.619123, 56.787318 ], [ 105.620787, 56.785486 ], [ 105.613335, 56.788207 ], [ 105.610193, 56.787802 ], [ 105.606423, 56.787163 ], [ 105.604917, 56.786968 ], [ 105.60155, 56.787834 ], [ 105.594307, 56.787674 ], [ 105.592081, 56.787207 ], [ 105.589807544381927, 56.787004630261578 ], [ 105.5897027, 56.7877667 ], [ 105.5881239, 56.7871763 ], [ 105.5850903, 56.7871943 ], [ 105.584264717123204, 56.786896744595595 ], [ 105.582816, 56.789734 ], [ 105.584033, 56.790355 ], [ 105.587388, 56.790896 ], [ 105.593741, 56.795925 ], [ 105.594698, 56.796215 ], [ 105.599584, 56.795789 ], [ 105.604184, 56.799113 ], [ 105.60671, 56.799844 ], [ 105.60727, 56.799961 ], [ 105.611725, 56.798479 ], [ 105.616649, 56.805887 ], [ 105.616256, 56.80724 ], [ 105.616307, 56.808064 ], [ 105.616585, 56.809026 ], [ 105.617351, 56.810094 ], [ 105.618279, 56.810746 ], [ 105.619353, 56.811266 ], [ 105.61952634633991, 56.811343755267266 ], [ 105.6202585, 56.8113607 ] ] ] } },
{ "type": "Feature", "properties": { "AA_MINS": 90 }, "geometry": { "type": "Polygon", "coordinates": [ [ [ 105.6744256, 56.7706962 ], [ 105.676067583054419, 56.771693089043787 ], [ 105.677559176912098, 56.770254084186945 ], [ 105.678255302008552, 56.77013975561362 ], [ 105.679225, 56.772236 ], [ 105.679608148346773, 56.772450923424842 ], [ 105.6807961, 56.7717607 ], [ 105.688252004515107, 56.775585386016417 ], [ 105.689278, 56.773785 ], [ 105.688099, 56.770912 ], [ 105.685945, 56.769886 ], [ 105.685939365382751, 56.769835098513852 ], [ 105.685352, 56.769627 ], [ 105.684574, 56.769102 ], [ 105.683089, 56.768153 ], [ 105.683091785040375, 56.768144817648107 ], [ 105.683058, 56.768123 ], [ 105.682683, 56.767933 ], [ 105.682619199851842, 56.767682080369703 ], [ 105.680615, 56.767306 ], [ 105.675391, 56.766789 ], [ 105.672492593680275, 56.770754071652192 ], [ 105.6744256, 56.7706962 ] ] ] } },
{ "type": "Feature", "properties": { "AA_MINS": 90 }, "geometry": { "type": "Polygon", "coordinates": [ [ [ 105.7076511, 56.7837395 ], [ 105.708793, 56.7839991 ], [ 105.7117239, 56.7850413 ], [ 105.7172428, 56.7890769 ], [ 105.7178304, 56.7896055 ], [ 105.717784585883265, 56.790430224117706 ], [ 105.718201164933674, 56.79045626030836 ], [ 105.718186, 56.790215 ], [ 105.717293729712054, 56.785370179841188 ], [ 105.715378152975731, 56.784245338223094 ], [ 105.71285, 56.784112 ], [ 105.708113384946728, 56.782149521856823 ], [ 105.706483, 56.782775 ], [ 105.70470946902536, 56.783077355499813 ], [ 105.7076511, 56.7837395 ] ] ] } },
{ "type": "Feature", "properties": { "AA_MINS": 90 }, "geometry": { "type": "Polygon", "coordinates": [ [ [ 105.753073384559912, 56.802505219423018 ], [ 105.752962254768505, 56.804261399749585 ], [ 105.753301208420581, 56.804349199393236 ], [ 105.753426064606856, 56.803508626459006 ], [ 105.753432325848081, 56.803434475077928 ], [ 105.753329124366473, 56.802438190522736 ], [ 105.753073384559912, 56.802505219423018 ] ] ] } },
{ "type": "Feature", "properties": { "AA_MINS": 90 }, "geometry": { "type": "Polygon", "coordinates": [ [ [ 105.8289227, 56.8170085 ], [ 105.828912880735416, 56.817037207276748 ], [ 105.829384693654291, 56.817214833612425 ], [ 105.831151, 56.818954 ], [ 105.830097, 56.817483 ], [ 105.828976172155464, 56.816433637784094 ], [ 105.8289227, 56.8170085 ] ] ] } },
{ "type": "Feature", "properties": { "AA_MINS": 90 }, "geometry": { "type": "Polygon", "coordinates": [ [ [ 105.8570107, 56.8171582 ], [ 105.8571345, 56.8170842 ], [ 105.8571301, 56.8167441 ], [ 105.8572316, 56.8166326 ], [ 105.8572138, 56.8158875 ], [ 105.8582944, 56.8158346 ], [ 105.858321527845277, 56.815402739626293 ], [ 105.85725, 56.815381 ], [ 105.855572330557607, 56.817198086663979 ], [ 105.8570107, 56.8171582 ] ] ] } },
{ "type": "Feature", "properties": { "AA_MINS": 90 }, "geometry": { "type": "Polygon", "coordinates": [ [ [ 105.8678697, 56.812501 ], [ 105.8693566, 56.8120971 ], [ 105.8701911, 56.8120827 ], [ 105.881807090670691, 56.813205135301295 ], [ 105.883741983938876, 56.812545747277753 ], [ 105.887326636643749, 56.812406682262214 ], [ 105.88737, 56.812405 ], [ 105.888695, 56.812767 ], [ 105.890474, 56.813267 ], [ 105.890794, 56.813318 ], [ 105.891185, 56.813355 ], [ 105.891602, 56.81335 ], [ 105.892168, 56.813274 ], [ 105.892219358300565, 56.813259879928147 ], [ 105.893034988147747, 56.813819963225917 ], [ 105.89413653544041, 56.813619947779756 ], [ 105.892329, 56.811211 ], [ 105.888458, 56.810677 ], [ 105.885798, 56.808903 ], [ 105.880995, 56.810877 ], [ 105.879892, 56.81131 ], [ 105.878278, 56.811469 ], [ 105.876093, 56.811658 ], [ 105.875071, 56.811742 ], [ 105.872, 56.811944 ], [ 105.870168, 56.81204 ], [ 105.868295, 56.812107 ], [ 105.866430144339844, 56.813190698072724 ], [ 105.8678697, 56.812501 ] ] ] } },
{ "type": "Feature", "properties": { "AA_MINS": 90 }, "geometry": { "type": "Polygon", "coordinates": [ [ [ 105.906479, 56.8206877 ], [ 105.906268434262429, 56.820149115189835 ], [ 105.906361816486054, 56.820673379169719 ], [ 105.906479, 56.8206877 ] ] ] } },
{ "type": "Feature", "properties": { "AA_MINS": 90 }, "geometry": { "type": "Polygon", "coordinates": [ [ [ 105.9059385, 56.817141 ], [ 105.907909, 56.815289 ], [ 105.909691690004792, 56.815936561009821 ], [ 105.910683288422049, 56.81434501300312 ], [ 105.910493379500821, 56.813910423340353 ], [ 105.905975, 56.81477 ], [ 105.905702, 56.817179 ], [ 105.905717876870511, 56.817237555063727 ], [ 105.9059385, 56.817141 ] ] ] } },
{ "type": "Feature", "properties": { "AA_MINS": 90 }, "geometry": { "type": "Polygon", "coordinates": [ [ [ 105.9445419, 56.8135911 ], [ 105.945563, 56.8140869 ], [ 105.9475774, 56.8154042 ], [ 105.9479391, 56.8158157 ], [ 105.9593329, 56.8204877 ], [ 105.9615986, 56.8211215 ], [ 105.9629982, 56.8213057 ], [ 105.9646221, 56.822833 ], [ 105.9646573, 56.8227946 ], [ 105.9654097, 56.8234499 ], [ 105.9652867, 56.8234608 ], [ 105.9665482, 56.824673 ], [ 105.9691945, 56.8246673 ], [ 105.9698402, 56.8245507 ], [ 105.9705666, 56.8222164 ], [ 105.9719897, 56.8223197 ], [ 105.9731546, 56.8221562 ], [ 105.9744064, 56.8218774 ], [ 105.9751553, 56.8218762 ], [ 105.9769783, 56.8219751 ], [ 105.9891427, 56.8232399 ], [ 105.989169, 56.8231714 ], [ 105.989703377522872, 56.82322293904685 ], [ 105.989864135289906, 56.822262181348215 ], [ 105.9898296, 56.8222569 ], [ 105.9898368, 56.8221776 ], [ 105.989877671686116, 56.822181282010575 ], [ 105.989887443407937, 56.822122881989621 ], [ 105.9885926, 56.8219791 ], [ 105.9852496, 56.8214131 ], [ 105.9847011, 56.821315 ], [ 105.984049, 56.8212257 ], [ 105.9827022, 56.8209931 ], [ 105.983033, 56.8209187 ], [ 105.9830938, 56.8208394 ], [ 105.983977, 56.8199891 ], [ 105.9829791, 56.8200684 ], [ 105.9831028, 56.8194948 ], [ 105.983493615909921, 56.819245281196842 ], [ 105.977233, 56.816797 ], [ 105.976943, 56.816724 ], [ 105.971235, 56.814988 ], [ 105.96421, 56.810797 ], [ 105.961413, 56.810632 ], [ 105.953189, 56.807054 ], [ 105.954624, 56.810203 ], [ 105.952643, 56.813209 ], [ 105.951563, 56.812497 ], [ 105.950654, 56.811927 ], [ 105.949431, 56.81118 ], [ 105.94397, 56.811041 ], [ 105.943118112009287, 56.81272901973005 ], [ 105.9445419, 56.8135911 ] ] ] } },
{ "type": "Feature", "properties": { "AA_MINS": 90 }, "geometry": { "type": "Polygon", "coordinates": [ [ [ 105.9026565, 56.7932607 ], [ 105.9018175, 56.7934889 ], [ 105.8994939, 56.794311 ], [ 105.897226, 56.7953726 ], [ 105.8956788, 56.7961625 ], [ 105.8947285, 56.7965498 ], [ 105.8947553, 56.7965703 ], [ 105.8945622, 56.796634 ], [ 105.8945533, 56.7966262 ], [ 105.8930429, 56.7972406 ], [ 105.8932628, 56.7974198 ], [ 105.8892537, 56.7986692 ], [ 105.8888933, 56.7987762 ], [ 105.8865771, 56.7993702 ], [ 105.8840625, 56.7998158 ], [ 105.8796897, 56.800251 ], [ 105.8750278, 56.8003395 ], [ 105.866018, 56.8000988 ], [ 105.861393322121387, 56.799701306108972 ], [ 105.861409, 56.800238 ], [ 105.860864203620324, 56.80075945463247 ], [ 105.862917, 56.800892 ], [ 105.865755, 56.801017 ], [ 105.870801, 56.801172 ], [ 105.873739, 56.801243 ], [ 105.8797, 56.80115 ], [ 105.880634, 56.801206 ], [ 105.881681, 56.801328 ], [ 105.882988, 56.801546 ], [ 105.884068, 56.802 ], [ 105.889272, 56.801478 ], [ 105.890401, 56.800298 ], [ 105.891185, 56.799857 ], [ 105.886685238825706, 56.800784180263932 ], [ 105.886003, 56.80046 ], [ 105.884515, 56.800673 ], [ 105.883456652152759, 56.800699628997911 ], [ 105.883583654307046, 56.800325191612018 ], [ 105.885213, 56.799699 ], [ 105.886071, 56.799558 ], [ 105.893337, 56.797925 ], [ 105.899627, 56.79575 ], [ 105.903647, 56.794348 ], [ 105.903418335663289, 56.793051015882114 ], [ 105.9026565, 56.7932607 ] ] ] } },
{ "type": "Feature", "properties": { "AA_MINS": 90 }, "geometry": { "type": "Polygon", "coordinates": [ [ [ 105.817811748372293, 56.784192729068621 ], [ 105.810656, 56.783127 ], [ 105.814515, 56.785065 ], [ 105.817794659467367, 56.784276007636706 ], [ 105.817811748372293, 56.784192729068621 ] ] ] } },
{ "type": "Feature", "properties": { "AA_MINS": 90 }, "geometry": { "type": "Polygon", "coordinates": [ [ [ 105.806784618532404, 56.782588469229751 ], [ 105.807262535009613, 56.782957154424864 ], [ 105.808606, 56.783024 ], [ 105.808664943878966, 56.783026961570499 ], [ 105.807873958946118, 56.782656590138949 ], [ 105.806784618532404, 56.782588469229751 ] ] ] } },
{ "type": "Feature", "properties": { "AA_MINS": 90 }, "geometry": { "type": "Polygon", "coordinates": [ [ [ 105.787977439511394, 56.769599875118296 ], [ 105.786606, 56.770465 ], [ 105.784042, 56.772111 ], [ 105.785152747443803, 56.776108390833215 ], [ 105.789293718095465, 56.777502058005638 ], [ 105.789762, 56.77755 ], [ 105.789779484716547, 56.777560142001761 ], [ 105.790546, 56.77763 ], [ 105.789066720440672, 56.769624105678574 ], [ 105.787977439511394, 56.769599875118296 ] ] ] } },
{ "type": "Feature", "properties": { "AA_MINS": 90 }, "geometry": { "type": "Polygon", "coordinates": [ [ [ 105.7252629, 56.7738574 ], [ 105.7220875, 56.7736425 ], [ 105.7204894, 56.7733522 ], [ 105.7170131, 56.7725725 ], [ 105.7132162, 56.7720387 ], [ 105.7106345, 56.771888 ], [ 105.7090775, 56.7718468 ], [ 105.7030758, 56.7704889 ], [ 105.6966701, 56.7664769 ], [ 105.6949253, 56.7648413 ], [ 105.6948752, 56.7646869 ], [ 105.696875, 56.7631105 ], [ 105.6970341, 56.7624315 ], [ 105.695958538564994, 56.762220669949478 ], [ 105.694048, 56.76276 ], [ 105.69131693674322, 56.764992279188704 ], [ 105.687566992909197, 56.765096822047177 ], [ 105.688208, 56.765474 ], [ 105.688317927868269, 56.76554778310723 ], [ 105.688494, 56.765652 ], [ 105.690218, 56.766805 ], [ 105.692654102921139, 56.768321183789048 ], [ 105.694377, 56.769387 ], [ 105.695481101823901, 56.770073872594203 ], [ 105.696037612026345, 56.770343032976164 ], [ 105.701204, 56.772118 ], [ 105.701684, 56.772238 ], [ 105.70235498525561, 56.77256734163673 ], [ 105.702512, 56.772607 ], [ 105.705501853836637, 56.774111926429484 ], [ 105.705502123528902, 56.774112028894301 ], [ 105.710842088607677, 56.775361085097231 ], [ 105.710874, 56.775365 ], [ 105.712814, 56.775604 ], [ 105.712817572967609, 56.775604534769826 ], [ 105.712862, 56.77561 ], [ 105.713997546287217, 56.775781142618641 ], [ 105.71403, 56.775786 ], [ 105.714753, 56.775895 ], [ 105.720268, 56.775891 ], [ 105.720865, 56.775923 ], [ 105.721476, 56.776083 ], [ 105.724699840911924, 56.776946416794736 ], [ 105.726316793471952, 56.776881173450462 ], [ 105.725617, 56.776052 ], [ 105.725606088747156, 56.773869749430958 ], [ 105.7252629, 56.7738574 ] ] ] } },
{ "type": "Feature", "properties": { "AA_MINS": 90 }, "geometry": { "type": "Polygon", "coordinates": [ [ [ 105.63846041484814, 56.74581125473685 ], [ 105.63903, 56.746284 ], [ 105.639612, 56.746818 ], [ 105.644784, 56.749715 ], [ 105.63856091920222, 56.745771958589145 ], [ 105.63846041484814, 56.74581125473685 ] ] ] } },
{ "type": "Feature", "properties": { "AA_MINS": 90 }, "geometry": { "type": "Polygon", "coordinates": [ [ [ 105.650602758096738, 56.755260268239809 ], [ 105.647574, 56.753154 ], [ 105.64907, 56.755773 ], [ 105.653044, 56.757459 ], [ 105.65363, 56.757616 ], [ 105.654216, 56.757773 ], [ 105.655297092277053, 56.758281323361345 ], [ 105.658028222921416, 56.759210778533173 ], [ 105.660871, 56.759327 ], [ 105.662476411449333, 56.758754738680338 ], [ 105.659186036144604, 56.756887514443221 ], [ 105.656163, 56.755172 ], [ 105.655596, 56.755139 ], [ 105.650602758096738, 56.755260268239809 ] ] ] } },
{ "type": "Feature", "properties": { "AA_MINS": 90 }, "geometry": { "type": "Polygon", "coordinates": [ [ [ 105.635227, 56.771707 ], [ 105.63635, 56.76784 ], [ 105.635379, 56.76556 ], [ 105.634629, 56.764679 ], [ 105.633998, 56.773285 ], [ 105.63486, 56.772216 ], [ 105.635227, 56.771707 ] ] ] } },
{ "type": "Feature", "properties": { "AA_MINS": 90 }, "geometry": { "type": "Polygon", "coordinates": [ [ [ 105.624218, 56.779546 ], [ 105.620787, 56.785486 ], [ 105.623988, 56.781702 ], [ 105.624218, 56.779546 ] ] ] } },
{ "type": "Feature", "properties": { "AA_MINS": 90 }, "geometry": { "type": "Polygon", "coordinates": [ [ [ 105.918712684829785, 56.810406744526958 ], [ 105.918713832205455, 56.810406854747299 ], [ 105.918716755816135, 56.810407135598084 ], [ 105.924701, 56.810982 ], [ 105.919444596356144, 56.810146380742871 ], [ 105.918712684829785, 56.810406744526958 ] ] ] } },
{ "type": "Feature", "properties": { "AA_MINS": 90 }, "geometry": { "type": "Polygon", "coordinates": [ [ [ 105.946394, 56.803035 ], [ 105.940412, 56.800399 ], [ 105.945405, 56.802657 ], [ 105.946394, 56.803035 ] ] ] } },
{ "type": "Feature", "properties": { "AA_MINS": 90 }, "geometry": { "type": "Polygon", "coordinates": [ [ [ 105.940412, 56.800399 ], [ 105.934629, 56.797957 ], [ 105.939988, 56.800261 ], [ 105.940412, 56.800399 ] ] ] } },
{ "type": "Feature", "properties": { "AA_MINS": 90 }, "geometry": { "type": "Polygon", "coordinates": [ [ [ 105.928822, 56.797472 ], [ 105.920107, 56.797646 ], [ 105.925915, 56.799011 ], [ 105.928822, 56.797472 ] ] ] } },
{ "type": "Feature", "properties": { "AA_MINS": 90 }, "geometry": { "type": "Polygon", "coordinates": [ [ [ 105.894015, 56.79871 ], [ 105.891185, 56.799857 ], [ 105.896809, 56.799496 ], [ 105.899848, 56.797996 ], [ 105.895798848250607, 56.79886584548143 ], [ 105.8955, 56.798222 ], [ 105.894015, 56.79871 ] ] ] } },
{ "type": "Feature", "properties": { "AA_MINS": 90 }, "geometry": { "type": "Polygon", "coordinates": [ [ [ 105.680936, 56.761063 ], [ 105.679258590079058, 56.760824761052255 ], [ 105.676219515975816, 56.759406287267737 ], [ 105.674567, 56.758534 ], [ 105.673972250919206, 56.758357386694279 ], [ 105.673935, 56.75834 ], [ 105.678244, 56.76065 ], [ 105.681558, 56.761898 ], [ 105.682488, 56.762232 ], [ 105.684109956661473, 56.763065882041516 ], [ 105.684005, 56.762995 ], [ 105.681946, 56.761407 ], [ 105.680936, 56.761063 ] ] ] } },
{ "type": "Feature", "properties": { "AA_MINS": 90 }, "geometry": { "type": "Polygon", "coordinates": [ [ [ 105.673859634944534, 56.758323944894698 ], [ 105.673779, 56.7583 ], [ 105.673726337796069, 56.758295548448338 ], [ 105.673859634944534, 56.758323944894698 ] ] ] } },
{ "type": "Feature", "properties": { "AA_MINS": 90 }, "geometry": { "type": "Polygon", "coordinates": [ [ [ 105.832072, 56.802772 ], [ 105.834514782236013, 56.802679700257123 ], [ 105.834818, 56.802612 ], [ 105.835936, 56.802626 ], [ 105.839133, 56.801799 ], [ 105.843332, 56.800788 ], [ 105.843505480246435, 56.800744031513425 ], [ 105.844261, 56.800465 ], [ 105.844669984362937, 56.800448888494792 ], [ 105.844709, 56.800439 ], [ 105.844797687760874, 56.800443857754871 ], [ 105.844921, 56.800439 ], [ 105.847340405346131, 56.800582735000646 ], [ 105.851070020644684, 56.800171839608154 ], [ 105.850783, 56.800096 ], [ 105.850466, 56.799998 ], [ 105.849132, 56.799544 ], [ 105.848133, 56.799152 ], [ 105.847195, 56.798751 ], [ 105.84667, 56.798519 ], [ 105.846123527086874, 56.798300240593967 ], [ 105.844871, 56.797946 ], [ 105.843002, 56.79742 ], [ 105.841717, 56.796992 ], [ 105.84074, 56.796713 ], [ 105.839987, 56.796521 ], [ 105.838742, 56.796255 ], [ 105.837721, 56.796095 ], [ 105.837085, 56.79601 ], [ 105.836871698910741, 56.795961130478204 ], [ 105.836865, 56.795967 ], [ 105.836343, 56.79584 ], [ 105.835512, 56.795683 ], [ 105.835008, 56.79561 ], [ 105.833642, 56.795465 ], [ 105.830579, 56.795217 ], [ 105.828942, 56.795054 ], [ 105.827852, 56.79492 ], [ 105.827714623026566, 56.794901947835292 ], [ 105.826237296706367, 56.794845981399035 ], [ 105.823093, 56.799119 ], [ 105.823508389823303, 56.801440776124359 ], [ 105.823714, 56.80162 ], [ 105.826626106928401, 56.804614138109478 ], [ 105.829997, 56.803181 ], [ 105.832072, 56.802772 ] ] ] } }
]
}
