{
"type": "FeatureCollection",
"name": "kindergaden",
"crs": { "type": "name", "properties": { "name": "urn:ogc:def:crs:OGC:1.3:CRS84" } },
"features": [
{ "type": "Feature", "properties": { "AA_MINS": 10 }, "geometry": { "type": "Polygon", "coordinates": [ [ [ 105.594176596970939, 56.793804108013191 ], [ 105.590614, 56.792402 ], [ 105.592382, 56.793447 ], [ 105.593826, 56.793883 ], [ 105.594176596970939, 56.793804108013191 ] ] ] } },
{ "type": "Feature", "properties": { "AA_MINS": 10 }, "geometry": { "type": "Polygon", "coordinates": [ [ [ 105.975633, 56.816726 ], [ 105.97521, 56.816533 ], [ 105.975754, 56.816782 ], [ 105.975764723940515, 56.816786243413553 ], [ 105.975633, 56.816726 ] ] ] } },
{ "type": "Feature", "properties": { "AA_MINS": 10 }, "geometry": { "type": "Polygon", "coordinates": [ [ [ 105.96266672620699, 56.812327590847296 ], [ 105.962666260747852, 56.812327563858489 ], [ 105.962669, 56.812328 ], [ 105.962829, 56.812337 ], [ 105.96266672620699, 56.812327590847296 ] ] ] } },
{ "type": "Feature", "properties": { "AA_MINS": 15 }, "geometry": { "type": "Polygon", "coordinates": [ [ [ 105.571395197946771, 56.787812365605745 ], [ 105.571394, 56.786217 ], [ 105.571044737500188, 56.786117656355259 ], [ 105.571143573672856, 56.787635844778158 ], [ 105.571395197946771, 56.787812365605745 ] ] ] } },
{ "type": "Feature", "properties": { "AA_MINS": 15 }, "geometry": { "type": "Polygon", "coordinates": [ [ [ 105.571396789067151, 56.791525399277425 ], [ 105.571398, 56.791544 ], [ 105.571397985592185, 56.791524812397491 ], [ 105.571396789067151, 56.791525399277425 ] ] ] } },
{ "type": "Feature", "properties": { "AA_MINS": 15 }, "geometry": { "type": "Polygon", "coordinates": [ [ [ 105.571066777309099, 56.793467581395774 ], [ 105.571286, 56.793082 ], [ 105.571398, 56.791544 ], [ 105.57087219942801, 56.793105283093794 ], [ 105.571066777309099, 56.793467581395774 ] ] ] } },
{ "type": "Feature", "properties": { "AA_MINS": 15 }, "geometry": { "type": "Polygon", "coordinates": [ [ [ 105.975633, 56.816726 ], [ 105.975764723940515, 56.816786243413553 ], [ 105.976055577980276, 56.816901333008758 ], [ 105.97521, 56.816533 ], [ 105.975633, 56.816726 ] ] ] } },
{ "type": "Feature", "properties": { "AA_MINS": 15 }, "geometry": { "type": "Polygon", "coordinates": [ [ [ 105.9581236769273, 56.81151010179186 ], [ 105.958417, 56.811651 ], [ 105.962666260747852, 56.812327563858489 ], [ 105.96266672620699, 56.812327590847296 ], [ 105.9581236769273, 56.81151010179186 ] ] ] } },
{ "type": "Feature", "properties": { "AA_MINS": 15 }, "geometry": { "type": "Polygon", "coordinates": [ [ [ 105.952995, 56.811501 ], [ 105.952488, 56.811166 ], [ 105.955537, 56.815924 ], [ 105.952995, 56.811501 ] ] ] } },
{ "type": "Feature", "properties": { "AA_MINS": 30 }, "geometry": { "type": "Polygon", "coordinates": [ [ [ 105.997730236222452, 56.823056038479329 ], [ 105.997693, 56.823054 ], [ 105.997756, 56.823058 ], [ 105.997763157105638, 56.823058383679893 ], [ 105.997730236222452, 56.823056038479329 ] ] ] } },
{ "type": "Feature", "properties": { "AA_MINS": 30 }, "geometry": { "type": "Polygon", "coordinates": [ [ [ 105.830097, 56.817483 ], [ 105.830043004992092, 56.817430538941181 ], [ 105.830063518933642, 56.817470505167883 ], [ 105.830097, 56.817483 ] ] ] } },
{ "type": "Feature", "properties": { "AA_MINS": 30 }, "geometry": { "type": "Polygon", "coordinates": [ [ [ 105.710846, 56.775362 ], [ 105.712814, 56.775604 ], [ 105.710843369319846, 56.775361384665011 ], [ 105.710846, 56.775362 ] ] ] } },
{ "type": "Feature", "properties": { "AA_MINS": 30 }, "geometry": { "type": "Polygon", "coordinates": [ [ [ 105.691238692985394, 56.767445584849817 ], [ 105.691285543493379, 56.767474567446342 ], [ 105.691238656186428, 56.767443955249369 ], [ 105.691238692985394, 56.767445584849817 ] ] ] } },
{ "type": "Feature", "properties": { "AA_MINS": 30 }, "geometry": { "type": "Polygon", "coordinates": [ [ [ 105.599261555094799, 56.808010408027457 ], [ 105.599261339217591, 56.808006360329721 ], [ 105.599261235689085, 56.808005633406417 ], [ 105.599261483293304, 56.808010312491348 ], [ 105.599261555094799, 56.808010408027457 ] ] ] } },
{ "type": "Feature", "properties": { "AA_MINS": 30 }, "geometry": { "type": "Polygon", "coordinates": [ [ [ 105.603041866533857, 56.806372004980048 ], [ 105.603042, 56.806373 ], [ 105.60304202544566, 56.806372922832715 ], [ 105.603041866533857, 56.806372004980048 ] ] ] } },
{ "type": "Feature", "properties": { "AA_MINS": 30 }, "geometry": { "type": "Polygon", "coordinates": [ [ [ 105.606786, 56.794288 ], [ 105.609915328655461, 56.796132168163126 ], [ 105.610021977624527, 56.795800530429361 ], [ 105.606031, 56.793058 ], [ 105.606786, 56.794288 ] ] ] } },
{ "type": "Feature", "properties": { "AA_MINS": 30 }, "geometry": { "type": "Polygon", "coordinates": [ [ [ 105.601801, 56.792631 ], [ 105.603342, 56.792582 ], [ 105.599541, 56.792597 ], [ 105.601801, 56.792631 ] ] ] } },
{ "type": "Feature", "properties": { "AA_MINS": 30 }, "geometry": { "type": "Polygon", "coordinates": [ [ [ 105.976055577980276, 56.816901333008758 ], [ 105.980586, 56.818694 ], [ 105.97521, 56.816533 ], [ 105.976055577980276, 56.816901333008758 ] ] ] } },
{ "type": "Feature", "properties": { "AA_MINS": 45 }, "geometry": { "type": "Polygon", "coordinates": [ [ [ 105.9059385, 56.817141 ], [ 105.906164257522832, 56.816928818862081 ], [ 105.906079630533668, 56.815963497443349 ], [ 105.90590054131529, 56.816046240016668 ], [ 105.90586077616932, 56.816727824317297 ], [ 105.905834002411154, 56.817186733062414 ], [ 105.9059385, 56.817141 ] ] ] } },
{ "type": "Feature", "properties": { "AA_MINS": 45 }, "geometry": { "type": "Polygon", "coordinates": [ [ [ 105.618955, 56.809269 ], [ 105.618639, 56.809033 ], [ 105.618637, 56.809032 ], [ 105.618635623376633, 56.809030974025987 ], [ 105.618634, 56.80903 ], [ 105.618780296298482, 56.80913879629793 ], [ 105.618955, 56.809269 ] ] ] } },
{ "type": "Feature", "properties": { "AA_MINS": 45 }, "geometry": { "type": "Polygon", "coordinates": [ [ [ 105.620947, 56.803896 ], [ 105.620794, 56.804126 ], [ 105.620819002860969, 56.804413729774012 ], [ 105.62108, 56.803691 ], [ 105.620947, 56.803896 ] ] ] } },
{ "type": "Feature", "properties": { "AA_MINS": 45 }, "geometry": { "type": "Polygon", "coordinates": [ [ [ 105.622453810173951, 56.801861462569256 ], [ 105.621531, 56.802727 ], [ 105.621312, 56.803198 ], [ 105.622723702696319, 56.801778774909216 ], [ 105.622453810173951, 56.801861462569256 ] ] ] } },
{ "type": "Feature", "properties": { "AA_MINS": 45 }, "geometry": { "type": "Polygon", "coordinates": [ [ [ 105.691238592583503, 56.76744113866512 ], [ 105.691238656186428, 56.767443955249369 ], [ 105.691285543493379, 56.767474567446342 ], [ 105.692654102920912, 56.768321183788906 ], [ 105.691238571022325, 56.767440183852941 ], [ 105.691238592583503, 56.76744113866512 ] ] ] } },
{ "type": "Feature", "properties": { "AA_MINS": 10 }, "geometry": { "type": "Polygon", "coordinates": [ [ [ 105.745537139482423, 56.77888716982828 ], [ 105.744367, 56.77877 ], [ 105.74544609437244, 56.778915034390828 ], [ 105.745537139482423, 56.77888716982828 ] ] ] } },
{ "type": "Feature", "properties": { "AA_MINS": 60 }, "geometry": { "type": "Polygon", "coordinates": [ [ [ 105.92430123183604, 56.794983747036603 ], [ 105.927687673546032, 56.796040917079004 ], [ 105.927687245014113, 56.796040567224253 ], [ 105.925316, 56.7953 ], [ 105.923789734619177, 56.79482393798552 ], [ 105.92430123183604, 56.794983747036603 ] ] ] } },
{ "type": "Feature", "properties": { "AA_MINS": 30 }, "geometry": { "type": "Polygon", "coordinates": [ [ [ 105.81898, 56.79943 ], [ 105.821848, 56.800973 ], [ 105.819085017337343, 56.799276833449738 ], [ 105.81898, 56.79943 ] ] ] } },
{ "type": "Feature", "properties": { "AA_MINS": 30 }, "geometry": { "type": "Polygon", "coordinates": [ [ [ 105.615766, 56.796983 ], [ 105.621155, 56.798054 ], [ 105.621539, 56.798019 ], [ 105.621542750000074, 56.79801875 ], [ 105.621551, 56.798018 ], [ 105.621554, 56.798018 ], [ 105.621554978048096, 56.798017539865057 ], [ 105.62155064259116, 56.798017936055636 ], [ 105.615766, 56.796983 ] ] ] } },
{ "type": "Feature", "properties": { "AA_MINS": 30 }, "geometry": { "type": "Polygon", "coordinates": [ [ [ 105.940304, 56.804924 ], [ 105.938845, 56.804128 ], [ 105.93838967399644, 56.804093291967334 ], [ 105.941718, 56.806822 ], [ 105.940304, 56.804924 ] ] ] } },
{ "type": "Feature", "properties": { "AA_MINS": 10 }, "geometry": { "type": "Polygon", "coordinates": [ [ [ 105.74544609437244, 56.778915034390828 ], [ 105.74773, 56.779222 ], [ 105.748251363613576, 56.779158953816548 ], [ 105.745537139482423, 56.77888716982828 ], [ 105.74544609437244, 56.778915034390828 ] ] ] } },
{ "type": "Feature", "properties": { "AA_MINS": 45 }, "geometry": { "type": "Polygon", "coordinates": [ [ [ 105.691238592583503, 56.76744113866512 ], [ 105.691238571022325, 56.767440183852941 ], [ 105.691116773445472, 56.76736437937442 ], [ 105.691238656186428, 56.767443955249369 ], [ 105.691238592583503, 56.76744113866512 ] ] ] } },
{ "type": "Feature", "properties": { "AA_MINS": 30 }, "geometry": { "type": "Polygon", "coordinates": [ [ [ 105.830043004992078, 56.817430538941174 ], [ 105.830043004992092, 56.817430538941181 ], [ 105.82986, 56.817074 ], [ 105.830043004992078, 56.817430538941174 ] ] ] } },
{ "type": "Feature", "properties": { "AA_MINS": 30 }, "geometry": { "type": "Polygon", "coordinates": [ [ [ 105.70550185383668, 56.774111926429505 ], [ 105.705501853836665, 56.774111926429498 ], [ 105.705502, 56.774112 ], [ 105.70550185383668, 56.774111926429505 ] ] ] } },
{ "type": "Feature", "properties": { "AA_MINS": 30 }, "geometry": { "type": "Polygon", "coordinates": [ [ [ 105.688317927868269, 56.76554778310723 ], [ 105.684223, 56.763124 ], [ 105.688494, 56.765652 ], [ 105.688317927868269, 56.76554778310723 ] ] ] } },
{ "type": "Feature", "properties": { "AA_MINS": 5 }, "geometry": { "type": "Polygon", "coordinates": [ [ [ 105.643635, 56.769973 ], [ 105.643898, 56.769902 ], [ 105.64411, 56.769888 ], [ 105.645498690880629, 56.769627790309549 ], [ 105.646278298850689, 56.769392612447255 ], [ 105.64697198880296, 56.768765397346996 ], [ 105.647075379548085, 56.768529397822618 ], [ 105.643635, 56.769973 ] ] ] } },
{ "type": "Feature", "properties": { "AA_MINS": 5 }, "geometry": { "type": "Polygon", "coordinates": [ [ [ 105.786325125757457, 56.786949494422025 ], [ 105.786468, 56.787236 ], [ 105.786870792056277, 56.787238790707086 ], [ 105.786325125757457, 56.786949494422025 ] ] ] } },
{ "type": "Feature", "properties": { "AA_MINS": 10 }, "geometry": { "type": "Polygon", "coordinates": [ [ [ 105.748251363613576, 56.779158953816548 ], [ 105.748871, 56.779221 ], [ 105.748251363613591, 56.779158953816548 ], [ 105.748251363613576, 56.779158953816548 ] ] ] } },
{ "type": "Feature", "properties": { "AA_MINS": 10 }, "geometry": { "type": "Polygon", "coordinates": [ [ [ 105.750343919646099, 56.779512511288608 ], [ 105.750343919646141, 56.779512511288615 ], [ 105.751563, 56.779648 ], [ 105.750343919646127, 56.779512511288608 ], [ 105.750343919646099, 56.779512511288608 ] ] ] } },
{ "type": "Feature", "properties": { "AA_MINS": 10 }, "geometry": { "type": "Polygon", "coordinates": [ [ [ 105.581382, 56.796315 ], [ 105.581098, 56.796491 ], [ 105.579467, 56.79883 ], [ 105.581393130748012, 56.796315715012248 ], [ 105.581382, 56.796315 ] ] ] } },
{ "type": "Feature", "properties": { "AA_MINS": 10 }, "geometry": { "type": "Polygon", "coordinates": [ [ [ 105.593826, 56.793883 ], [ 105.594295080102043, 56.793850738644977 ], [ 105.594176596970939, 56.793804108013191 ], [ 105.593826, 56.793883 ] ] ] } },
{ "type": "Feature", "properties": { "AA_MINS": 10 }, "geometry": { "type": "Polygon", "coordinates": [ [ [ 105.809851, 56.798321 ], [ 105.809862853643622, 56.798321211133604 ], [ 105.809786, 56.798319 ], [ 105.809851, 56.798321 ] ] ] } },
{ "type": "Feature", "properties": { "AA_MINS": 10 }, "geometry": { "type": "Polygon", "coordinates": [ [ [ 105.787279730393067, 56.794141917303214 ], [ 105.787128466663944, 56.794308003260824 ], [ 105.787135191751929, 56.794310112017101 ], [ 105.787655951442432, 56.794451110768492 ], [ 105.787757, 56.794451 ], [ 105.791703, 56.795341 ], [ 105.791747852360217, 56.7953941645195 ], [ 105.792514, 56.795501 ], [ 105.78831830301597, 56.794560467745505 ], [ 105.787279730393067, 56.794141917303214 ] ] ] } },
{ "type": "Feature", "properties": { "AA_MINS": 10 }, "geometry": { "type": "Polygon", "coordinates": [ [ [ 105.786870792056277, 56.787238790707086 ], [ 105.787334, 56.787242 ], [ 105.788772, 56.786796 ], [ 105.786760255298006, 56.787180187356284 ], [ 105.786870792056277, 56.787238790707086 ] ] ] } },
{ "type": "Feature", "properties": { "AA_MINS": 10 }, "geometry": { "type": "Polygon", "coordinates": [ [ [ 105.85967, 56.802652 ], [ 105.85965, 56.802651 ], [ 105.860227, 56.802701 ], [ 105.85967, 56.802652 ] ] ] } },
{ "type": "Feature", "properties": { "AA_MINS": 10 }, "geometry": { "type": "Polygon", "coordinates": [ [ [ 105.855593, 56.801746 ], [ 105.857353, 56.801994 ], [ 105.858044758702277, 56.802059169349889 ], [ 105.858044758702249, 56.802059169349882 ], [ 105.855593, 56.801746 ] ] ] } },
{ "type": "Feature", "properties": { "AA_MINS": 10 }, "geometry": { "type": "Polygon", "coordinates": [ [ [ 105.865753666555108, 56.811832549496629 ], [ 105.865666, 56.811843 ], [ 105.865321640232352, 56.81208457467482 ], [ 105.865321640232409, 56.812084574674792 ], [ 105.865753666555108, 56.811832549496629 ] ] ] } },
{ "type": "Feature", "properties": { "AA_MINS": 30 }, "geometry": { "type": "Polygon", "coordinates": [ [ [ 105.599261555094799, 56.808010408027457 ], [ 105.599261483293304, 56.808010312491348 ], [ 105.599320784233129, 56.809130948200263 ], [ 105.599320798819278, 56.809130947433424 ], [ 105.599323026665601, 56.809173324424201 ], [ 105.599323026665701, 56.809173324426084 ], [ 105.599285, 56.80845 ], [ 105.599261555094799, 56.808010408027457 ] ] ] } },
{ "type": "Feature", "properties": { "AA_MINS": 30 }, "geometry": { "type": "Polygon", "coordinates": [ [ [ 105.603042, 56.806373 ], [ 105.603075630156724, 56.80656717760057 ], [ 105.603075652307581, 56.806567146948986 ], [ 105.60304202544566, 56.806372922832722 ], [ 105.603042, 56.806373 ] ] ] } },
{ "type": "Feature", "properties": { "AA_MINS": 30 }, "geometry": { "type": "Polygon", "coordinates": [ [ [ 105.830063518933642, 56.81747050516789 ], [ 105.831058, 56.819408 ], [ 105.830097, 56.817483 ], [ 105.830063518933642, 56.81747050516789 ] ] ] } },
{ "type": "Feature", "properties": { "AA_MINS": 30 }, "geometry": { "type": "Polygon", "coordinates": [ [ [ 105.688494, 56.765652 ], [ 105.690218, 56.766805 ], [ 105.690600797619041, 56.767050970899462 ], [ 105.691238692985394, 56.767445584849817 ], [ 105.691238656186428, 56.767443955249369 ], [ 105.688494, 56.765652 ] ] ] } },
{ "type": "Feature", "properties": { "AA_MINS": 15 }, "geometry": { "type": "Polygon", "coordinates": [ [ [ 105.750343919646127, 56.779512511288608 ], [ 105.749797, 56.779368 ], [ 105.750343919646099, 56.779512511288608 ], [ 105.750343919646127, 56.779512511288608 ] ] ] } },
{ "type": "Feature", "properties": { "AA_MINS": 15 }, "geometry": { "type": "Polygon", "coordinates": [ [ [ 105.858044758702249, 56.802059169349882 ], [ 105.858044758702277, 56.802059169349889 ], [ 105.862809, 56.802508 ], [ 105.858044758702249, 56.802059169349882 ] ] ] } },
{ "type": "Feature", "properties": { "AA_MINS": 15 }, "geometry": { "type": "Polygon", "coordinates": [ [ [ 105.865321640232409, 56.812084574674792 ], [ 105.865321640232352, 56.81208457467482 ], [ 105.862768, 56.813876 ], [ 105.865321640232409, 56.812084574674792 ] ] ] } },
{ "type": "Feature", "properties": { "AA_MINS": 5 }, "geometry": { "type": "Polygon", "coordinates": [ [ [ 105.674977, 56.762279 ], [ 105.674639167286642, 56.762231390248125 ], [ 105.675161978064722, 56.762366669887278 ], [ 105.674977, 56.762279 ] ] ] } },
{ "type": "Feature", "properties": { "AA_MINS": 5 }, "geometry": { "type": "Polygon", "coordinates": [ [ [ 105.648059, 56.769045 ], [ 105.645463, 56.771092 ], [ 105.648520380994796, 56.768935813963601 ], [ 105.648059, 56.769045 ] ] ] } },
{ "type": "Feature", "properties": { "AA_MINS": 5 }, "geometry": { "type": "Polygon", "coordinates": [ [ [ 105.649175185894904, 56.767703615436936 ], [ 105.649175885008376, 56.767689090571956 ], [ 105.648654, 56.767867 ], [ 105.649175185894904, 56.767703615436936 ] ] ] } },
{ "type": "Feature", "properties": { "AA_MINS": 5 }, "geometry": { "type": "Polygon", "coordinates": [ [ [ 105.760207, 56.783186 ], [ 105.755523, 56.783194 ], [ 105.760299772501114, 56.783232820153131 ], [ 105.760207, 56.783186 ] ] ] } },
{ "type": "Feature", "properties": { "AA_MINS": 5 }, "geometry": { "type": "Polygon", "coordinates": [ [ [ 105.73730079913922, 56.779729421192336 ], [ 105.737263, 56.779724 ], [ 105.73307, 56.779276 ], [ 105.737312314626237, 56.7797530783862 ], [ 105.73730079913922, 56.779729421192336 ] ] ] } },
{ "type": "Feature", "properties": { "AA_MINS": 5 }, "geometry": { "type": "Polygon", "coordinates": [ [ [ 105.739508, 56.780046 ], [ 105.739194419720192, 56.78003873158292 ], [ 105.739594644008179, 56.780109021313294 ], [ 105.739508, 56.780046 ] ] ] } },
{ "type": "Feature", "properties": { "AA_MINS": 5 }, "geometry": { "type": "Polygon", "coordinates": [ [ [ 105.784264, 56.78653 ], [ 105.786468, 56.787236 ], [ 105.786325125757457, 56.786949494422025 ], [ 105.78396475326609, 56.785698094079741 ], [ 105.784264, 56.78653 ] ] ] } },
{ "type": "Feature", "properties": { "AA_MINS": 5 }, "geometry": { "type": "Polygon", "coordinates": [ [ [ 105.801494, 56.799835 ], [ 105.800954575860644, 56.799889270985666 ], [ 105.802896, 56.800097 ], [ 105.801494, 56.799835 ] ] ] } },
{ "type": "Feature", "properties": { "AA_MINS": 5 }, "geometry": { "type": "Polygon", "coordinates": [ [ [ 105.851948, 56.802811 ], [ 105.851716, 56.802814 ], [ 105.851256, 56.802793 ], [ 105.850324919735414, 56.803263411254761 ], [ 105.852159, 56.802756 ], [ 105.851948, 56.802811 ] ] ] } },
{ "type": "Feature", "properties": { "AA_MINS": 15 }, "geometry": { "type": "Polygon", "coordinates": [ [ [ 105.572869076171656, 56.803342219649615 ], [ 105.57384547514863, 56.803386930175158 ], [ 105.573629, 56.803346 ], [ 105.572698572263974, 56.803222729799593 ], [ 105.572869076171656, 56.803342219649615 ] ] ] } },
{ "type": "Feature", "properties": { "AA_MINS": 5 }, "geometry": { "type": "Polygon", "coordinates": [ [ [ 105.674639167286642, 56.762231390248125 ], [ 105.671144, 56.761327 ], [ 105.674639167286628, 56.762231390248125 ], [ 105.674639167286642, 56.762231390248125 ] ] ] } },
{ "type": "Feature", "properties": { "AA_MINS": 5 }, "geometry": { "type": "Polygon", "coordinates": [ [ [ 105.675161978064708, 56.762366669887271 ], [ 105.675161978064722, 56.762366669887278 ], [ 105.676427, 56.762694 ], [ 105.675161978064708, 56.762366669887271 ] ] ] } },
{ "type": "Feature", "properties": { "AA_MINS": 5 }, "geometry": { "type": "Polygon", "coordinates": [ [ [ 105.648520380994782, 56.768935813963608 ], [ 105.648520380994796, 56.768935813963601 ], [ 105.649032, 56.768575 ], [ 105.648520380994782, 56.768935813963608 ] ] ] } },
{ "type": "Feature", "properties": { "AA_MINS": 5 }, "geometry": { "type": "Polygon", "coordinates": [ [ [ 105.737312314626237, 56.779753078386193 ], [ 105.737312314626237, 56.7797530783862 ], [ 105.738023, 56.779833 ], [ 105.737312314626237, 56.779753078386193 ] ] ] } },
{ "type": "Feature", "properties": { "AA_MINS": 5 }, "geometry": { "type": "Polygon", "coordinates": [ [ [ 105.673444, 56.759885 ], [ 105.672816, 56.759752 ], [ 105.672188, 56.75962 ], [ 105.671197, 56.759964 ], [ 105.670361, 56.760305 ], [ 105.670278, 56.760655 ], [ 105.670257, 56.760946 ], [ 105.671144, 56.761327 ], [ 105.674639167286642, 56.762231390248125 ], [ 105.674977, 56.762279 ], [ 105.675161978064722, 56.762366669887278 ], [ 105.676427, 56.762694 ], [ 105.677274, 56.762919 ], [ 105.677367, 56.762572 ], [ 105.677414, 56.762072 ], [ 105.674092, 56.760083 ], [ 105.673776, 56.759986 ], [ 105.673444, 56.759885 ] ] ] } },
{ "type": "Feature", "properties": { "AA_MINS": 5 }, "geometry": { "type": "Polygon", "coordinates": [ [ [ 105.660594, 56.761635 ], [ 105.656601, 56.763994 ], [ 105.654969, 56.764205 ], [ 105.654772, 56.76422 ], [ 105.654549, 56.76424 ], [ 105.654317, 56.764293 ], [ 105.654076, 56.764349 ], [ 105.653863, 56.76441 ], [ 105.653623, 56.764481 ], [ 105.65246, 56.76503 ], [ 105.651296, 56.765578 ], [ 105.65145, 56.765904 ], [ 105.656153, 56.766283 ], [ 105.66131, 56.764666 ], [ 105.66272, 56.764874 ], [ 105.663018, 56.764672 ], [ 105.664602, 56.763056 ], [ 105.664537, 56.762702 ], [ 105.660954, 56.761624 ], [ 105.660594, 56.761635 ] ] ] } },
{ "type": "Feature", "properties": { "AA_MINS": 5 }, "geometry": { "type": "Polygon", "coordinates": [ [ [ 105.648520380994796, 56.768935813963601 ], [ 105.649032, 56.768575 ], [ 105.650599, 56.767857 ], [ 105.652169, 56.767138 ], [ 105.652495, 56.766981 ], [ 105.65282, 56.766824 ], [ 105.652664, 56.7665 ], [ 105.649175885008376, 56.767689090571956 ], [ 105.649175185894904, 56.767703615436936 ], [ 105.648654, 56.767867 ], [ 105.647075379548085, 56.768529397822618 ], [ 105.64697198880296, 56.768765397346996 ], [ 105.646278298850689, 56.769392612447255 ], [ 105.645498690880629, 56.769627790309549 ], [ 105.64411, 56.769888 ], [ 105.643898, 56.769902 ], [ 105.643635, 56.769973 ], [ 105.64299, 56.770308 ], [ 105.642317, 56.770662 ], [ 105.642203, 56.770752 ], [ 105.642426, 56.771035 ], [ 105.643512, 56.772074 ], [ 105.643695, 56.771994 ], [ 105.643877, 56.771914 ], [ 105.644675, 56.771501 ], [ 105.645463, 56.771092 ], [ 105.648059, 56.769045 ], [ 105.648520380994796, 56.768935813963601 ] ] ] } },
{ "type": "Feature", "properties": { "AA_MINS": 5 }, "geometry": { "type": "Polygon", "coordinates": [ [ [ 105.743627566737288, 56.780429023151378 ], [ 105.744021, 56.780857 ], [ 105.745918, 56.782086 ], [ 105.746343, 56.782171 ], [ 105.746767, 56.782256 ], [ 105.751326, 56.782233 ], [ 105.752444876755064, 56.782160273010923 ], [ 105.753442, 56.782951 ], [ 105.753628, 56.783082 ], [ 105.753829, 56.78311 ], [ 105.755523, 56.783194 ], [ 105.760207, 56.783186 ], [ 105.760299772501114, 56.783232820153131 ], [ 105.760568, 56.783235 ], [ 105.760617, 56.782878 ], [ 105.75964, 56.780896 ], [ 105.756203, 56.780798 ], [ 105.752696, 56.779827 ], [ 105.75213, 56.779738 ], [ 105.751563, 56.779648 ], [ 105.751450468916616, 56.779812141562275 ], [ 105.748843, 56.779399 ], [ 105.74773, 56.779222 ], [ 105.744169, 56.779088 ], [ 105.743941046976275, 56.779133397424218 ], [ 105.743626, 56.778851 ], [ 105.743314, 56.778671 ], [ 105.74028, 56.77778 ], [ 105.740098, 56.777754 ], [ 105.738431614368551, 56.77760905571256 ], [ 105.73658, 56.777448 ], [ 105.732569, 56.778845 ], [ 105.732521, 56.779202 ], [ 105.732796, 56.779239 ], [ 105.73307, 56.779276 ], [ 105.737263, 56.779724 ], [ 105.73730079913922, 56.779729421192336 ], [ 105.737312314626237, 56.7797530783862 ], [ 105.738023, 56.779833 ], [ 105.739194419720192, 56.78003873158292 ], [ 105.739508, 56.780046 ], [ 105.739594644008179, 56.780109021313294 ], [ 105.743176, 56.780738 ], [ 105.74321, 56.780743 ], [ 105.743361, 56.780643 ], [ 105.743627566737288, 56.780429023151378 ] ] ] } },
{ "type": "Feature", "properties": { "AA_MINS": 5 }, "geometry": { "type": "Polygon", "coordinates": [ [ [ 105.786870792056277, 56.787238790707086 ], [ 105.786468, 56.787236 ], [ 105.784264, 56.78653 ], [ 105.78396475326609, 56.785698094079741 ], [ 105.781886, 56.784596 ], [ 105.781672, 56.784333 ], [ 105.780008, 56.784016 ], [ 105.779521, 56.783938 ], [ 105.778332, 56.784338 ], [ 105.777151, 56.785883 ], [ 105.777235, 56.786233 ], [ 105.778205, 56.786376 ], [ 105.782254, 56.787457 ], [ 105.784773, 56.790066 ], [ 105.784891, 56.790188 ], [ 105.78515, 56.789937 ], [ 105.786899, 56.787626 ], [ 105.786924, 56.787267 ], [ 105.786870792056277, 56.787238790707086 ] ] ] } },
{ "type": "Feature", "properties": { "AA_MINS": 5 }, "geometry": { "type": "Polygon", "coordinates": [ [ [ 105.580868, 56.796592 ], [ 105.581074, 56.796504 ], [ 105.581098, 56.796491 ], [ 105.581382, 56.796315 ], [ 105.581409, 56.796295 ], [ 105.584709, 56.794302 ], [ 105.588017, 56.794057 ], [ 105.589066, 56.794164 ], [ 105.58985, 56.794258 ], [ 105.589999142855618, 56.794275714285533 ], [ 105.59006, 56.794283 ], [ 105.591053, 56.794402 ], [ 105.591096, 56.794044 ], [ 105.590102, 56.793925 ], [ 105.589934506025571, 56.793905096385721 ], [ 105.589892, 56.7939 ], [ 105.589109, 56.793807 ], [ 105.588053, 56.793699 ], [ 105.587001, 56.793592 ], [ 105.586113, 56.793524 ], [ 105.585229, 56.793456 ], [ 105.579876, 56.79162 ], [ 105.5795, 56.791661 ], [ 105.5784, 56.792007 ], [ 105.578297, 56.792352 ], [ 105.577568, 56.797738 ], [ 105.577744, 56.798052 ], [ 105.578541, 56.797668 ], [ 105.580663, 56.796679 ], [ 105.580868, 56.796592 ] ] ] } },
{ "type": "Feature", "properties": { "AA_MINS": 5 }, "geometry": { "type": "Polygon", "coordinates": [ [ [ 105.783905697612283, 56.79684717503703 ], [ 105.783, 56.79723 ], [ 105.782915, 56.79758 ], [ 105.784892, 56.800185 ], [ 105.785133, 56.800292 ], [ 105.788701, 56.799554 ], [ 105.788829, 56.799218 ], [ 105.788911939838783, 56.798948498284666 ], [ 105.791871, 56.798341 ], [ 105.793859, 56.797881 ], [ 105.793947, 56.797532 ], [ 105.789081, 56.795669 ], [ 105.786519, 56.79537 ], [ 105.783677, 56.795953 ], [ 105.783589, 56.796303 ], [ 105.783905697612283, 56.79684717503703 ] ] ] } },
{ "type": "Feature", "properties": { "AA_MINS": 5 }, "geometry": { "type": "Polygon", "coordinates": [ [ [ 105.798174, 56.796762 ], [ 105.797821, 56.796693 ], [ 105.795725, 56.797577 ], [ 105.795639, 56.797927 ], [ 105.799438, 56.799727 ], [ 105.800954575860644, 56.799889270985666 ], [ 105.801494, 56.799835 ], [ 105.802896, 56.800097 ], [ 105.803749, 56.800011 ], [ 105.803949, 56.799866 ], [ 105.804033, 56.799516 ], [ 105.804222, 56.798624 ], [ 105.804132, 56.798276 ], [ 105.799995, 56.797238 ], [ 105.798174, 56.796762 ] ] ] } },
{ "type": "Feature", "properties": { "AA_MINS": 5 }, "geometry": { "type": "Polygon", "coordinates": [ [ [ 105.783528, 56.801675 ], [ 105.785026, 56.802152 ], [ 105.788147, 56.802854 ], [ 105.788378523260235, 56.802637864992718 ], [ 105.788478, 56.802545 ], [ 105.78493, 56.800208 ], [ 105.784647, 56.800119 ], [ 105.783205, 56.800402 ], [ 105.783125, 56.800753 ], [ 105.783318, 56.801382 ], [ 105.783528, 56.801675 ] ] ] } },
{ "type": "Feature", "properties": { "AA_MINS": 5 }, "geometry": { "type": "Polygon", "coordinates": [ [ [ 105.844006, 56.801141 ], [ 105.843802, 56.801133 ], [ 105.843599, 56.801125 ], [ 105.843584, 56.801485 ], [ 105.844257, 56.803394 ], [ 105.84443, 56.803523 ], [ 105.847301, 56.8041 ], [ 105.850324919735414, 56.803263411254761 ], [ 105.851256, 56.802793 ], [ 105.851716, 56.802814 ], [ 105.851948, 56.802811 ], [ 105.852159, 56.802756 ], [ 105.852309, 56.802645 ], [ 105.852823, 56.802044 ], [ 105.852601, 56.801761 ], [ 105.847837, 56.802236 ], [ 105.844006, 56.801141 ] ] ] } },
{ "type": "Feature", "properties": { "AA_MINS": 5 }, "geometry": { "type": "Polygon", "coordinates": [ [ [ 105.878368, 56.803436 ], [ 105.877021, 56.803507 ], [ 105.872251, 56.803596 ], [ 105.870898, 56.803625 ], [ 105.869546, 56.803654 ], [ 105.869554, 56.804014 ], [ 105.874289, 56.806045 ], [ 105.876953, 56.80556 ], [ 105.88204, 56.803902 ], [ 105.882165, 56.803613 ], [ 105.882111, 56.803258 ], [ 105.879723, 56.803365 ], [ 105.878368, 56.803436 ] ] ] } },
{ "type": "Feature", "properties": { "AA_MINS": 5 }, "geometry": { "type": "Polygon", "coordinates": [ [ [ 105.870449, 56.805823 ], [ 105.867495, 56.804629 ], [ 105.867192, 56.804578 ], [ 105.861709, 56.804034 ], [ 105.857029, 56.807265 ], [ 105.857094, 56.807619 ], [ 105.860642, 56.808899 ], [ 105.862626, 56.809516 ], [ 105.862973, 56.809421 ], [ 105.864648, 56.8081 ], [ 105.870289, 56.806317 ], [ 105.870556, 56.80631 ], [ 105.870741, 56.806257 ], [ 105.870449, 56.805823 ] ] ] } },
{ "type": "Feature", "properties": { "AA_MINS": 5 }, "geometry": { "type": "Polygon", "coordinates": [ [ [ 105.875995, 56.806338 ], [ 105.873935, 56.807014 ], [ 105.87056385693603, 56.807555838513053 ], [ 105.868883, 56.807826 ], [ 105.868519, 56.807911 ], [ 105.867409, 56.808258 ], [ 105.8663, 56.808604 ], [ 105.866407, 56.808948 ], [ 105.870119, 56.809738 ], [ 105.875536, 56.809657 ], [ 105.878939, 56.807934 ], [ 105.878899, 56.807576 ], [ 105.878259, 56.80678 ], [ 105.876477, 56.80621 ], [ 105.876236, 56.806274 ], [ 105.875995, 56.806338 ] ] ] } },
{ "type": "Feature", "properties": { "AA_MINS": 5 }, "geometry": { "type": "Polygon", "coordinates": [ [ [ 105.962819, 56.814573 ], [ 105.962534, 56.814813 ], [ 105.961989, 56.81604 ], [ 105.962457, 56.816333 ], [ 105.963501, 56.816445 ], [ 105.968358, 56.815984 ], [ 105.970044, 56.814731 ], [ 105.970171, 56.814394 ], [ 105.968128, 56.813608 ], [ 105.963706, 56.813901 ], [ 105.963115, 56.814324 ], [ 105.962819, 56.814573 ] ] ] } },
{ "type": "Feature", "properties": { "AA_MINS": 10 }, "geometry": { "type": "Polygon", "coordinates": [ [ [ 105.676427, 56.762694 ], [ 105.675161978064722, 56.762366669887278 ], [ 105.679775, 56.764553 ], [ 105.683042, 56.764727 ], [ 105.683204, 56.764405 ], [ 105.681918, 56.7633 ], [ 105.68055, 56.762573 ], [ 105.677414, 56.762072 ], [ 105.677367, 56.762572 ], [ 105.677274, 56.762919 ], [ 105.676427, 56.762694 ] ] ] } },
{ "type": "Feature", "properties": { "AA_MINS": 10 }, "geometry": { "type": "Polygon", "coordinates": [ [ [ 105.662191, 56.760789 ], [ 105.661175, 56.760919 ], [ 105.658731, 56.761301 ], [ 105.655746, 56.761847 ], [ 105.655454, 56.761911 ], [ 105.655109, 56.762013 ], [ 105.654921, 56.762085 ], [ 105.654733, 56.762157 ], [ 105.651296, 56.765578 ], [ 105.649356, 56.766511 ], [ 105.649222, 56.766731 ], [ 105.649175885008376, 56.767689090571956 ], [ 105.652664, 56.7665 ], [ 105.65282, 56.766824 ], [ 105.652495, 56.766981 ], [ 105.652169, 56.767138 ], [ 105.650599, 56.767857 ], [ 105.649032, 56.768575 ], [ 105.648520380994796, 56.768935813963601 ], [ 105.650384410685248, 56.768494690432497 ], [ 105.650985, 56.768519 ], [ 105.653743, 56.768777 ], [ 105.657425, 56.769543 ], [ 105.658759, 56.769748 ], [ 105.659043, 56.769527 ], [ 105.659557, 56.769073 ], [ 105.663585, 56.766184 ], [ 105.668615, 56.765511 ], [ 105.670858, 56.763552 ], [ 105.670921, 56.763197 ], [ 105.670438, 56.762367 ], [ 105.669174262831774, 56.761477738946034 ], [ 105.669648, 56.761528 ], [ 105.674639167286628, 56.762231390248125 ], [ 105.671144, 56.761327 ], [ 105.670257, 56.760946 ], [ 105.670278, 56.760655 ], [ 105.670361, 56.760305 ], [ 105.671197, 56.759964 ], [ 105.672188, 56.75962 ], [ 105.672816, 56.759752 ], [ 105.667548, 56.758097 ], [ 105.665242, 56.759044 ], [ 105.663792, 56.759735 ], [ 105.663282, 56.760654 ], [ 105.663282002724273, 56.760654036222846 ], [ 105.663216, 56.760659 ], [ 105.662191, 56.760789 ] ], [ [ 105.65246, 56.76503 ], [ 105.653623, 56.764481 ], [ 105.653863, 56.76441 ], [ 105.654076, 56.764349 ], [ 105.654317, 56.764293 ], [ 105.654549, 56.76424 ], [ 105.654772, 56.76422 ], [ 105.654969, 56.764205 ], [ 105.656601, 56.763994 ], [ 105.660594, 56.761635 ], [ 105.660954, 56.761624 ], [ 105.664537, 56.762702 ], [ 105.664602, 56.763056 ], [ 105.663018, 56.764672 ], [ 105.66272, 56.764874 ], [ 105.66131, 56.764666 ], [ 105.656153, 56.766283 ], [ 105.65145, 56.765904 ], [ 105.651296, 56.765578 ], [ 105.65246, 56.76503 ] ] ] } },
{ "type": "Feature", "properties": { "AA_MINS": 10 }, "geometry": { "type": "Polygon", "coordinates": [ [ [ 105.642426, 56.771035 ], [ 105.642203, 56.770752 ], [ 105.639483, 56.773073 ], [ 105.639705, 56.773357 ], [ 105.643149, 56.772302 ], [ 105.643877, 56.771914 ], [ 105.643695, 56.771994 ], [ 105.643512, 56.772074 ], [ 105.642426, 56.771035 ] ] ] } },
{ "type": "Feature", "properties": { "AA_MINS": 10 }, "geometry": { "type": "Polygon", "coordinates": [ [ [ 105.737396, 56.779925 ], [ 105.737697, 56.779968 ], [ 105.737998, 56.780011 ], [ 105.739194419720178, 56.78003873158292 ], [ 105.738023, 56.779833 ], [ 105.737312314626237, 56.7797530783862 ], [ 105.737396, 56.779925 ] ] ] } },
{ "type": "Feature", "properties": { "AA_MINS": 10 }, "geometry": { "type": "Polygon", "coordinates": [ [ [ 105.753628, 56.783082 ], [ 105.753442, 56.782951 ], [ 105.752444876755064, 56.782160273010923 ], [ 105.751326, 56.782233 ], [ 105.746767, 56.782256 ], [ 105.746343, 56.782171 ], [ 105.745918, 56.782086 ], [ 105.744021, 56.780857 ], [ 105.743627566737288, 56.780429023151378 ], [ 105.743361, 56.780643 ], [ 105.74321, 56.780743 ], [ 105.743176, 56.780738 ], [ 105.739594644008179, 56.780109021313294 ], [ 105.743715, 56.783106 ], [ 105.745307, 56.784676 ], [ 105.745546, 56.784945 ], [ 105.750189, 56.784493 ], [ 105.755523, 56.783194 ], [ 105.753829, 56.78311 ], [ 105.753628, 56.783082 ] ] ] } },
{ "type": "Feature", "properties": { "AA_MINS": 10 }, "geometry": { "type": "Polygon", "coordinates": [ [ [ 105.765832, 56.784247 ], [ 105.765583, 56.783888 ], [ 105.765353, 56.783715 ], [ 105.765037, 56.783563 ], [ 105.764706, 56.783453 ], [ 105.75964, 56.780896 ], [ 105.760617, 56.782878 ], [ 105.760568, 56.783235 ], [ 105.760299772501114, 56.783232820153131 ], [ 105.762452, 56.784319 ], [ 105.765576, 56.784981 ], [ 105.765857, 56.784917 ], [ 105.765975, 56.784883 ], [ 105.766154, 56.784714 ], [ 105.766081, 56.784606 ], [ 105.765832, 56.784247 ] ] ] } },
{ "type": "Feature", "properties": { "AA_MINS": 10 }, "geometry": { "type": "Polygon", "coordinates": [ [ [ 105.75964, 56.780896 ], [ 105.755459600047502, 56.780592171270634 ], [ 105.756203, 56.780798 ], [ 105.75964, 56.780896 ] ] ] } },
{ "type": "Feature", "properties": { "AA_MINS": 10 }, "geometry": { "type": "Polygon", "coordinates": [ [ [ 105.748843, 56.779399 ], [ 105.751450468916616, 56.779812141562275 ], [ 105.751563, 56.779648 ], [ 105.750343919646141, 56.779512511288615 ], [ 105.74990872736997, 56.779464143975893 ], [ 105.749797, 56.779368 ], [ 105.749334, 56.779294 ], [ 105.748871, 56.779221 ], [ 105.748251363613576, 56.779158953816548 ], [ 105.74773, 56.779222 ], [ 105.748843, 56.779399 ] ] ] } },
{ "type": "Feature", "properties": { "AA_MINS": 10 }, "geometry": { "type": "Polygon", "coordinates": [ [ [ 105.739781, 56.777363 ], [ 105.739608, 56.77733 ], [ 105.738881, 56.777313 ], [ 105.738431614368551, 56.77760905571256 ], [ 105.740098, 56.777754 ], [ 105.74028, 56.77778 ], [ 105.743314, 56.778671 ], [ 105.743626, 56.778851 ], [ 105.743941046976275, 56.779133397424218 ], [ 105.744169, 56.779088 ], [ 105.74773, 56.779222 ], [ 105.74544609437244, 56.778915034390828 ], [ 105.744367, 56.77877 ], [ 105.740007, 56.777439 ], [ 105.739781, 56.777363 ] ] ] } },
{ "type": "Feature", "properties": { "AA_MINS": 10 }, "geometry": { "type": "Polygon", "coordinates": [ [ [ 105.725818, 56.778891 ], [ 105.726386, 56.778863 ], [ 105.731464, 56.779059 ], [ 105.732521, 56.779202 ], [ 105.732569, 56.778845 ], [ 105.73658, 56.777448 ], [ 105.733582, 56.777887 ], [ 105.733025957365285, 56.777890772560646 ], [ 105.730192, 56.77791 ], [ 105.72817, 56.77769 ], [ 105.726853, 56.777664 ], [ 105.72588, 56.778393 ], [ 105.725801, 56.778531 ], [ 105.725818, 56.778891 ] ] ] } },
{ "type": "Feature", "properties": { "AA_MINS": 10 }, "geometry": { "type": "Polygon", "coordinates": [ [ [ 105.573701, 56.796705 ], [ 105.573296, 56.798423 ], [ 105.572907, 56.799922 ], [ 105.573005, 56.800268 ], [ 105.57519, 56.800336 ], [ 105.577265, 56.800346 ], [ 105.579467, 56.79883 ], [ 105.581098, 56.796491 ], [ 105.581074, 56.796504 ], [ 105.580868, 56.796592 ], [ 105.580663, 56.796679 ], [ 105.578541, 56.797668 ], [ 105.577744, 56.798052 ], [ 105.577568, 56.797738 ], [ 105.578297, 56.792352 ], [ 105.5784, 56.792007 ], [ 105.5795, 56.791661 ], [ 105.579876, 56.79162 ], [ 105.585229, 56.793456 ], [ 105.586113, 56.793524 ], [ 105.587001, 56.793592 ], [ 105.588053, 56.793699 ], [ 105.589109, 56.793807 ], [ 105.589892, 56.7939 ], [ 105.589934506025571, 56.793905096385721 ], [ 105.590102, 56.793925 ], [ 105.591096, 56.794044 ], [ 105.591053, 56.794402 ], [ 105.59006, 56.794283 ], [ 105.589999142855618, 56.794275714285533 ], [ 105.58985, 56.794258 ], [ 105.589066, 56.794164 ], [ 105.588017, 56.794057 ], [ 105.584709, 56.794302 ], [ 105.581409, 56.796295 ], [ 105.581382, 56.796315 ], [ 105.581393130748012, 56.796315715012248 ], [ 105.581394552046149, 56.79631385971318 ], [ 105.586797830515607, 56.795823000521608 ], [ 105.588437, 56.797109 ], [ 105.589019, 56.797547 ], [ 105.589323, 56.79774 ], [ 105.590441, 56.79761 ], [ 105.59313831737289, 56.79681670429278 ], [ 105.597502140101852, 56.797011727030359 ], [ 105.597607, 56.79705 ], [ 105.597803, 56.796748 ], [ 105.596176, 56.794591 ], [ 105.594295080102043, 56.793850738644977 ], [ 105.593826, 56.793883 ], [ 105.592382, 56.793447 ], [ 105.590614, 56.792402 ], [ 105.587314, 56.79193 ], [ 105.583902182840561, 56.792995141975858 ], [ 105.579851, 56.791588 ], [ 105.579709, 56.791448 ], [ 105.579553, 56.791295 ], [ 105.579318, 56.791109 ], [ 105.579075, 56.790918 ], [ 105.57754849906614, 56.789553023005574 ], [ 105.576930958239203, 56.788916569476889 ], [ 105.576698, 56.788676 ], [ 105.576695268074488, 56.788677380921428 ], [ 105.576654, 56.788635 ], [ 105.576234, 56.788315 ], [ 105.575814, 56.787995 ], [ 105.573292, 56.79043 ], [ 105.572897, 56.79139 ], [ 105.572768, 56.791726 ], [ 105.57356086720165, 56.795112190320388 ], [ 105.573701, 56.796705 ] ] ] } },
{ "type": "Feature", "properties": { "AA_MINS": 10 }, "geometry": { "type": "Polygon", "coordinates": [ [ [ 105.79704360283003, 56.800282750523927 ], [ 105.800954575860644, 56.799889270985666 ], [ 105.799438, 56.799727 ], [ 105.795639, 56.797927 ], [ 105.795725, 56.797577 ], [ 105.797821, 56.796693 ], [ 105.798174, 56.796762 ], [ 105.799995, 56.797238 ], [ 105.804132, 56.798276 ], [ 105.804222, 56.798624 ], [ 105.804033, 56.799516 ], [ 105.803949, 56.799866 ], [ 105.803749, 56.800011 ], [ 105.802896, 56.800097 ], [ 105.804732, 56.800233 ], [ 105.804806, 56.800225 ], [ 105.808672, 56.799652 ], [ 105.809922, 56.799441 ], [ 105.810923, 56.798712 ], [ 105.810933, 56.798352 ], [ 105.809862853643921, 56.798321211133612 ], [ 105.809851, 56.798321 ], [ 105.809786, 56.798319 ], [ 105.808639, 56.798286 ], [ 105.805833108291878, 56.798132915447106 ], [ 105.805798, 56.798131 ], [ 105.805186, 56.798094 ], [ 105.799499301597379, 56.796753606690089 ], [ 105.799484, 56.79675 ], [ 105.798820648864591, 56.796537568644389 ], [ 105.798623, 56.79617 ], [ 105.798445490879587, 56.796147021473082 ], [ 105.798372413699525, 56.796137561643945 ], [ 105.798314, 56.79613 ], [ 105.798005, 56.796091 ], [ 105.792688, 56.795719 ], [ 105.79267187920972, 56.795715826219414 ], [ 105.792514, 56.795501 ], [ 105.791747852360217, 56.7953941645195 ], [ 105.791703, 56.795341 ], [ 105.787757, 56.794451 ], [ 105.787655951442432, 56.794451110768492 ], [ 105.787135191751929, 56.794310112017101 ], [ 105.787128466663944, 56.794308003260824 ], [ 105.787279730393067, 56.794141917303214 ], [ 105.785275, 56.793334 ], [ 105.784403, 56.793069 ], [ 105.78353, 56.792803 ], [ 105.782776771253268, 56.793028186338972 ], [ 105.784021, 56.791712 ], [ 105.788457, 56.790702 ], [ 105.789964, 56.791006 ], [ 105.790154, 56.790986 ], [ 105.790385, 56.790956 ], [ 105.791263, 56.790787 ], [ 105.792873, 56.786665 ], [ 105.792839, 56.786306 ], [ 105.791416, 56.786443 ], [ 105.789993, 56.78658 ], [ 105.789538, 56.786651 ], [ 105.789093, 56.786721 ], [ 105.788772, 56.786796 ], [ 105.787334, 56.787242 ], [ 105.786870792056277, 56.787238790707086 ], [ 105.786924, 56.787267 ], [ 105.786899, 56.787626 ], [ 105.78515, 56.789937 ], [ 105.784891, 56.790188 ], [ 105.784773, 56.790066 ], [ 105.782254, 56.787457 ], [ 105.778205, 56.786376 ], [ 105.777235, 56.786233 ], [ 105.777151, 56.785883 ], [ 105.778332, 56.784338 ], [ 105.779521, 56.783938 ], [ 105.780008, 56.784016 ], [ 105.781672, 56.784333 ], [ 105.781886, 56.784596 ], [ 105.78396475326609, 56.785698094079741 ], [ 105.782614, 56.781943 ], [ 105.782418, 56.781737 ], [ 105.7822, 56.781541 ], [ 105.78211, 56.781508 ], [ 105.778749, 56.780936 ], [ 105.775578, 56.780654 ], [ 105.774965, 56.781079 ], [ 105.774708, 56.781331 ], [ 105.775493, 56.783653 ], [ 105.77666, 56.786269 ], [ 105.77683, 56.786465 ], [ 105.777116, 56.786709 ], [ 105.777426, 56.78697 ], [ 105.778373, 56.787546 ], [ 105.779127, 56.788074 ], [ 105.779476, 56.788136 ], [ 105.782059066593746, 56.793242752346231 ], [ 105.779486, 56.794012 ], [ 105.777814, 56.795186 ], [ 105.777764753687435, 56.795385848407967 ], [ 105.776749, 56.795706 ], [ 105.776662, 56.796056 ], [ 105.77843129483594, 56.798780462190429 ], [ 105.777463, 56.799108 ], [ 105.77738, 56.799458 ], [ 105.777253, 56.800287 ], [ 105.780663, 56.804695 ], [ 105.781269, 56.804669 ], [ 105.785502, 56.804457 ], [ 105.785858, 56.804407 ], [ 105.788147, 56.802854 ], [ 105.785026, 56.802152 ], [ 105.783528, 56.801675 ], [ 105.783318, 56.801382 ], [ 105.783125, 56.800753 ], [ 105.783205, 56.800402 ], [ 105.784647, 56.800119 ], [ 105.78493, 56.800208 ], [ 105.788478, 56.802545 ], [ 105.788378523260235, 56.802637864992718 ], [ 105.792722, 56.802179 ], [ 105.79482647209916, 56.800400572873954 ], [ 105.794831, 56.800399 ], [ 105.796844, 56.800339 ], [ 105.79704360283003, 56.800282750523927 ] ], [ [ 105.788829, 56.799218 ], [ 105.788701, 56.799554 ], [ 105.785133, 56.800292 ], [ 105.784892, 56.800185 ], [ 105.782915, 56.79758 ], [ 105.783, 56.79723 ], [ 105.783905697612283, 56.79684717503703 ], [ 105.783589, 56.796303 ], [ 105.783677, 56.795953 ], [ 105.786519, 56.79537 ], [ 105.789081, 56.795669 ], [ 105.793947, 56.797532 ], [ 105.793859, 56.797881 ], [ 105.791871, 56.798341 ], [ 105.788911939838783, 56.798948498284666 ], [ 105.788829, 56.799218 ] ] ] } },
{ "type": "Feature", "properties": { "AA_MINS": 10 }, "geometry": { "type": "Polygon", "coordinates": [ [ [ 105.844257, 56.803394 ], [ 105.843584, 56.801485 ], [ 105.843599, 56.801125 ], [ 105.842491, 56.801216 ], [ 105.840419, 56.801575 ], [ 105.839133, 56.801799 ], [ 105.838892, 56.80189 ], [ 105.838237, 56.802204 ], [ 105.838061, 56.80237 ], [ 105.837885, 56.802536 ], [ 105.838132, 56.802798 ], [ 105.841639, 56.80473 ], [ 105.844001, 56.806773 ], [ 105.84422, 56.806878 ], [ 105.846435, 56.80696 ], [ 105.846561, 56.806623 ], [ 105.847242, 56.804821 ], [ 105.850324919735414, 56.803263411254761 ], [ 105.847301, 56.8041 ], [ 105.84443, 56.803523 ], [ 105.844257, 56.803394 ] ] ] } },
{ "type": "Feature", "properties": { "AA_MINS": 10 }, "geometry": { "type": "Polygon", "coordinates": [ [ [ 105.855593, 56.801746 ], [ 105.854734, 56.801651 ], [ 105.85388, 56.801558 ], [ 105.853558, 56.801559 ], [ 105.853257, 56.801561 ], [ 105.85307, 56.801585 ], [ 105.852817, 56.801657 ], [ 105.847837, 56.802236 ], [ 105.852601, 56.801761 ], [ 105.852823, 56.802044 ], [ 105.852309, 56.802645 ], [ 105.852159, 56.802756 ], [ 105.857303, 56.802351 ], [ 105.859073, 56.8026 ], [ 105.85965, 56.802651 ], [ 105.85967, 56.802652 ], [ 105.860227, 56.802701 ], [ 105.860259, 56.802342 ], [ 105.858044758702277, 56.802059169349889 ], [ 105.857353, 56.801994 ], [ 105.855593, 56.801746 ] ] ] } },
{ "type": "Feature", "properties": { "AA_MINS": 10 }, "geometry": { "type": "Polygon", "coordinates": [ [ [ 105.87051, 56.803633 ], [ 105.869546, 56.803654 ], [ 105.868769, 56.803671 ], [ 105.867028, 56.803709 ], [ 105.865285, 56.803747 ], [ 105.864374, 56.803781 ], [ 105.863464, 56.803815 ], [ 105.863472153480302, 56.804024660922202 ], [ 105.861709, 56.804034 ], [ 105.858292540273808, 56.803366176570719 ], [ 105.857115, 56.803136 ], [ 105.85677, 56.803088 ], [ 105.856412, 56.803038 ], [ 105.856199, 56.803023 ], [ 105.855974, 56.803009 ], [ 105.855596, 56.80301 ], [ 105.855360605022824, 56.80301 ], [ 105.855217, 56.80301 ], [ 105.855218, 56.80337 ], [ 105.855186, 56.805505 ], [ 105.853063, 56.809056 ], [ 105.852857, 56.809242 ], [ 105.852633, 56.809448 ], [ 105.852472, 56.809646 ], [ 105.852751, 56.809873 ], [ 105.858249, 56.811327 ], [ 105.862685, 56.81336 ], [ 105.863041, 56.813415 ], [ 105.865321640232352, 56.81208457467482 ], [ 105.865666, 56.811843 ], [ 105.865753666555108, 56.811832549496629 ], [ 105.866324684628552, 56.811499442636872 ], [ 105.870104, 56.810241 ], [ 105.875491, 56.811042 ], [ 105.876098, 56.811838 ], [ 105.877085, 56.811807 ], [ 105.878071, 56.811776 ], [ 105.880358, 56.810336 ], [ 105.884906, 56.808486 ], [ 105.88497, 56.808131 ], [ 105.884563566969007, 56.806507559791605 ], [ 105.887634, 56.805528 ], [ 105.887701, 56.805463 ], [ 105.888679, 56.802891 ], [ 105.888327, 56.802332 ], [ 105.887854, 56.80179 ], [ 105.884068, 56.802 ], [ 105.878599, 56.80282 ], [ 105.876788, 56.80288 ], [ 105.876143, 56.802888 ], [ 105.87051, 56.803633 ] ], [ [ 105.870898, 56.803625 ], [ 105.872251, 56.803596 ], [ 105.877021, 56.803507 ], [ 105.878368, 56.803436 ], [ 105.879723, 56.803365 ], [ 105.882111, 56.803258 ], [ 105.882165, 56.803613 ], [ 105.88204, 56.803902 ], [ 105.876953, 56.80556 ], [ 105.874289, 56.806045 ], [ 105.869554, 56.804014 ], [ 105.869546, 56.803654 ], [ 105.870898, 56.803625 ] ], [ [ 105.877237970557559, 56.805945214819147 ], [ 105.875995, 56.806338 ], [ 105.876236, 56.806274 ], [ 105.876477, 56.80621 ], [ 105.878259, 56.80678 ], [ 105.878899, 56.807576 ], [ 105.878939, 56.807934 ], [ 105.875536, 56.809657 ], [ 105.870119, 56.809738 ], [ 105.866407, 56.808948 ], [ 105.8663, 56.808604 ], [ 105.867409, 56.808258 ], [ 105.868519, 56.807911 ], [ 105.868883, 56.807826 ], [ 105.87056385693603, 56.807555838513053 ], [ 105.871137, 56.806896 ], [ 105.87198358161568, 56.80620176845013 ], [ 105.874289, 56.806045 ], [ 105.877237970557559, 56.805945214819147 ] ], [ [ 105.867192, 56.804578 ], [ 105.867495, 56.804629 ], [ 105.870449, 56.805823 ], [ 105.870741, 56.806257 ], [ 105.870556, 56.80631 ], [ 105.870289, 56.806317 ], [ 105.864648, 56.8081 ], [ 105.862973, 56.809421 ], [ 105.862626, 56.809516 ], [ 105.860642, 56.808899 ], [ 105.857094, 56.807619 ], [ 105.857029, 56.807265 ], [ 105.861709, 56.804034 ], [ 105.867192, 56.804578 ] ] ] } },
{ "type": "Feature", "properties": { "AA_MINS": 10 }, "geometry": { "type": "Polygon", "coordinates": [ [ [ 105.975905, 56.817247 ], [ 105.976055, 56.816919 ], [ 105.975764723940515, 56.816786243413553 ], [ 105.975754, 56.816782 ], [ 105.97521, 56.816533 ], [ 105.970171, 56.814394 ], [ 105.970044, 56.814731 ], [ 105.968358, 56.815984 ], [ 105.963501, 56.816445 ], [ 105.962457, 56.816333 ], [ 105.961989, 56.81604 ], [ 105.962534, 56.814813 ], [ 105.962819, 56.814573 ], [ 105.963115, 56.814324 ], [ 105.963706, 56.813901 ], [ 105.968128, 56.813608 ], [ 105.964587, 56.81247 ], [ 105.964308, 56.812438 ], [ 105.964019, 56.812406 ], [ 105.962829, 56.812337 ], [ 105.962669, 56.812328 ], [ 105.962666260747852, 56.812327563858489 ], [ 105.961639, 56.812268 ], [ 105.956364, 56.813908 ], [ 105.956193, 56.814225 ], [ 105.957631, 56.818339 ], [ 105.957829, 56.81864 ], [ 105.958273, 56.81835 ], [ 105.958717, 56.818059 ], [ 105.964318, 56.817819 ], [ 105.965812, 56.81869 ], [ 105.966218, 56.818885 ], [ 105.966625, 56.819081 ], [ 105.966781, 56.818757 ], [ 105.969885, 56.81587 ], [ 105.973561, 56.817245 ], [ 105.974019, 56.817362 ], [ 105.975905, 56.817247 ] ] ] } },
{ "type": "Feature", "properties": { "AA_MINS": 120 }, "geometry": { "type": "Polygon", "coordinates": [ [ [ 105.5680866, 56.7854913 ], [ 105.568752782712835, 56.785958644115773 ], [ 105.568483, 56.785389 ], [ 105.568426754878075, 56.785338963755173 ], [ 105.5680866, 56.7854913 ] ] ] } },
{ "type": "Feature", "properties": { "AA_MINS": 120 }, "geometry": { "type": "Polygon", "coordinates": [ [ [ 105.570567, 56.7919324 ], [ 105.570793493184354, 56.792903422524788 ], [ 105.571398, 56.791544 ], [ 105.571390623050561, 56.791528423628201 ], [ 105.570567, 56.7919324 ] ] ] } },
{ "type": "Feature", "properties": { "AA_MINS": 120 }, "geometry": { "type": "Polygon", "coordinates": [ [ [ 105.5679886, 56.7975864 ], [ 105.5672852, 56.7986705 ], [ 105.566792004034042, 56.799690967122778 ], [ 105.568661, 56.797699 ], [ 105.56907089943158, 56.79677721300645 ], [ 105.5679886, 56.7975864 ] ] ] } },
{ "type": "Feature", "properties": { "AA_MINS": 120 }, "geometry": { "type": "Polygon", "coordinates": [ [ [ 105.573284, 56.803633 ], [ 105.5744918, 56.8041195 ], [ 105.574942836650905, 56.80420236236111 ], [ 105.573867, 56.803391 ], [ 105.57384547514863, 56.803386930175158 ], [ 105.572869076171656, 56.803342219649615 ], [ 105.573284, 56.803633 ] ] ] } },
{ "type": "Feature", "properties": { "AA_MINS": 120 }, "geometry": { "type": "Polygon", "coordinates": [ [ [ 105.585176, 56.8077161 ], [ 105.585278873744201, 56.808695081810427 ], [ 105.588824, 56.80467 ], [ 105.594452, 56.803919 ], [ 105.597703, 56.809216 ], [ 105.599320784233129, 56.809130948200263 ], [ 105.599261483293304, 56.808010312491348 ], [ 105.595057, 56.802416 ], [ 105.590087, 56.80342 ], [ 105.584854931049492, 56.80729732926104 ], [ 105.585176, 56.8077161 ] ] ] } },
{ "type": "Feature", "properties": { "AA_MINS": 120 }, "geometry": { "type": "Polygon", "coordinates": [ [ [ 105.8603318, 56.815059 ], [ 105.8616254, 56.8144026 ], [ 105.8645005, 56.8141152 ], [ 105.866375574106783, 56.81321684293507 ], [ 105.862768, 56.813876 ], [ 105.860498224616975, 56.814495067044483 ], [ 105.859824876095715, 56.815050145099683 ], [ 105.8603318, 56.815059 ] ] ] } },
{ "type": "Feature", "properties": { "AA_MINS": 120 }, "geometry": { "type": "Polygon", "coordinates": [ [ [ 105.887213, 56.8137275 ], [ 105.8897961, 56.8138417 ], [ 105.8919157, 56.8140232 ], [ 105.892389670171895, 56.813937138006992 ], [ 105.891702391573986, 56.813336519859327 ], [ 105.891602, 56.81335 ], [ 105.891185, 56.813355 ], [ 105.890794, 56.813318 ], [ 105.890474, 56.813267 ], [ 105.888695, 56.812767 ], [ 105.88737, 56.812405 ], [ 105.878477, 56.81275 ], [ 105.877410452560994, 56.812780294927258 ], [ 105.887213, 56.8137275 ] ] ] } },
{ "type": "Feature", "properties": { "AA_MINS": 120 }, "geometry": { "type": "Polygon", "coordinates": [ [ [ 105.995353801016577, 56.822886747237952 ], [ 105.995384, 56.822893 ], [ 105.997145, 56.823025 ], [ 105.997693, 56.823054 ], [ 105.997694742742027, 56.823053510013438 ], [ 105.995353801016577, 56.822886747237952 ] ] ] } },
{ "type": "Feature", "properties": { "AA_MINS": 120 }, "geometry": { "type": "Polygon", "coordinates": [ [ [ 105.983493615909921, 56.819245281196842 ], [ 105.977233, 56.816797 ], [ 105.98312195777882, 56.819482568599177 ], [ 105.983493615909921, 56.819245281196842 ] ] ] } },
{ "type": "Feature", "properties": { "AA_MINS": 120 }, "geometry": { "type": "Polygon", "coordinates": [ [ [ 105.9235622, 56.7936645 ], [ 105.9218466, 56.7932114 ], [ 105.9208079, 56.7928917 ], [ 105.918844, 56.7928337 ], [ 105.9170201, 56.7928809 ], [ 105.9164211, 56.7928024 ], [ 105.9160489, 56.7926205 ], [ 105.9152871, 56.7925862 ], [ 105.9131734, 56.7926354 ], [ 105.9110628, 56.7924819 ], [ 105.9091084, 56.792543 ], [ 105.9080744, 56.7926065 ], [ 105.906042, 56.7926804 ], [ 105.903878, 56.7929245 ], [ 105.903362292143981, 56.793066441040679 ], [ 105.90359, 56.794358 ], [ 105.901418, 56.794741 ], [ 105.896036, 56.796688 ], [ 105.892541, 56.799165 ], [ 105.889442329510814, 56.799948785923888 ], [ 105.889691832915631, 56.800039672314973 ], [ 105.891185, 56.799857 ], [ 105.891804, 56.799605 ], [ 105.891804007515958, 56.799605006192429 ], [ 105.892482, 56.799329 ], [ 105.892482326875594, 56.799329316443391 ], [ 105.893764, 56.798808 ], [ 105.894168170240476, 56.799216150430851 ], [ 105.899848, 56.797996 ], [ 105.902552, 56.799 ], [ 105.903286, 56.799362 ], [ 105.903663, 56.799586 ], [ 105.907187, 56.801284 ], [ 105.913718482409223, 56.799352503298508 ], [ 105.915475, 56.797405 ], [ 105.9154755606924, 56.797405113551754 ], [ 105.915611, 56.797255 ], [ 105.917362, 56.795314 ], [ 105.917425546360349, 56.795371341496889 ], [ 105.918184, 56.794584 ], [ 105.919111, 56.794164 ], [ 105.920155, 56.793955 ], [ 105.921271, 56.794037 ], [ 105.923789734619177, 56.79482393798552 ], [ 105.925316, 56.7953 ], [ 105.927687245014113, 56.796040567224253 ], [ 105.92686257368068, 56.795367303075686 ], [ 105.926336613903317, 56.794493000387277 ], [ 105.9235622, 56.7936645 ] ] ] } },
{ "type": "Feature", "properties": { "AA_MINS": 120 }, "geometry": { "type": "Polygon", "coordinates": [ [ [ 105.6811767, 56.7582498 ], [ 105.6758381, 56.7557747 ], [ 105.675511, 56.7552091 ], [ 105.6750842, 56.7547771 ], [ 105.6736537, 56.7538744 ], [ 105.6707487, 56.7527063 ], [ 105.666588113790027, 56.751399296301578 ], [ 105.666497, 56.751548 ], [ 105.662042655863701, 56.75689735745744 ], [ 105.661472070560563, 56.757138318223006 ], [ 105.658112, 56.756817 ], [ 105.65767, 56.75679 ], [ 105.657227, 56.756763 ], [ 105.656994, 56.756756 ], [ 105.652777208786205, 56.755243202095173 ], [ 105.653146, 56.755452 ], [ 105.660868675126935, 56.758525706380787 ], [ 105.665354, 56.757729 ], [ 105.667585, 56.757482 ], [ 105.670013194801101, 56.757802675387033 ], [ 105.671469, 56.757812 ], [ 105.673779, 56.7583 ], [ 105.674567, 56.758534 ], [ 105.682488, 56.762232 ], [ 105.683240677546664, 56.762618967361156 ], [ 105.684005, 56.762995 ], [ 105.688208, 56.765474 ], [ 105.688317927868269, 56.76554778310723 ], [ 105.688494, 56.765652 ], [ 105.691116773445472, 56.76736437937442 ], [ 105.691238571022325, 56.767440183852941 ], [ 105.691182, 56.764935 ], [ 105.68818, 56.762368 ], [ 105.685884, 56.761621 ], [ 105.685097, 56.761514 ], [ 105.683363, 56.760985 ], [ 105.68163, 56.760455 ], [ 105.682209746144139, 56.758555793554471 ], [ 105.6811767, 56.7582498 ] ] ] } },
{ "type": "Feature", "properties": { "AA_MINS": 120 }, "geometry": { "type": "Polygon", "coordinates": [ [ [ 105.605034, 56.800332 ], [ 105.60304202544566, 56.806372922832715 ], [ 105.603075652307581, 56.806567146948986 ], [ 105.604464, 56.804646 ], [ 105.606078, 56.80157 ], [ 105.607261, 56.800302 ], [ 105.60780302863742, 56.80008064735528 ], [ 105.60727, 56.799961 ], [ 105.60671, 56.799844 ], [ 105.606353077887988, 56.799740710188487 ], [ 105.605034, 56.800332 ] ] ] } },
{ "type": "Feature", "properties": { "AA_MINS": 120 }, "geometry": { "type": "Polygon", "coordinates": [ [ [ 105.719642, 56.793507 ], [ 105.72076, 56.792989 ], [ 105.719617805658388, 56.793486741717125 ], [ 105.719642, 56.793507 ] ] ] } },
{ "type": "Feature", "properties": { "AA_MINS": 120 }, "geometry": { "type": "Polygon", "coordinates": [ [ [ 105.830063518933642, 56.817470505167883 ], [ 105.82987508008209, 56.817400181487344 ], [ 105.829640095813616, 56.817312487476833 ], [ 105.829639, 56.817427 ], [ 105.829839, 56.81969 ], [ 105.83018, 56.819806 ], [ 105.831616, 56.82026 ], [ 105.831689046792135, 56.820251489694115 ], [ 105.831058, 56.819408 ], [ 105.830063518933642, 56.817470505167883 ] ] ] } },
{ "type": "Feature", "properties": { "AA_MINS": 120 }, "geometry": { "type": "Polygon", "coordinates": [ [ [ 105.970942655099307, 56.814304889334593 ], [ 105.967955, 56.811802 ], [ 105.967878430234691, 56.812985525425432 ], [ 105.96997723783646, 56.814237639682943 ], [ 105.970942655099307, 56.814304889334593 ] ] ] } },
{ "type": "Feature", "properties": { "AA_MINS": 120 }, "geometry": { "type": "Polygon", "coordinates": [ [ [ 105.961413, 56.810632 ], [ 105.954253, 56.807613 ], [ 105.954995439396541, 56.809381256091974 ], [ 105.960529, 56.810528 ], [ 105.961413, 56.810632 ] ] ] } },
{ "type": "Feature", "properties": { "AA_MINS": 120 }, "geometry": { "type": "Polygon", "coordinates": [ [ [ 105.624446, 56.778841 ], [ 105.624496803932018, 56.778894617214867 ], [ 105.624771, 56.778254 ], [ 105.624446, 56.778841 ] ] ] } },
{ "type": "Feature", "properties": { "AA_MINS": 120 }, "geometry": { "type": "Polygon", "coordinates": [ [ [ 105.620787, 56.785486 ], [ 105.624218, 56.779546 ], [ 105.620477905703567, 56.785598861725795 ], [ 105.620787, 56.785486 ] ] ] } },
{ "type": "Feature", "properties": { "AA_MINS": 15 }, "geometry": { "type": "Polygon", "coordinates": [ [ [ 105.5738489, 56.7895337 ], [ 105.5717601, 56.7913472 ], [ 105.571397985592185, 56.791524812397491 ], [ 105.571398, 56.791544 ], [ 105.571286, 56.793082 ], [ 105.571066777309099, 56.793467581395774 ], [ 105.5717632, 56.7947643 ], [ 105.569825618183174, 56.796212943470906 ], [ 105.569506, 56.797162 ], [ 105.567731, 56.800515 ], [ 105.567823824517887, 56.802688640794159 ], [ 105.5682288, 56.8027038 ], [ 105.5709835, 56.8020208 ], [ 105.572698572263974, 56.803222729799593 ], [ 105.573629, 56.803346 ], [ 105.57384547514863, 56.803386930175158 ], [ 105.573847, 56.803387 ], [ 105.574066, 56.803428 ], [ 105.579516, 56.802384 ], [ 105.579532, 56.802024 ], [ 105.579467, 56.79883 ], [ 105.577265, 56.800346 ], [ 105.57519, 56.800336 ], [ 105.573005, 56.800268 ], [ 105.572907, 56.799922 ], [ 105.573296, 56.798423 ], [ 105.573701, 56.796705 ], [ 105.57356086720165, 56.795112190320388 ], [ 105.572768, 56.791726 ], [ 105.572897, 56.79139 ], [ 105.573292, 56.79043 ], [ 105.575814, 56.787995 ], [ 105.575682, 56.787895 ], [ 105.574283, 56.786744 ], [ 105.573599, 56.786132 ], [ 105.573503910588002, 56.786046905387515 ], [ 105.572524, 56.78501 ], [ 105.571259, 56.785643 ], [ 105.571032, 56.785922 ], [ 105.571044737500188, 56.786117656355259 ], [ 105.571394, 56.786217 ], [ 105.571395197946771, 56.787812365605745 ], [ 105.5738489, 56.7895337 ] ] ] } },
{ "type": "Feature", "properties": { "AA_MINS": 15 }, "geometry": { "type": "Polygon", "coordinates": [ [ [ 105.7761453, 56.804574 ], [ 105.779569529459906, 56.80578334177126 ], [ 105.781002177131171, 56.805631148321766 ], [ 105.781393, 56.805756 ], [ 105.781731, 56.80586 ], [ 105.782069, 56.805964 ], [ 105.782410988185617, 56.805909619085035 ], [ 105.784216, 56.806657 ], [ 105.784493, 56.806727 ], [ 105.78477, 56.806797 ], [ 105.790578, 56.805951 ], [ 105.790828, 56.80603 ], [ 105.791993956736164, 56.804463725760719 ], [ 105.793853, 56.803972 ], [ 105.795251, 56.803817 ], [ 105.799056, 56.803591 ], [ 105.799357, 56.803505 ], [ 105.800583086350287, 56.802469698075207 ], [ 105.802623, 56.801854 ], [ 105.804806, 56.800225 ], [ 105.804732, 56.800233 ], [ 105.802896, 56.800097 ], [ 105.800954575860644, 56.799889270985666 ], [ 105.79704360283003, 56.800282750523927 ], [ 105.796844, 56.800339 ], [ 105.794831, 56.800399 ], [ 105.79482647209916, 56.800400572873954 ], [ 105.792722, 56.802179 ], [ 105.788378523260235, 56.802637864992718 ], [ 105.788147, 56.802854 ], [ 105.785858, 56.804407 ], [ 105.785502, 56.804457 ], [ 105.781269, 56.804669 ], [ 105.780663, 56.804695 ], [ 105.777253, 56.800287 ], [ 105.77738, 56.799458 ], [ 105.777463, 56.799108 ], [ 105.77843129483594, 56.798780462190429 ], [ 105.776662, 56.796056 ], [ 105.776749, 56.795706 ], [ 105.777764753687435, 56.795385848407967 ], [ 105.777814, 56.795186 ], [ 105.779486, 56.794012 ], [ 105.782059066593746, 56.793242752346231 ], [ 105.779476, 56.788136 ], [ 105.779127, 56.788074 ], [ 105.778373, 56.787546 ], [ 105.777426, 56.78697 ], [ 105.777164831844047, 56.791496390269231 ], [ 105.773814, 56.79237 ], [ 105.771407, 56.794037 ], [ 105.771338, 56.794391 ], [ 105.771351692017987, 56.794410904771141 ], [ 105.771017, 56.796077 ], [ 105.771199, 56.796371 ], [ 105.771970683457056, 56.797302800892552 ], [ 105.770948, 56.797583 ], [ 105.770865, 56.797933 ], [ 105.772024, 56.800086 ], [ 105.773768374106837, 56.803623702584382 ], [ 105.7761453, 56.804574 ] ] ] } },
{ "type": "Feature", "properties": { "AA_MINS": 15 }, "geometry": { "type": "Polygon", "coordinates": [ [ [ 105.957238280183475, 56.819628806234718 ], [ 105.957244, 56.819624 ], [ 105.957431, 56.819346 ], [ 105.96336, 56.819387 ], [ 105.964412, 56.819622 ], [ 105.967066, 56.820628 ], [ 105.971775, 56.820361 ], [ 105.974869, 56.819034 ], [ 105.978534, 56.819132 ], [ 105.979067, 56.819226 ], [ 105.979731, 56.819292 ], [ 105.980226, 56.819008 ], [ 105.980109, 56.818667 ], [ 105.976055577980276, 56.816901333008758 ], [ 105.975764723940515, 56.816786243413553 ], [ 105.976055, 56.816919 ], [ 105.975905, 56.817247 ], [ 105.974019, 56.817362 ], [ 105.973561, 56.817245 ], [ 105.969885, 56.81587 ], [ 105.966781, 56.818757 ], [ 105.966625, 56.819081 ], [ 105.966218, 56.818885 ], [ 105.965812, 56.81869 ], [ 105.964318, 56.817819 ], [ 105.958717, 56.818059 ], [ 105.958273, 56.81835 ], [ 105.957829, 56.81864 ], [ 105.957631, 56.818339 ], [ 105.956193, 56.814225 ], [ 105.956364, 56.813908 ], [ 105.961639, 56.812268 ], [ 105.962666260747852, 56.812327563858489 ], [ 105.958417, 56.811651 ], [ 105.9581236769273, 56.81151010179186 ], [ 105.957773, 56.811447 ], [ 105.955552, 56.810513 ], [ 105.952686, 56.810866 ], [ 105.952488, 56.811166 ], [ 105.952995, 56.811501 ], [ 105.955537, 56.815924 ], [ 105.954586067358704, 56.818541272811515 ], [ 105.957238280183475, 56.819628806234718 ] ] ] } },
{ "type": "Feature", "properties": { "AA_MINS": 15 }, "geometry": { "type": "Polygon", "coordinates": [ [ [ 105.675161978064722, 56.762366669887278 ], [ 105.674639167286628, 56.762231390248125 ], [ 105.669648, 56.761528 ], [ 105.669174262831774, 56.761477738946034 ], [ 105.670438, 56.762367 ], [ 105.670921, 56.763197 ], [ 105.670858, 56.763552 ], [ 105.668615, 56.765511 ], [ 105.663585, 56.766184 ], [ 105.659557, 56.769073 ], [ 105.659043, 56.769527 ], [ 105.658759, 56.769748 ], [ 105.657425, 56.769543 ], [ 105.653743, 56.768777 ], [ 105.650985, 56.768519 ], [ 105.650384410685248, 56.768494690432497 ], [ 105.648520380994796, 56.768935813963601 ], [ 105.645463, 56.771092 ], [ 105.644675, 56.771501 ], [ 105.643877, 56.771914 ], [ 105.648246317000783, 56.771672917093809 ], [ 105.650411, 56.772126 ], [ 105.655623, 56.771059 ], [ 105.656814, 56.770835 ], [ 105.657255, 56.770721 ], [ 105.657684, 56.770609 ], [ 105.658008, 56.7705 ], [ 105.658319, 56.770394 ], [ 105.658747, 56.770228 ], [ 105.659168, 56.770065 ], [ 105.664443, 56.768302 ], [ 105.664787, 56.768196 ], [ 105.670196, 56.765787 ], [ 105.670408, 56.765811 ], [ 105.670614, 56.765834 ], [ 105.670973, 56.765889 ], [ 105.671327, 56.765942 ], [ 105.671699, 56.76601 ], [ 105.672065, 56.766077 ], [ 105.672505, 56.766172 ], [ 105.672941, 56.766266 ], [ 105.674051, 56.766604 ], [ 105.674219, 56.766659 ], [ 105.674797, 56.766839 ], [ 105.67687, 56.764991 ], [ 105.676951, 56.764778 ], [ 105.676971, 56.764646 ], [ 105.676762032338473, 56.764326331619507 ], [ 105.677232, 56.764454 ], [ 105.681073, 56.765752 ], [ 105.68523, 56.767599 ], [ 105.687308, 56.767238 ], [ 105.687469, 56.766916 ], [ 105.68547, 56.765825 ], [ 105.681918, 56.7633 ], [ 105.683204, 56.764405 ], [ 105.683042, 56.764727 ], [ 105.679775, 56.764553 ], [ 105.675161978064722, 56.762366669887278 ] ] ] } },
{ "type": "Feature", "properties": { "AA_MINS": 15 }, "geometry": { "type": "Polygon", "coordinates": [ [ [ 105.657288, 56.760231 ], [ 105.657285053608717, 56.760243454000161 ], [ 105.657245, 56.760239 ], [ 105.655849, 56.75987 ], [ 105.655713, 56.759862 ], [ 105.653281, 56.760335 ], [ 105.649807, 56.763532 ], [ 105.648824, 56.764538 ], [ 105.647075379548085, 56.768529397822618 ], [ 105.648654, 56.767867 ], [ 105.649175885008376, 56.767689090571956 ], [ 105.649222, 56.766731 ], [ 105.649356, 56.766511 ], [ 105.651296, 56.765578 ], [ 105.654733, 56.762157 ], [ 105.654921, 56.762085 ], [ 105.655109, 56.762013 ], [ 105.655454, 56.761911 ], [ 105.655746, 56.761847 ], [ 105.658731, 56.761301 ], [ 105.661175, 56.760919 ], [ 105.662191, 56.760789 ], [ 105.663216, 56.760659 ], [ 105.663282002724273, 56.760654036222846 ], [ 105.663282, 56.760654 ], [ 105.663792, 56.759735 ], [ 105.665242, 56.759044 ], [ 105.667548, 56.758097 ], [ 105.672816, 56.759752 ], [ 105.673444, 56.759885 ], [ 105.673776, 56.759986 ], [ 105.669146, 56.758242 ], [ 105.667585, 56.757482 ], [ 105.665354, 56.757729 ], [ 105.660027, 56.759891 ], [ 105.657857, 56.760126 ], [ 105.657572, 56.760178 ], [ 105.657288, 56.760231 ] ] ] } },
{ "type": "Feature", "properties": { "AA_MINS": 15 }, "geometry": { "type": "Polygon", "coordinates": [ [ [ 105.733208613176458, 56.779785625380001 ], [ 105.736596, 56.781541 ], [ 105.740615, 56.785994 ], [ 105.746271, 56.787614 ], [ 105.750225, 56.787227 ], [ 105.755603, 56.786461 ], [ 105.755758, 56.786136 ], [ 105.759002018805447, 56.783984987305892 ], [ 105.761298, 56.784507 ], [ 105.761738, 56.784801 ], [ 105.762914, 56.785568 ], [ 105.76325, 56.78575 ], [ 105.76691, 56.788282 ], [ 105.767432, 56.78843 ], [ 105.767792, 56.788412 ], [ 105.767791, 56.788386 ], [ 105.767422, 56.786996 ], [ 105.767306, 56.786683 ], [ 105.766154, 56.784714 ], [ 105.765975, 56.784883 ], [ 105.765857, 56.784917 ], [ 105.765576, 56.784981 ], [ 105.762452, 56.784319 ], [ 105.760299772501114, 56.783232820153131 ], [ 105.755523, 56.783194 ], [ 105.750189, 56.784493 ], [ 105.745546, 56.784945 ], [ 105.745307, 56.784676 ], [ 105.743715, 56.783106 ], [ 105.739594644008179, 56.780109021313294 ], [ 105.739194419720178, 56.78003873158292 ], [ 105.737998, 56.780011 ], [ 105.737697, 56.779968 ], [ 105.737396, 56.779925 ], [ 105.737312314626237, 56.7797530783862 ], [ 105.73307, 56.779276 ], [ 105.732796, 56.779239 ], [ 105.732521, 56.779202 ], [ 105.731464, 56.779059 ], [ 105.726386, 56.778863 ], [ 105.725818, 56.778891 ], [ 105.725801, 56.778531 ], [ 105.72588, 56.778393 ], [ 105.726853, 56.777664 ], [ 105.72817, 56.77769 ], [ 105.727143, 56.777522 ], [ 105.726293, 56.777818 ], [ 105.723713, 56.778468 ], [ 105.719672, 56.777842 ], [ 105.717129, 56.7779 ], [ 105.717071, 56.778256 ], [ 105.718154, 56.778433 ], [ 105.719236, 56.77861 ], [ 105.720286, 56.778784 ], [ 105.725314, 56.78008 ], [ 105.725593, 56.780171 ], [ 105.72806, 56.780595 ], [ 105.728454, 56.780632 ], [ 105.728849, 56.780669 ], [ 105.73073, 56.780248 ], [ 105.733208613176458, 56.779785625380001 ] ] ] } },
{ "type": "Feature", "properties": { "AA_MINS": 15 }, "geometry": { "type": "Polygon", "coordinates": [ [ [ 105.749797, 56.779368 ], [ 105.74990872736997, 56.779464143975893 ], [ 105.750343919646099, 56.779512511288608 ], [ 105.749797, 56.779368 ] ] ] } },
{ "type": "Feature", "properties": { "AA_MINS": 15 }, "geometry": { "type": "Polygon", "coordinates": [ [ [ 105.73658, 56.777448 ], [ 105.738431614368551, 56.77760905571256 ], [ 105.738881, 56.777313 ], [ 105.739608, 56.77733 ], [ 105.736994, 56.777236 ], [ 105.736781, 56.777252 ], [ 105.736567, 56.777268 ], [ 105.733585, 56.777707 ], [ 105.733025957365285, 56.777890772560646 ], [ 105.733582, 56.777887 ], [ 105.73658, 56.777448 ] ] ] } },
{ "type": "Feature", "properties": { "AA_MINS": 15 }, "geometry": { "type": "Polygon", "coordinates": [ [ [ 105.586341, 56.800682 ], [ 105.591784, 56.800371 ], [ 105.592732, 56.800147 ], [ 105.592962, 56.799946 ], [ 105.593192, 56.799746 ], [ 105.594063, 56.798877 ], [ 105.599842314067729, 56.797923113214424 ], [ 105.600763, 56.798255 ], [ 105.600763355955507, 56.798254013828178 ], [ 105.60078, 56.79826 ], [ 105.601412, 56.798427 ], [ 105.601881855671976, 56.798550958763379 ], [ 105.60206, 56.798598 ], [ 105.603408, 56.797164 ], [ 105.603518, 56.796821 ], [ 105.601154, 56.793762 ], [ 105.600921, 56.793488 ], [ 105.59925, 56.793482 ], [ 105.599077, 56.793487 ], [ 105.598915, 56.793533 ], [ 105.594295080102043, 56.793850738644977 ], [ 105.596176, 56.794591 ], [ 105.597803, 56.796748 ], [ 105.597607, 56.79705 ], [ 105.597502140101852, 56.797011727030359 ], [ 105.59313831737289, 56.79681670429278 ], [ 105.590441, 56.79761 ], [ 105.589323, 56.79774 ], [ 105.589019, 56.797547 ], [ 105.588437, 56.797109 ], [ 105.586797830515607, 56.795823000521608 ], [ 105.581394552046149, 56.79631385971318 ], [ 105.581393130748012, 56.796315715012248 ], [ 105.58613, 56.79662 ], [ 105.586388, 56.799922 ], [ 105.586291, 56.800099 ], [ 105.586311969114377, 56.800110479926545 ], [ 105.586269, 56.800217 ], [ 105.586305, 56.80045 ], [ 105.586341, 56.800682 ] ] ] } },
{ "type": "Feature", "properties": { "AA_MINS": 15 }, "geometry": { "type": "Polygon", "coordinates": [ [ [ 105.576695268074488, 56.788677380921428 ], [ 105.576698, 56.788676 ], [ 105.576930958239203, 56.788916569476889 ], [ 105.57754849906614, 56.789553023005574 ], [ 105.579075, 56.790918 ], [ 105.579318, 56.791109 ], [ 105.579553, 56.791295 ], [ 105.579709, 56.791448 ], [ 105.579851, 56.791588 ], [ 105.583902182840561, 56.792995141975858 ], [ 105.587314, 56.79193 ], [ 105.590614, 56.792402 ], [ 105.58575, 56.791445 ], [ 105.581545, 56.789702 ], [ 105.576172, 56.788267 ], [ 105.575814, 56.787995 ], [ 105.576234, 56.788315 ], [ 105.576654, 56.788635 ], [ 105.576695268074488, 56.788677380921428 ] ] ] } },
{ "type": "Feature", "properties": { "AA_MINS": 15 }, "geometry": { "type": "Polygon", "coordinates": [ [ [ 105.81303, 56.7984 ], [ 105.811816, 56.798356 ], [ 105.809862853643921, 56.798321211133612 ], [ 105.810933, 56.798352 ], [ 105.810923, 56.798712 ], [ 105.809922, 56.799441 ], [ 105.808672, 56.799652 ], [ 105.804806, 56.800225 ], [ 105.808405, 56.800258 ], [ 105.810822, 56.800142 ], [ 105.812871, 56.800242 ], [ 105.816524, 56.799983 ], [ 105.816708, 56.799674 ], [ 105.815842, 56.798675 ], [ 105.81303, 56.7984 ] ] ] } },
{ "type": "Feature", "properties": { "AA_MINS": 15 }, "geometry": { "type": "Polygon", "coordinates": [ [ [ 105.805186, 56.798094 ], [ 105.805798, 56.798131 ], [ 105.805833108291878, 56.798132915447106 ], [ 105.805768, 56.798129 ], [ 105.805186, 56.798094 ] ] ] } },
{ "type": "Feature", "properties": { "AA_MINS": 15 }, "geometry": { "type": "Polygon", "coordinates": [ [ [ 105.799484, 56.79675 ], [ 105.799499301597379, 56.796753606690089 ], [ 105.799359, 56.796469 ], [ 105.79915, 56.796347 ], [ 105.798941, 56.796225 ], [ 105.798632600064551, 56.796176466942427 ], [ 105.798623, 56.79617 ], [ 105.798820648864591, 56.796537568644389 ], [ 105.799484, 56.79675 ] ] ] } },
{ "type": "Feature", "properties": { "AA_MINS": 15 }, "geometry": { "type": "Polygon", "coordinates": [ [ [ 105.798439, 56.796146 ], [ 105.798372413699525, 56.796137561643945 ], [ 105.798445490879587, 56.796147021473082 ], [ 105.798439, 56.796146 ] ] ] } },
{ "type": "Feature", "properties": { "AA_MINS": 15 }, "geometry": { "type": "Polygon", "coordinates": [ [ [ 105.792688, 56.795719 ], [ 105.798005, 56.796091 ], [ 105.792514, 56.795501 ], [ 105.79267187920972, 56.795715826219414 ], [ 105.792688, 56.795719 ] ] ] } },
{ "type": "Feature", "properties": { "AA_MINS": 15 }, "geometry": { "type": "Polygon", "coordinates": [ [ [ 105.784403, 56.793069 ], [ 105.785275, 56.793334 ], [ 105.787279730393067, 56.794141917303214 ], [ 105.790154, 56.790986 ], [ 105.789964, 56.791006 ], [ 105.788457, 56.790702 ], [ 105.784021, 56.791712 ], [ 105.782776771253268, 56.793028186338972 ], [ 105.78353, 56.792803 ], [ 105.784403, 56.793069 ] ] ] } },
{ "type": "Feature", "properties": { "AA_MINS": 15 }, "geometry": { "type": "Polygon", "coordinates": [ [ [ 105.791297, 56.783498 ], [ 105.791069, 56.783719 ], [ 105.788772, 56.786796 ], [ 105.789093, 56.786721 ], [ 105.789538, 56.786651 ], [ 105.789993, 56.78658 ], [ 105.791416, 56.786443 ], [ 105.792839, 56.786306 ], [ 105.792873, 56.786665 ], [ 105.791263, 56.790787 ], [ 105.790385, 56.790956 ], [ 105.793143, 56.791228 ], [ 105.796471, 56.790612 ], [ 105.80029, 56.786496 ], [ 105.800291, 56.786136 ], [ 105.798402, 56.78613 ], [ 105.796514, 56.786124 ], [ 105.791297, 56.783498 ] ] ] } },
{ "type": "Feature", "properties": { "AA_MINS": 15 }, "geometry": { "type": "Polygon", "coordinates": [ [ [ 105.775838, 56.777547 ], [ 105.771917, 56.777759 ], [ 105.771649, 56.778 ], [ 105.770642, 56.779419 ], [ 105.770442, 56.779719 ], [ 105.771308, 56.780296 ], [ 105.77315, 56.781826 ], [ 105.77666, 56.786269 ], [ 105.775493, 56.783653 ], [ 105.774708, 56.781331 ], [ 105.774965, 56.781079 ], [ 105.775578, 56.780654 ], [ 105.778749, 56.780936 ], [ 105.78211, 56.781508 ], [ 105.7822, 56.781541 ], [ 105.782418, 56.781737 ], [ 105.782614, 56.781943 ], [ 105.78396475326609, 56.785698094079741 ], [ 105.786325125757457, 56.786949494422025 ], [ 105.783826, 56.781938 ], [ 105.785667, 56.780492 ], [ 105.785114, 56.77935 ], [ 105.783621, 56.778859 ], [ 105.782528, 56.778561 ], [ 105.778392, 56.777832 ], [ 105.775838, 56.777547 ] ] ] } },
{ "type": "Feature", "properties": { "AA_MINS": 15 }, "geometry": { "type": "Polygon", "coordinates": [ [ [ 105.884068, 56.802 ], [ 105.887854, 56.80179 ], [ 105.888327, 56.802332 ], [ 105.888679, 56.802891 ], [ 105.887701, 56.805463 ], [ 105.887634, 56.805528 ], [ 105.884563566969007, 56.806507559791605 ], [ 105.88497, 56.808131 ], [ 105.884906, 56.808486 ], [ 105.880358, 56.810336 ], [ 105.878071, 56.811776 ], [ 105.879307585509238, 56.811679562745134 ], [ 105.881687, 56.811494 ], [ 105.881789, 56.811235 ], [ 105.886103, 56.80878 ], [ 105.887508, 56.809253 ], [ 105.887972, 56.80949 ], [ 105.888487, 56.809686 ], [ 105.889027, 56.809888 ], [ 105.889338, 56.809957 ], [ 105.889921, 56.810103 ], [ 105.890218, 56.810186 ], [ 105.890396, 56.810219 ], [ 105.890573, 56.810253 ], [ 105.89064, 56.809899 ], [ 105.890443225880432, 56.808677663440996 ], [ 105.892038, 56.80825 ], [ 105.894355, 56.805698 ], [ 105.895124, 56.803106 ], [ 105.895205, 56.80189 ], [ 105.895134, 56.801538 ], [ 105.894184, 56.800386 ], [ 105.889272, 56.801478 ], [ 105.888402408107822, 56.801565226550295 ], [ 105.886876629625903, 56.801718273507937 ], [ 105.884068, 56.802 ] ] ] } },
{ "type": "Feature", "properties": { "AA_MINS": 15 }, "geometry": { "type": "Polygon", "coordinates": [ [ [ 105.876775, 56.80288 ], [ 105.876143, 56.802888 ], [ 105.876788, 56.80288 ], [ 105.876775, 56.80288 ] ] ] } },
{ "type": "Feature", "properties": { "AA_MINS": 15 }, "geometry": { "type": "Polygon", "coordinates": [ [ [ 105.868110608128603, 56.802872404913501 ], [ 105.868116, 56.802743 ], [ 105.865462, 56.802626 ], [ 105.862809, 56.802508 ], [ 105.858044758702277, 56.802059169349889 ], [ 105.860259, 56.802342 ], [ 105.860227, 56.802701 ], [ 105.86027, 56.802705 ], [ 105.86153, 56.802786 ], [ 105.862793, 56.802868 ], [ 105.865447, 56.802985 ], [ 105.867176497069451, 56.803061895498942 ], [ 105.863464, 56.803815 ], [ 105.864374, 56.803781 ], [ 105.865285, 56.803747 ], [ 105.867028, 56.803709 ], [ 105.868769, 56.803671 ], [ 105.869546, 56.803654 ], [ 105.87051, 56.803633 ], [ 105.876143, 56.802888 ], [ 105.87491, 56.802875 ], [ 105.8737, 56.802862 ], [ 105.872241, 56.802827 ], [ 105.87078, 56.802792 ], [ 105.869712, 56.802778 ], [ 105.868645, 56.802764 ], [ 105.868110608128603, 56.802872404913501 ] ] ] } },
{ "type": "Feature", "properties": { "AA_MINS": 15 }, "geometry": { "type": "Polygon", "coordinates": [ [ [ 105.845571, 56.809797 ], [ 105.84875504326709, 56.809578675585087 ], [ 105.850422, 56.812322 ], [ 105.852614, 56.813414 ], [ 105.857176, 56.814728 ], [ 105.857535, 56.814757 ], [ 105.862768, 56.813876 ], [ 105.865321640232352, 56.81208457467482 ], [ 105.863041, 56.813415 ], [ 105.862685, 56.81336 ], [ 105.858249, 56.811327 ], [ 105.852751, 56.809873 ], [ 105.852472, 56.809646 ], [ 105.852633, 56.809448 ], [ 105.852857, 56.809242 ], [ 105.853063, 56.809056 ], [ 105.855186, 56.805505 ], [ 105.855218, 56.80337 ], [ 105.855217, 56.80301 ], [ 105.855360605022824, 56.80301 ], [ 105.857303, 56.802351 ], [ 105.852159, 56.802756 ], [ 105.850324919735414, 56.803263411254761 ], [ 105.847242, 56.804821 ], [ 105.846561, 56.806623 ], [ 105.846435, 56.80696 ], [ 105.84422, 56.806878 ], [ 105.844001, 56.806773 ], [ 105.841639, 56.80473 ], [ 105.838132, 56.802798 ], [ 105.837885, 56.802536 ], [ 105.838061, 56.80237 ], [ 105.838237, 56.802204 ], [ 105.838892, 56.80189 ], [ 105.836645, 56.80279 ], [ 105.833423, 56.80454 ], [ 105.833426, 56.8049 ], [ 105.837389, 56.807139 ], [ 105.840299, 56.809417 ], [ 105.843882, 56.810188 ], [ 105.845571, 56.809797 ] ] ] } },
{ "type": "Feature", "properties": { "AA_MINS": 15 }, "geometry": { "type": "Polygon", "coordinates": [ [ [ 105.870104, 56.810241 ], [ 105.866324684628552, 56.811499442636872 ], [ 105.865753666555108, 56.811832549496629 ], [ 105.868795, 56.81147 ], [ 105.871029, 56.811387 ], [ 105.872722, 56.811324 ], [ 105.874414, 56.811262 ], [ 105.874503809306688, 56.81104308981493 ], [ 105.875491, 56.811042 ], [ 105.870104, 56.810241 ] ] ] } },
{ "type": "Feature", "properties": { "AA_MINS": 15 }, "geometry": { "type": "Polygon", "coordinates": [ [ [ 105.862049, 56.803763 ], [ 105.860176, 56.803524 ], [ 105.858303, 56.803285 ], [ 105.858292540273808, 56.803366176570719 ], [ 105.861709, 56.804034 ], [ 105.863472153480302, 56.804024660922202 ], [ 105.863464, 56.803815 ], [ 105.862352, 56.803784 ], [ 105.862049, 56.803763 ] ] ] } },
{ "type": "Feature", "properties": { "AA_MINS": 15 }, "geometry": { "type": "Polygon", "coordinates": [ [ [ 105.871137, 56.806896 ], [ 105.87056385693603, 56.807555838513053 ], [ 105.873935, 56.807014 ], [ 105.875995, 56.806338 ], [ 105.877237970557559, 56.805945214819147 ], [ 105.874289, 56.806045 ], [ 105.87198358161568, 56.80620176845013 ], [ 105.871137, 56.806896 ] ] ] } },
{ "type": "Feature", "properties": { "AA_MINS": 30 }, "geometry": { "type": "Polygon", "coordinates": [ [ [ 105.5713744, 56.7840221 ], [ 105.571026, 56.7838355 ], [ 105.5699722, 56.7842995 ], [ 105.5700446, 56.7843602 ], [ 105.5686614, 56.7850435 ], [ 105.5685649, 56.7851189 ], [ 105.5687011, 56.7852161 ], [ 105.568426754878075, 56.785338963755173 ], [ 105.568483, 56.785389 ], [ 105.571044737500188, 56.786117656355259 ], [ 105.571032, 56.785922 ], [ 105.571259, 56.785643 ], [ 105.572524, 56.78501 ], [ 105.573503910588002, 56.786046905387515 ], [ 105.573599, 56.786132 ], [ 105.574283, 56.786744 ], [ 105.575682, 56.787895 ], [ 105.575814, 56.787995 ], [ 105.576172, 56.788267 ], [ 105.581545, 56.789702 ], [ 105.58575, 56.791445 ], [ 105.580958, 56.789357 ], [ 105.580379, 56.789017 ], [ 105.576272, 56.78653 ], [ 105.574214, 56.785007 ], [ 105.571765363051696, 56.783849783049284 ], [ 105.5713744, 56.7840221 ] ] ] } },
{ "type": "Feature", "properties": { "AA_MINS": 30 }, "geometry": { "type": "Polygon", "coordinates": [ [ [ 105.569269507125895, 56.79662872289515 ], [ 105.568661, 56.797699 ], [ 105.566626, 56.801204 ], [ 105.565694811061405, 56.802271531244237 ], [ 105.5668049, 56.8026505 ], [ 105.567823824517887, 56.802688640794159 ], [ 105.567731, 56.800515 ], [ 105.569506, 56.797162 ], [ 105.569825618183174, 56.796212943470906 ], [ 105.569269507125895, 56.79662872289515 ] ] ] } },
{ "type": "Feature", "properties": { "AA_MINS": 30 }, "geometry": { "type": "Polygon", "coordinates": [ [ [ 105.5823625, 56.804067 ], [ 105.5828257, 56.8046506 ], [ 105.58437539991823, 56.806671876049577 ], [ 105.584927, 56.805407 ], [ 105.590087, 56.80342 ], [ 105.595057, 56.802416 ], [ 105.598843, 56.805069 ], [ 105.599261235689085, 56.808005633406417 ], [ 105.599261339217591, 56.808006360329721 ], [ 105.599261555094799, 56.808010408027457 ], [ 105.599285, 56.80845 ], [ 105.599320798819278, 56.809130947433424 ], [ 105.599320784233129, 56.809130948200263 ], [ 105.599323026665701, 56.809173324426084 ], [ 105.599341310345451, 56.809518839092192 ], [ 105.599378, 56.810219 ], [ 105.599378405451333, 56.810218978601178 ], [ 105.599387, 56.810382 ], [ 105.599746, 56.810363 ], [ 105.603462, 56.809152 ], [ 105.603311, 56.808103 ], [ 105.60316, 56.807055 ], [ 105.603156900696334, 56.807037087075429 ], [ 105.603157, 56.807037 ], [ 105.603075652307581, 56.806567146948986 ], [ 105.603075630156724, 56.80656717760057 ], [ 105.603042, 56.806373 ], [ 105.603041866533857, 56.806372004980048 ], [ 105.602908, 56.805374 ], [ 105.605034, 56.800332 ], [ 105.606353077887988, 56.799740710188487 ], [ 105.609373, 56.798387 ], [ 105.611725, 56.798479 ], [ 105.616176, 56.800366 ], [ 105.616378, 56.800529 ], [ 105.616656, 56.8007 ], [ 105.616947, 56.800824 ], [ 105.617138, 56.800886 ], [ 105.617349, 56.800952 ], [ 105.617571, 56.800997 ], [ 105.617813, 56.801045 ], [ 105.618001, 56.801062 ], [ 105.618199, 56.801079 ], [ 105.61841, 56.801085 ], [ 105.61862, 56.801091 ], [ 105.618620432218705, 56.80109045395271 ], [ 105.618641, 56.801091 ], [ 105.618826, 56.801087 ], [ 105.619032, 56.80108 ], [ 105.619226, 56.801054 ], [ 105.61942, 56.801027 ], [ 105.619420547445259, 56.801026507299269 ], [ 105.619453, 56.801022 ], [ 105.619718, 56.800968 ], [ 105.620036, 56.800819 ], [ 105.621979, 56.798341 ], [ 105.621946, 56.797982 ], [ 105.62192201707775, 56.797984185785317 ], [ 105.621922, 56.797984 ], [ 105.621554978048096, 56.798017539865057 ], [ 105.621554, 56.798018 ], [ 105.621551, 56.798018 ], [ 105.621542750000074, 56.79801875 ], [ 105.621539, 56.798019 ], [ 105.621155, 56.798054 ], [ 105.615766, 56.796983 ], [ 105.61401, 56.796897 ], [ 105.613045, 56.796775 ], [ 105.612626, 56.796732 ], [ 105.610954, 56.796441 ], [ 105.610021977624527, 56.795800530429361 ], [ 105.609915328655461, 56.796132168163126 ], [ 105.606786, 56.794288 ], [ 105.606031, 56.793058 ], [ 105.603342, 56.792582 ], [ 105.601801, 56.792631 ], [ 105.599541, 56.792597 ], [ 105.594176596970939, 56.793804108013191 ], [ 105.594295080102043, 56.793850738644977 ], [ 105.598915, 56.793533 ], [ 105.599077, 56.793487 ], [ 105.59925, 56.793482 ], [ 105.600921, 56.793488 ], [ 105.601154, 56.793762 ], [ 105.603518, 56.796821 ], [ 105.603408, 56.797164 ], [ 105.60206, 56.798598 ], [ 105.601881855671976, 56.798550958763379 ], [ 105.601412, 56.798427 ], [ 105.60078, 56.79826 ], [ 105.600763355955507, 56.798254013828178 ], [ 105.600763, 56.798255 ], [ 105.599842314067729, 56.797923113214424 ], [ 105.594063, 56.798877 ], [ 105.593192, 56.799746 ], [ 105.592962, 56.799946 ], [ 105.592732, 56.800147 ], [ 105.591784, 56.800371 ], [ 105.586341, 56.800682 ], [ 105.586305, 56.80045 ], [ 105.586269, 56.800217 ], [ 105.586311969114377, 56.800110479926545 ], [ 105.586291, 56.800099 ], [ 105.586388, 56.799922 ], [ 105.58613, 56.79662 ], [ 105.581393130748012, 56.796315715012248 ], [ 105.579467, 56.79883 ], [ 105.579532, 56.802024 ], [ 105.579516, 56.802384 ], [ 105.574066, 56.803428 ], [ 105.574137, 56.803438 ], [ 105.575044, 56.803442 ], [ 105.575947, 56.803446 ], [ 105.576753, 56.803469 ], [ 105.577565, 56.803492 ], [ 105.577998006781101, 56.804241084762729 ], [ 105.5823625, 56.804067 ] ] ] } },
{ "type": "Feature", "properties": { "AA_MINS": 30 }, "geometry": { "type": "Polygon", "coordinates": [ [ [ 105.6412616, 56.7820071 ], [ 105.6401146, 56.7816132 ], [ 105.6407761, 56.7810037 ], [ 105.6421419, 56.7792531 ], [ 105.6437138, 56.7763453 ], [ 105.6493894, 56.773256 ], [ 105.6524945, 56.7721385 ], [ 105.6544122, 56.7716997 ], [ 105.6560067, 56.7719744 ], [ 105.659176514474638, 56.771797645021827 ], [ 105.659754, 56.771575 ], [ 105.662535, 56.769973 ], [ 105.663198, 56.769523 ], [ 105.667121358097916, 56.771397611086542 ], [ 105.6702331, 56.7713348 ], [ 105.6698596, 56.7708329 ], [ 105.6744256, 56.7706962 ], [ 105.6784368, 56.7731315 ], [ 105.6807961, 56.7717607 ], [ 105.688175961706975, 56.775546378024252 ], [ 105.691074, 56.772763 ], [ 105.691568439221328, 56.771958519845192 ], [ 105.694718, 56.774107 ], [ 105.695352, 56.774408 ], [ 105.697387, 56.775178 ], [ 105.699511, 56.775979 ], [ 105.699524035866077, 56.775982887889882 ], [ 105.699524, 56.775983 ], [ 105.700703, 56.779432 ], [ 105.704886, 56.783047 ], [ 105.706483, 56.782775 ], [ 105.711128, 56.780993 ], [ 105.712854610062493, 56.782842042412383 ], [ 105.713328, 56.783349 ], [ 105.716206, 56.784289 ], [ 105.71725, 56.784553 ], [ 105.721928, 56.786674 ], [ 105.723108, 56.786416 ], [ 105.726095207003866, 56.785736297823441 ], [ 105.728024, 56.785734 ], [ 105.728977, 56.785709 ], [ 105.729071132250269, 56.785708555979951 ], [ 105.729861438769817, 56.785859768873813 ], [ 105.7307382, 56.7856827 ], [ 105.7333733, 56.7862114 ], [ 105.7353485, 56.7867597 ], [ 105.743504, 56.7895892 ], [ 105.7454977, 56.7902666 ], [ 105.7506962, 56.7926106 ], [ 105.7511918, 56.7926269 ], [ 105.7518506, 56.7921074 ], [ 105.7534003, 56.7928275 ], [ 105.7537046, 56.7930318 ], [ 105.7552433, 56.7938758 ], [ 105.7564411, 56.7943203 ], [ 105.7567408, 56.794521 ], [ 105.7572684, 56.7946355 ], [ 105.7578412, 56.7949019 ], [ 105.7586808, 56.7971696 ], [ 105.7585203, 56.7973578 ], [ 105.758509, 56.797378 ], [ 105.7583428, 56.7974876 ], [ 105.7574802, 56.7988055 ], [ 105.7566287, 56.8000424 ], [ 105.7563491, 56.8003943 ], [ 105.7561475, 56.8008173 ], [ 105.7561099, 56.8010405 ], [ 105.7554362, 56.8018535 ], [ 105.7555242, 56.801894 ], [ 105.7554561, 56.8019414 ], [ 105.7553581, 56.8019064 ], [ 105.754645037107366, 56.802093292381628 ], [ 105.754672, 56.802263 ], [ 105.756006184540155, 56.803734358022467 ], [ 105.7587432, 56.8039309 ], [ 105.7590528, 56.8040048 ], [ 105.7590073, 56.8040538 ], [ 105.7593813, 56.8042536 ], [ 105.7596383, 56.8042777 ], [ 105.759651, 56.8042798 ], [ 105.7598289, 56.8041968 ], [ 105.7604158, 56.8040075 ], [ 105.7668554, 56.803056 ], [ 105.7684125, 56.8030151 ], [ 105.7728465, 56.8033504 ], [ 105.7728509, 56.8033672 ], [ 105.7729607, 56.8033865 ], [ 105.7731298, 56.8033684 ], [ 105.773768374106837, 56.803623702584382 ], [ 105.772024, 56.800086 ], [ 105.770865, 56.797933 ], [ 105.770948, 56.797583 ], [ 105.771970683457056, 56.797302800892552 ], [ 105.771199, 56.796371 ], [ 105.771017, 56.796077 ], [ 105.771351692017987, 56.794410904771141 ], [ 105.771338, 56.794391 ], [ 105.771407, 56.794037 ], [ 105.773814, 56.79237 ], [ 105.777164831844047, 56.791496390269231 ], [ 105.777426, 56.78697 ], [ 105.777116, 56.786709 ], [ 105.77683, 56.786465 ], [ 105.77666, 56.786269 ], [ 105.77315, 56.781826 ], [ 105.771308, 56.780296 ], [ 105.770442, 56.779719 ], [ 105.770642, 56.779419 ], [ 105.771649, 56.778 ], [ 105.771917, 56.777759 ], [ 105.775838, 56.777547 ], [ 105.778392, 56.777832 ], [ 105.782528, 56.778561 ], [ 105.783621, 56.778859 ], [ 105.785114, 56.77935 ], [ 105.785667, 56.780492 ], [ 105.783826, 56.781938 ], [ 105.786325125757457, 56.786949494422025 ], [ 105.786760255298006, 56.787180187356284 ], [ 105.788772, 56.786796 ], [ 105.791069, 56.783719 ], [ 105.791297, 56.783498 ], [ 105.796514, 56.786124 ], [ 105.798402, 56.78613 ], [ 105.800291, 56.786136 ], [ 105.80029, 56.786496 ], [ 105.796471, 56.790612 ], [ 105.793143, 56.791228 ], [ 105.790385, 56.790956 ], [ 105.790154, 56.790986 ], [ 105.787279730393067, 56.794141917303214 ], [ 105.78831830301597, 56.794560467745505 ], [ 105.792514, 56.795501 ], [ 105.798005, 56.796091 ], [ 105.798314, 56.79613 ], [ 105.798372413699525, 56.796137561643945 ], [ 105.798439, 56.796146 ], [ 105.798445490879587, 56.796147021473082 ], [ 105.798623, 56.79617 ], [ 105.798632600064551, 56.796176466942427 ], [ 105.798941, 56.796225 ], [ 105.79915, 56.796347 ], [ 105.799359, 56.796469 ], [ 105.799499301597379, 56.796753606690089 ], [ 105.805186, 56.798094 ], [ 105.805768, 56.798129 ], [ 105.805833108291878, 56.798132915447106 ], [ 105.808639, 56.798286 ], [ 105.809786, 56.798319 ], [ 105.809862853643921, 56.798321211133612 ], [ 105.811816, 56.798356 ], [ 105.81303, 56.7984 ], [ 105.815842, 56.798675 ], [ 105.816708, 56.799674 ], [ 105.816524, 56.799983 ], [ 105.812871, 56.800242 ], [ 105.810822, 56.800142 ], [ 105.808405, 56.800258 ], [ 105.804806, 56.800225 ], [ 105.802623, 56.801854 ], [ 105.800583086350287, 56.802469698075207 ], [ 105.799357, 56.803505 ], [ 105.799056, 56.803591 ], [ 105.795251, 56.803817 ], [ 105.793853, 56.803972 ], [ 105.791993956736164, 56.804463725760719 ], [ 105.790828, 56.80603 ], [ 105.790578, 56.805951 ], [ 105.78477, 56.806797 ], [ 105.784493, 56.806727 ], [ 105.784216, 56.806657 ], [ 105.782410988185617, 56.805909619085035 ], [ 105.782069, 56.805964 ], [ 105.781731, 56.80586 ], [ 105.781393, 56.805756 ], [ 105.781002177131171, 56.805631148321766 ], [ 105.779569529459906, 56.80578334177126 ], [ 105.7801728, 56.8059964 ], [ 105.784317, 56.8068286 ], [ 105.7855271, 56.8071725 ], [ 105.7866807, 56.8077037 ], [ 105.7872232, 56.807896 ], [ 105.7874779, 56.8080138 ], [ 105.7874494, 56.8080367 ], [ 105.7876514, 56.8081317 ], [ 105.7877195, 56.8081052 ], [ 105.7904516, 56.8088771 ], [ 105.7907393, 56.8089047 ], [ 105.7912312, 56.8089973 ], [ 105.792052, 56.8091245 ], [ 105.7941189, 56.8095638 ], [ 105.800678, 56.8103672 ], [ 105.8024613, 56.810473 ], [ 105.8037658, 56.8106882 ], [ 105.8045784, 56.8107615 ], [ 105.8058149, 56.8109491 ], [ 105.80621168965898, 56.81104277636404 ], [ 105.806701081957101, 56.810777820837323 ], [ 105.806879, 56.810856 ], [ 105.807351, 56.810917 ], [ 105.807841, 56.810942 ], [ 105.811280204171524, 56.810137186233113 ], [ 105.811478, 56.810158 ], [ 105.811481617668534, 56.810157491360428 ], [ 105.81182, 56.810193 ], [ 105.81291, 56.810266 ], [ 105.814372510929175, 56.809751035463037 ], [ 105.814451, 56.80974 ], [ 105.814511049266656, 56.809702254746668 ], [ 105.817934, 56.808497 ], [ 105.818402794538031, 56.806635155025866 ], [ 105.819015630061713, 56.806002360630352 ], [ 105.818948, 56.809205 ], [ 105.819089, 56.810734 ], [ 105.823459, 56.811256 ], [ 105.823962, 56.811295 ], [ 105.82683, 56.81128 ], [ 105.827387455773263, 56.811991499639468 ], [ 105.8284716, 56.812127 ], [ 105.830587, 56.813496 ], [ 105.8294757, 56.8144719 ], [ 105.829410070367913, 56.814573030989422 ], [ 105.829754, 56.815012 ], [ 105.82986, 56.817074 ], [ 105.830043004992092, 56.817430538941181 ], [ 105.830097, 56.817483 ], [ 105.831058, 56.819408 ], [ 105.831689046792135, 56.820251489694115 ], [ 105.832011377012975, 56.820682332894265 ], [ 105.8320444, 56.8206556 ], [ 105.8323036, 56.8206772 ], [ 105.8324156, 56.8203467 ], [ 105.8327758, 56.8200414 ], [ 105.8349441, 56.8177937 ], [ 105.83613, 56.8177071 ], [ 105.8362684, 56.8177432 ], [ 105.8365956, 56.8177528 ], [ 105.8367801, 56.8177588 ], [ 105.8369097, 56.817742 ], [ 105.8370239, 56.8177432 ], [ 105.8370876, 56.81776 ], [ 105.8373753, 56.8177733 ], [ 105.8374609, 56.8177444 ], [ 105.8376454, 56.817748 ], [ 105.8377684, 56.8178069 ], [ 105.8380429, 56.8178249 ], [ 105.8382889, 56.8178045 ], [ 105.8385414, 56.8178249 ], [ 105.8386917, 56.8177761 ], [ 105.8387203, 56.8177364 ], [ 105.8387972, 56.8177076 ], [ 105.8388872, 56.8177124 ], [ 105.8390102, 56.8176583 ], [ 105.8391156, 56.8176499 ], [ 105.8394648, 56.8175495 ], [ 105.8400731, 56.8175471 ], [ 105.8423176, 56.8170746 ], [ 105.849807, 56.8149218 ], [ 105.8515486, 56.814209 ], [ 105.851772, 56.8153335 ], [ 105.8530194, 56.8154573 ], [ 105.8534875, 56.8172559 ], [ 105.855572330557607, 56.817198086663979 ], [ 105.8556268068522, 56.817139083295437 ], [ 105.855805, 56.817173 ], [ 105.856364508029827, 56.817176119208533 ], [ 105.8570107, 56.8171582 ], [ 105.8571345, 56.8170842 ], [ 105.8571301, 56.8167441 ], [ 105.8572316, 56.8166326 ], [ 105.8572138, 56.8158875 ], [ 105.858222563740867, 56.815838116692682 ], [ 105.85830090481835, 56.815731046870283 ], [ 105.8583453, 56.8150243 ], [ 105.858812053331349, 56.815032453204424 ], [ 105.858882890272838, 56.81493563938735 ], [ 105.860498224616975, 56.814495067044483 ], [ 105.862768, 56.813876 ], [ 105.857535, 56.814757 ], [ 105.857176, 56.814728 ], [ 105.852614, 56.813414 ], [ 105.850422, 56.812322 ], [ 105.84875504326709, 56.809578675585087 ], [ 105.845571, 56.809797 ], [ 105.843882, 56.810188 ], [ 105.840299, 56.809417 ], [ 105.837389, 56.807139 ], [ 105.833426, 56.8049 ], [ 105.833423, 56.80454 ], [ 105.836645, 56.80279 ], [ 105.838892, 56.80189 ], [ 105.839133, 56.801799 ], [ 105.835936, 56.802626 ], [ 105.832072, 56.802772 ], [ 105.829575, 56.803195 ], [ 105.829235685899093, 56.8045480083398 ], [ 105.827649, 56.805638 ], [ 105.82486, 56.805365 ], [ 105.822677, 56.805181 ], [ 105.821121, 56.805185 ], [ 105.819865292882866, 56.805125025928731 ], [ 105.820612, 56.804354 ], [ 105.821848, 56.800973 ], [ 105.81898, 56.79943 ], [ 105.819085017337343, 56.799276833449738 ], [ 105.818349, 56.798825 ], [ 105.817656, 56.798355 ], [ 105.816955, 56.797922 ], [ 105.815858, 56.797513 ], [ 105.813398233827016, 56.797033768629113 ], [ 105.813407, 56.796793 ], [ 105.811875, 56.796737 ], [ 105.811058, 56.796736 ], [ 105.808686, 56.796666 ], [ 105.805283, 56.796477 ], [ 105.805232988284075, 56.796281336284025 ], [ 105.809343, 56.793388 ], [ 105.809826, 56.793468 ], [ 105.81064, 56.793481 ], [ 105.812637, 56.793598 ], [ 105.815686, 56.788888 ], [ 105.817642, 56.789134 ], [ 105.817880898608337, 56.789164076283342 ], [ 105.8178176, 56.7873681 ], [ 105.8176277, 56.7871697 ], [ 105.8174874, 56.7868276 ], [ 105.8173165, 56.7866062 ], [ 105.817796274329453, 56.784268138004172 ], [ 105.814513, 56.785058 ], [ 105.810742484525079, 56.783131247594753 ], [ 105.810742, 56.783131 ], [ 105.808649, 56.783027 ], [ 105.806556, 56.782922 ], [ 105.804111, 56.782808 ], [ 105.801671, 56.782694 ], [ 105.799232, 56.78258 ], [ 105.798141760287507, 56.782047995972469 ], [ 105.7978204, 56.7820279 ], [ 105.792695642112804, 56.780584275285193 ], [ 105.79211952677619, 56.780945567953914 ], [ 105.79178, 56.780775 ], [ 105.790655, 56.781864 ], [ 105.787645, 56.779143 ], [ 105.785954, 56.779411 ], [ 105.782295, 56.776681 ], [ 105.782554375757556, 56.77583723558994 ], [ 105.782738936831805, 56.775236847691687 ], [ 105.783603, 56.772426 ], [ 105.784042, 56.772111 ], [ 105.784722, 56.771223 ], [ 105.784885, 56.770433 ], [ 105.785091534368235, 56.769736171001107 ], [ 105.7821829, 56.7719391 ], [ 105.7789706, 56.7736855 ], [ 105.777306668685071, 56.773334172273749 ], [ 105.776367070204913, 56.773994633365561 ], [ 105.77437021952457, 56.775398256517768 ], [ 105.773894, 56.775733 ], [ 105.773753880636619, 56.775573389462132 ], [ 105.772521613426022, 56.774169708860505 ], [ 105.7716019, 56.7746687 ], [ 105.7686515, 56.7748054 ], [ 105.752750685768788, 56.773962566044233 ], [ 105.752576, 56.776599 ], [ 105.754264, 56.776711 ], [ 105.755886, 56.776711 ], [ 105.75702, 56.776799 ], [ 105.758241, 56.776923 ], [ 105.759594, 56.777216 ], [ 105.759834, 56.777291 ], [ 105.762305, 56.777726 ], [ 105.762593, 56.777798 ], [ 105.764392, 56.778501 ], [ 105.764940916015078, 56.780231711619464 ], [ 105.7646, 56.780255 ], [ 105.75964, 56.780896 ], [ 105.764706, 56.783453 ], [ 105.765037, 56.783563 ], [ 105.765353, 56.783715 ], [ 105.765583, 56.783888 ], [ 105.765832, 56.784247 ], [ 105.766081, 56.784606 ], [ 105.766154, 56.784714 ], [ 105.767306, 56.786683 ], [ 105.767422, 56.786996 ], [ 105.767791, 56.788386 ], [ 105.767792, 56.788412 ], [ 105.767432, 56.78843 ], [ 105.76691, 56.788282 ], [ 105.76325, 56.78575 ], [ 105.762914, 56.785568 ], [ 105.761738, 56.784801 ], [ 105.761298, 56.784507 ], [ 105.759002018805447, 56.783984987305892 ], [ 105.755758, 56.786136 ], [ 105.755603, 56.786461 ], [ 105.750225, 56.787227 ], [ 105.746271, 56.787614 ], [ 105.740615, 56.785994 ], [ 105.736596, 56.781541 ], [ 105.733208613176458, 56.779785625380001 ], [ 105.73073, 56.780248 ], [ 105.728849, 56.780669 ], [ 105.728454, 56.780632 ], [ 105.72806, 56.780595 ], [ 105.725593, 56.780171 ], [ 105.725314, 56.78008 ], [ 105.720286, 56.778784 ], [ 105.719236, 56.77861 ], [ 105.718154, 56.778433 ], [ 105.717071, 56.778256 ], [ 105.717129, 56.7779 ], [ 105.719672, 56.777842 ], [ 105.723713, 56.778468 ], [ 105.726293, 56.777818 ], [ 105.727143, 56.777522 ], [ 105.724279259534569, 56.776794821152329 ], [ 105.721476, 56.776083 ], [ 105.720865, 56.775923 ], [ 105.720268, 56.775891 ], [ 105.714754453318122, 56.775894998945915 ], [ 105.714753, 56.775895 ], [ 105.712817519322329, 56.775604528170604 ], [ 105.712814, 56.775604 ], [ 105.710846, 56.775362 ], [ 105.710843369319846, 56.775361384665011 ], [ 105.705502123528902, 56.774112028894301 ], [ 105.705502, 56.774112 ], [ 105.705501853836665, 56.774111926429498 ], [ 105.702512, 56.772607 ], [ 105.701226975321106, 56.772282246484721 ], [ 105.701226, 56.772282 ], [ 105.700805151015444, 56.772471208138512 ], [ 105.698661, 56.771811 ], [ 105.695944, 56.770373 ], [ 105.695409, 56.770039 ], [ 105.694561, 56.769508 ], [ 105.693099, 56.76866 ], [ 105.692873265283751, 56.768514655363184 ], [ 105.692873, 56.768511 ], [ 105.691285543493379, 56.767474567446342 ], [ 105.691238692985394, 56.767445584849817 ], [ 105.690600797619041, 56.767050970899462 ], [ 105.690218, 56.766805 ], [ 105.688494, 56.765652 ], [ 105.687967626151789, 56.765340439923136 ], [ 105.684223, 56.763124 ], [ 105.683240677546664, 56.762618967361156 ], [ 105.682488, 56.762232 ], [ 105.682348226595593, 56.76217989784972 ], [ 105.682160012555698, 56.76210973889328 ], [ 105.681754567426935, 56.761958604540382 ], [ 105.681574751763094, 56.761891576175586 ], [ 105.679372878593384, 56.761070802529389 ], [ 105.678789160206037, 56.760853214761056 ], [ 105.674567, 56.758534 ], [ 105.673779, 56.7583 ], [ 105.670337439608559, 56.758080007645646 ], [ 105.669868, 56.75805 ], [ 105.667585, 56.757482 ], [ 105.669146, 56.758242 ], [ 105.673776, 56.759986 ], [ 105.674092, 56.760083 ], [ 105.677414, 56.762072 ], [ 105.68055, 56.762573 ], [ 105.681918, 56.7633 ], [ 105.68547, 56.765825 ], [ 105.687469, 56.766916 ], [ 105.687308, 56.767238 ], [ 105.68523, 56.767599 ], [ 105.681073, 56.765752 ], [ 105.677232, 56.764454 ], [ 105.676762032338473, 56.764326331619507 ], [ 105.676971, 56.764646 ], [ 105.676951, 56.764778 ], [ 105.67687, 56.764991 ], [ 105.674797, 56.766839 ], [ 105.674219, 56.766659 ], [ 105.674051, 56.766604 ], [ 105.672941, 56.766266 ], [ 105.672505, 56.766172 ], [ 105.672065, 56.766077 ], [ 105.671699, 56.76601 ], [ 105.671327, 56.765942 ], [ 105.670973, 56.765889 ], [ 105.670614, 56.765834 ], [ 105.670408, 56.765811 ], [ 105.670196, 56.765787 ], [ 105.664787, 56.768196 ], [ 105.664443, 56.768302 ], [ 105.659168, 56.770065 ], [ 105.658747, 56.770228 ], [ 105.658319, 56.770394 ], [ 105.658008, 56.7705 ], [ 105.657684, 56.770609 ], [ 105.657255, 56.770721 ], [ 105.656814, 56.770835 ], [ 105.655623, 56.771059 ], [ 105.650411, 56.772126 ], [ 105.648246317000783, 56.771672917093809 ], [ 105.643877, 56.771914 ], [ 105.643149, 56.772302 ], [ 105.639705, 56.773357 ], [ 105.639483, 56.773073 ], [ 105.642203, 56.770752 ], [ 105.642317, 56.770662 ], [ 105.64299, 56.770308 ], [ 105.643635, 56.769973 ], [ 105.647075379548085, 56.768529397822618 ], [ 105.648824, 56.764538 ], [ 105.649807, 56.763532 ], [ 105.653281, 56.760335 ], [ 105.655713, 56.759862 ], [ 105.655849, 56.75987 ], [ 105.657245, 56.760239 ], [ 105.657285053608717, 56.760243454000161 ], [ 105.657288, 56.760231 ], [ 105.657572, 56.760178 ], [ 105.657857, 56.760126 ], [ 105.660027, 56.759891 ], [ 105.665354, 56.757729 ], [ 105.663414606878646, 56.758420311668061 ], [ 105.662533, 56.758499 ], [ 105.661088, 56.758613 ], [ 105.659686, 56.758792 ], [ 105.657202, 56.759177 ], [ 105.653146, 56.755452 ], [ 105.652092, 56.755644 ], [ 105.651523, 56.75629 ], [ 105.651524854004862, 56.756964394267911 ], [ 105.64907, 56.755773 ], [ 105.646962, 56.752904 ], [ 105.646576, 56.752302 ], [ 105.646224, 56.75187 ], [ 105.643689, 56.751689 ], [ 105.642306326432632, 56.753140751537693 ], [ 105.6423146, 56.7531474 ], [ 105.6439284, 56.7550549 ], [ 105.6436481, 56.7573631 ], [ 105.6417244, 56.7600836 ], [ 105.641358667732803, 56.760262158083712 ], [ 105.641713, 56.761946 ], [ 105.639317, 56.766975 ], [ 105.638495, 56.767582 ], [ 105.637824, 56.768216 ], [ 105.636802, 56.769537 ], [ 105.634944, 56.772096 ], [ 105.637857, 56.774211 ], [ 105.639276, 56.778442 ], [ 105.637873, 56.780544 ], [ 105.640868, 56.782542 ], [ 105.640984979030961, 56.782515004839006 ], [ 105.6412616, 56.7820071 ] ] ] } },
{ "type": "Feature", "properties": { "AA_MINS": 30 }, "geometry": { "type": "Polygon", "coordinates": [ [ [ 105.8678697, 56.812501 ], [ 105.8693566, 56.8120971 ], [ 105.8701911, 56.8120827 ], [ 105.877410452560994, 56.812780294927258 ], [ 105.878477, 56.81275 ], [ 105.879307585509238, 56.811679562745134 ], [ 105.878071, 56.811776 ], [ 105.877085, 56.811807 ], [ 105.876098, 56.811838 ], [ 105.875491, 56.811042 ], [ 105.874503809306688, 56.81104308981493 ], [ 105.874414, 56.811262 ], [ 105.872722, 56.811324 ], [ 105.871029, 56.811387 ], [ 105.868795, 56.81147 ], [ 105.865753666555108, 56.811832549496629 ], [ 105.865321640232409, 56.812084574674792 ], [ 105.862768, 56.813876 ], [ 105.866375574106783, 56.81321684293507 ], [ 105.8678697, 56.812501 ] ] ] } },
{ "type": "Feature", "properties": { "AA_MINS": 30 }, "geometry": { "type": "Polygon", "coordinates": [ [ [ 105.8946275, 56.8135308 ], [ 105.8955499, 56.8132904 ], [ 105.8970609, 56.8130536 ], [ 105.8977138, 56.8136633 ], [ 105.8974919, 56.8163499 ], [ 105.896777534728812, 56.817444373516793 ], [ 105.899438, 56.816854 ], [ 105.90107, 56.815603 ], [ 105.905259, 56.812334 ], [ 105.908303, 56.809245 ], [ 105.912153, 56.808228 ], [ 105.91359, 56.808298 ], [ 105.914913, 56.808336 ], [ 105.915016, 56.804738 ], [ 105.910648, 56.801602 ], [ 105.909862, 56.801623 ], [ 105.907187, 56.801284 ], [ 105.903663, 56.799586 ], [ 105.903295012943374, 56.799391904216755 ], [ 105.903286, 56.799362 ], [ 105.902552, 56.799 ], [ 105.899848, 56.797996 ], [ 105.898472, 56.798622 ], [ 105.893936, 56.800128 ], [ 105.891185, 56.799857 ], [ 105.890401, 56.800298 ], [ 105.888402408107822, 56.801565226550295 ], [ 105.889272, 56.801478 ], [ 105.894184, 56.800386 ], [ 105.895134, 56.801538 ], [ 105.895205, 56.80189 ], [ 105.895124, 56.803106 ], [ 105.894355, 56.805698 ], [ 105.892038, 56.80825 ], [ 105.890443225880432, 56.808677663440996 ], [ 105.89064, 56.809899 ], [ 105.890573, 56.810253 ], [ 105.890396, 56.810219 ], [ 105.890218, 56.810186 ], [ 105.889921, 56.810103 ], [ 105.889338, 56.809957 ], [ 105.889027, 56.809888 ], [ 105.888487, 56.809686 ], [ 105.887972, 56.80949 ], [ 105.887508, 56.809253 ], [ 105.886103, 56.80878 ], [ 105.881789, 56.811235 ], [ 105.881687, 56.811494 ], [ 105.887398, 56.811005 ], [ 105.888676, 56.81147 ], [ 105.8892, 56.811583 ], [ 105.889919, 56.811778 ], [ 105.890572, 56.811876 ], [ 105.892329, 56.811211 ], [ 105.89413653544041, 56.813619947779756 ], [ 105.8946275, 56.8135308 ] ] ] } },
{ "type": "Feature", "properties": { "AA_MINS": 30 }, "geometry": { "type": "Polygon", "coordinates": [ [ [ 105.954586067358704, 56.818541272811515 ], [ 105.955537, 56.815924 ], [ 105.954497534357699, 56.818504970069618 ], [ 105.954586067358704, 56.818541272811515 ] ] ] } },
{ "type": "Feature", "properties": { "AA_MINS": 30 }, "geometry": { "type": "Polygon", "coordinates": [ [ [ 105.9593329, 56.8204877 ], [ 105.9615986, 56.8211215 ], [ 105.9629982, 56.8213057 ], [ 105.9646221, 56.822833 ], [ 105.9646573, 56.8227946 ], [ 105.9654097, 56.8234499 ], [ 105.9652867, 56.8234608 ], [ 105.9665482, 56.824673 ], [ 105.9691945, 56.8246673 ], [ 105.9698402, 56.8245507 ], [ 105.9705666, 56.8222164 ], [ 105.9719897, 56.8223197 ], [ 105.9731546, 56.8221562 ], [ 105.9744064, 56.8218774 ], [ 105.9751553, 56.8218762 ], [ 105.976764051600043, 56.821963476759876 ], [ 105.976862, 56.821907 ], [ 105.98238, 56.820126 ], [ 105.983057, 56.820467 ], [ 105.983366820477869, 56.820576549782231 ], [ 105.983934625622425, 56.820029895893626 ], [ 105.983849196942927, 56.819999256110258 ], [ 105.9829791, 56.8200684 ], [ 105.983055408300828, 56.81971455649672 ], [ 105.982078, 56.819364 ], [ 105.98128, 56.818975 ], [ 105.980586, 56.818694 ], [ 105.976055577980276, 56.816901333008758 ], [ 105.980109, 56.818667 ], [ 105.980226, 56.819008 ], [ 105.979731, 56.819292 ], [ 105.979067, 56.819226 ], [ 105.978534, 56.819132 ], [ 105.974869, 56.819034 ], [ 105.971775, 56.820361 ], [ 105.967066, 56.820628 ], [ 105.964412, 56.819622 ], [ 105.96336, 56.819387 ], [ 105.957431, 56.819346 ], [ 105.957244, 56.819624 ], [ 105.957238280183475, 56.819628806234718 ], [ 105.9593329, 56.8204877 ] ] ] } },
{ "type": "Feature", "properties": { "AA_MINS": 30 }, "geometry": { "type": "Polygon", "coordinates": [ [ [ 105.997763157105638, 56.823058383679893 ], [ 105.997756, 56.823058 ], [ 105.997693, 56.823054 ], [ 105.997145, 56.823025 ], [ 105.995384, 56.822893 ], [ 105.995353801016577, 56.822886747237952 ], [ 105.9927225, 56.8226993 ], [ 105.9898296, 56.8222569 ], [ 105.9898368, 56.8221776 ], [ 105.990434, 56.8222314 ], [ 105.9904751, 56.8222128 ], [ 105.9905109, 56.8222197 ], [ 105.9905216, 56.8221933 ], [ 105.988685076676717, 56.82198936879427 ], [ 105.990586, 56.822567 ], [ 105.991246, 56.822768 ], [ 105.991943, 56.822977 ], [ 105.992767, 56.823048 ], [ 105.993593, 56.82312 ], [ 105.995357, 56.823252 ], [ 105.997126, 56.823384 ], [ 105.997674, 56.823414 ], [ 105.998221, 56.823443 ], [ 105.998240532551478, 56.823092390700843 ], [ 105.997763157105638, 56.823058383679893 ] ] ] } },
{ "type": "Feature", "properties": { "AA_MINS": 30 }, "geometry": { "type": "Polygon", "coordinates": [ [ [ 105.879813230078156, 56.801156788955439 ], [ 105.8797, 56.80115 ], [ 105.873766016091238, 56.801242578510909 ], [ 105.873715, 56.801242 ], [ 105.870821, 56.801172 ], [ 105.865755, 56.801017 ], [ 105.862899075116886, 56.800890842622557 ], [ 105.861578232867032, 56.800805558215792 ], [ 105.860433581691311, 56.800731308079087 ], [ 105.857376068963418, 56.800340862068694 ], [ 105.85582, 56.800141 ], [ 105.854057, 56.799947 ], [ 105.853936124705271, 56.799946106832799 ], [ 105.853848, 56.799937 ], [ 105.853587655612912, 56.799943531938027 ], [ 105.853245, 56.799941 ], [ 105.853097919102765, 56.799955819233979 ], [ 105.853011, 56.799958 ], [ 105.852932607963083, 56.799972475268206 ], [ 105.852848, 56.799981 ], [ 105.847934, 56.800618 ], [ 105.847807604315733, 56.800610984549614 ], [ 105.844936844782197, 56.800451646268527 ], [ 105.844929032816609, 56.800451212674162 ], [ 105.844921, 56.800439 ], [ 105.844797005346805, 56.800443884637851 ], [ 105.844709, 56.800439 ], [ 105.844669984362937, 56.800448888494792 ], [ 105.844261, 56.800465 ], [ 105.843505480246435, 56.800744031513425 ], [ 105.843332, 56.800788 ], [ 105.839133, 56.801799 ], [ 105.840419, 56.801575 ], [ 105.842491, 56.801216 ], [ 105.843599, 56.801125 ], [ 105.843802, 56.801133 ], [ 105.844006, 56.801141 ], [ 105.847837, 56.802236 ], [ 105.852817, 56.801657 ], [ 105.85307, 56.801585 ], [ 105.853257, 56.801561 ], [ 105.853558, 56.801559 ], [ 105.85388, 56.801558 ], [ 105.854734, 56.801651 ], [ 105.855593, 56.801746 ], [ 105.858044758702249, 56.802059169349882 ], [ 105.862809, 56.802508 ], [ 105.865462, 56.802626 ], [ 105.868116, 56.802743 ], [ 105.868110608128603, 56.802872404913501 ], [ 105.868645, 56.802764 ], [ 105.869712, 56.802778 ], [ 105.87078, 56.802792 ], [ 105.872241, 56.802827 ], [ 105.8737, 56.802862 ], [ 105.87491, 56.802875 ], [ 105.876143, 56.802888 ], [ 105.876775, 56.80288 ], [ 105.876788, 56.80288 ], [ 105.878599, 56.80282 ], [ 105.884068, 56.802 ], [ 105.886876629625903, 56.801718273507937 ], [ 105.886118, 56.801165 ], [ 105.885153, 56.80063 ], [ 105.884515, 56.800673 ], [ 105.883497, 56.80079 ], [ 105.87991, 56.801153 ], [ 105.879813230078156, 56.801156788955439 ] ] ] } },
{ "type": "Feature", "properties": { "AA_MINS": 30 }, "geometry": { "type": "Polygon", "coordinates": [ [ [ 105.749334, 56.779294 ], [ 105.749797, 56.779368 ], [ 105.750343919646141, 56.779512511288615 ], [ 105.751563, 56.779648 ], [ 105.75213, 56.779738 ], [ 105.752696, 56.779827 ], [ 105.755459600047502, 56.780592171270634 ], [ 105.75964, 56.780896 ], [ 105.756449, 56.779197 ], [ 105.754574, 56.778909 ], [ 105.7527, 56.778621 ], [ 105.748251363613576, 56.779158953816548 ], [ 105.748871, 56.779221 ], [ 105.749334, 56.779294 ] ] ] } },
{ "type": "Feature", "properties": { "AA_MINS": 30 }, "geometry": { "type": "Polygon", "coordinates": [ [ [ 105.736567, 56.777268 ], [ 105.736781, 56.777252 ], [ 105.736994, 56.777236 ], [ 105.733335, 56.777314 ], [ 105.72817, 56.77769 ], [ 105.730192, 56.77791 ], [ 105.733025957365285, 56.777890772560646 ], [ 105.733585, 56.777707 ], [ 105.736567, 56.777268 ] ] ] } },
{ "type": "Feature", "properties": { "AA_MINS": 30 }, "geometry": { "type": "Polygon", "coordinates": [ [ [ 105.574066, 56.803428 ], [ 105.573847, 56.803387 ], [ 105.57384547514863, 56.803386930175158 ], [ 105.573867, 56.803391 ], [ 105.574066, 56.803428 ] ] ] } },
{ "type": "Feature", "properties": { "AA_MINS": 30 }, "geometry": { "type": "Polygon", "coordinates": [ [ [ 105.948349, 56.805865 ], [ 105.947276, 56.805308 ], [ 105.945577, 56.804437 ], [ 105.94522, 56.804311 ], [ 105.944847, 56.804179 ], [ 105.940102, 56.80256 ], [ 105.937789, 56.803143 ], [ 105.937616, 56.803459 ], [ 105.93838967399644, 56.804093291967334 ], [ 105.938845, 56.804128 ], [ 105.940304, 56.804924 ], [ 105.941718, 56.806822 ], [ 105.942107, 56.807038 ], [ 105.942495, 56.807253 ], [ 105.943326, 56.807652 ], [ 105.944146, 56.808046 ], [ 105.944764, 56.808338 ], [ 105.945381, 56.80863 ], [ 105.945656, 56.808681 ], [ 105.947937, 56.809324 ], [ 105.94909942182197, 56.809724028962194 ], [ 105.951517, 56.810556 ], [ 105.951986, 56.810851 ], [ 105.952458, 56.811146 ], [ 105.952488, 56.811166 ], [ 105.952686, 56.810866 ], [ 105.955552, 56.810513 ], [ 105.957773, 56.811447 ], [ 105.9581236769273, 56.81151010179186 ], [ 105.954549, 56.809793 ], [ 105.953528, 56.809062 ], [ 105.950118, 56.806938 ], [ 105.949884105010597, 56.806764744452295 ], [ 105.949416, 56.806418 ], [ 105.948349, 56.805865 ] ] ] } },
{ "type": "Feature", "properties": { "AA_MINS": 30 }, "geometry": { "type": "Polygon", "coordinates": [ [ [ 105.863464, 56.803815 ], [ 105.867176497069451, 56.803061895498942 ], [ 105.865447, 56.802985 ], [ 105.862793, 56.802868 ], [ 105.86153, 56.802786 ], [ 105.86027, 56.802705 ], [ 105.860227, 56.802701 ], [ 105.85965, 56.802651 ], [ 105.859073, 56.8026 ], [ 105.857303, 56.802351 ], [ 105.855360605022824, 56.80301 ], [ 105.855596, 56.80301 ], [ 105.855974, 56.803009 ], [ 105.856199, 56.803023 ], [ 105.856412, 56.803038 ], [ 105.85677, 56.803088 ], [ 105.857115, 56.803136 ], [ 105.858292540273808, 56.803366176570719 ], [ 105.858303, 56.803285 ], [ 105.860176, 56.803524 ], [ 105.862049, 56.803763 ], [ 105.862352, 56.803784 ], [ 105.863464, 56.803815 ] ] ] } },
{ "type": "Feature", "properties": { "AA_MINS": 45 }, "geometry": { "type": "Polygon", "coordinates": [ [ [ 105.5662098, 56.8008956 ], [ 105.565827090048231, 56.801103152954568 ], [ 105.565222, 56.80183 ], [ 105.565202283036626, 56.801842472125678 ], [ 105.5656086, 56.8022421 ], [ 105.565694811061405, 56.802271531244237 ], [ 105.566626, 56.801204 ], [ 105.568661, 56.797699 ], [ 105.566500358024939, 56.800294409130267 ], [ 105.5662098, 56.8008956 ] ] ] } },
{ "type": "Feature", "properties": { "AA_MINS": 45 }, "geometry": { "type": "Polygon", "coordinates": [ [ [ 105.577998006781101, 56.804241084762729 ], [ 105.577565, 56.803492 ], [ 105.576753, 56.803469 ], [ 105.577317445097194, 56.804268230049324 ], [ 105.577998006781101, 56.804241084762729 ] ] ] } },
{ "type": "Feature", "properties": { "AA_MINS": 45 }, "geometry": { "type": "Polygon", "coordinates": [ [ [ 105.603409758967999, 56.814080906187598 ], [ 105.60334, 56.813273 ], [ 105.603254, 56.812316 ], [ 105.603478, 56.809918 ], [ 105.603487, 56.809586 ], [ 105.603485, 56.809319 ], [ 105.603462, 56.809152 ], [ 105.599746, 56.810363 ], [ 105.599387, 56.810382 ], [ 105.599378405451333, 56.810218978601178 ], [ 105.599378, 56.810219 ], [ 105.599433, 56.81126 ], [ 105.599484, 56.812229 ], [ 105.599536, 56.813199 ], [ 105.599829135697988, 56.81457089602354 ], [ 105.603409758967999, 56.814080906187598 ] ] ] } },
{ "type": "Feature", "properties": { "AA_MINS": 45 }, "geometry": { "type": "Polygon", "coordinates": [ [ [ 105.6327583, 56.7907627 ], [ 105.6345496, 56.7896931 ], [ 105.6358205, 56.7888792 ], [ 105.6370944, 56.7869656 ], [ 105.6379498, 56.7853045 ], [ 105.6394473, 56.782486 ], [ 105.6408766, 56.782714 ], [ 105.640984979030961, 56.782515004839006 ], [ 105.640868, 56.782542 ], [ 105.637873, 56.780544 ], [ 105.639276, 56.778442 ], [ 105.637857, 56.774211 ], [ 105.634944, 56.772096 ], [ 105.636802, 56.769537 ], [ 105.637824, 56.768216 ], [ 105.638495, 56.767582 ], [ 105.639317, 56.766975 ], [ 105.641713, 56.761946 ], [ 105.641358667732803, 56.760262158083712 ], [ 105.637464749573098, 56.762163249748518 ], [ 105.637531503511511, 56.762303848069571 ], [ 105.637386, 56.762377 ], [ 105.63625, 56.762947 ], [ 105.635873, 56.763136 ], [ 105.635311, 56.7636 ], [ 105.634701, 56.764402 ], [ 105.632323129144893, 56.767619836961501 ], [ 105.631984387857756, 56.768116941205676 ], [ 105.633742, 56.77123 ], [ 105.631789931750802, 56.774661612041243 ], [ 105.630458, 56.775492 ], [ 105.626911797014742, 56.775741349256698 ], [ 105.626884561434878, 56.775743264311089 ], [ 105.6269054, 56.7757572 ], [ 105.6268364, 56.7766939 ], [ 105.6264396, 56.776736 ], [ 105.6264474, 56.7766612 ], [ 105.625746692748223, 56.776786908598247 ], [ 105.624771, 56.778254 ], [ 105.624218, 56.779546 ], [ 105.62396, 56.781965 ], [ 105.629169, 56.783913 ], [ 105.629519, 56.7845 ], [ 105.630511287055413, 56.788265408674199 ], [ 105.630404, 56.788234 ], [ 105.62999, 56.788726 ], [ 105.629755, 56.788998 ], [ 105.629073, 56.791093 ], [ 105.628835, 56.7916 ], [ 105.62879, 56.791792 ], [ 105.6267, 56.795597 ], [ 105.621554978048096, 56.798017539865057 ], [ 105.621922, 56.797984 ], [ 105.62192201707775, 56.797984185785317 ], [ 105.621946, 56.797982 ], [ 105.621979, 56.798341 ], [ 105.620036, 56.800819 ], [ 105.619718, 56.800968 ], [ 105.619453, 56.801022 ], [ 105.619420547445259, 56.801026507299269 ], [ 105.61942, 56.801027 ], [ 105.619226, 56.801054 ], [ 105.619032, 56.80108 ], [ 105.618826, 56.801087 ], [ 105.618641, 56.801091 ], [ 105.618620432218705, 56.80109045395271 ], [ 105.61862, 56.801091 ], [ 105.61841, 56.801085 ], [ 105.618199, 56.801079 ], [ 105.618001, 56.801062 ], [ 105.617813, 56.801045 ], [ 105.617571, 56.800997 ], [ 105.617349, 56.800952 ], [ 105.617138, 56.800886 ], [ 105.616947, 56.800824 ], [ 105.616656, 56.8007 ], [ 105.618145, 56.806508 ], [ 105.618017, 56.806816 ], [ 105.617875, 56.807198 ], [ 105.617882, 56.807447 ], [ 105.617892, 56.807728 ], [ 105.617943, 56.80797 ], [ 105.618012, 56.808259 ], [ 105.61814, 56.808498 ], [ 105.61814071204428, 56.808499181436609 ], [ 105.618266, 56.808732 ], [ 105.618277358960981, 56.808725908443641 ], [ 105.618319, 56.808795 ], [ 105.618634, 56.80903 ], [ 105.618635623376633, 56.809030974025987 ], [ 105.618637, 56.809032 ], [ 105.618639, 56.809033 ], [ 105.618955, 56.809269 ], [ 105.61917, 56.80898 ], [ 105.620819002860969, 56.804413729774012 ], [ 105.620794, 56.804126 ], [ 105.620947, 56.803896 ], [ 105.62108, 56.803691 ], [ 105.621312, 56.803198 ], [ 105.621531, 56.802727 ], [ 105.622453810173951, 56.801861462569256 ], [ 105.622723702696319, 56.801778774909216 ], [ 105.625253, 56.799236 ], [ 105.625716, 56.799048 ], [ 105.626202, 56.798848 ], [ 105.626496, 56.798675 ], [ 105.626813, 56.798487 ], [ 105.626971, 56.798357 ], [ 105.627139, 56.798219 ], [ 105.627517, 56.797862 ], [ 105.627898, 56.797502 ], [ 105.629072, 56.796334 ], [ 105.630249, 56.795164 ], [ 105.6305, 56.794904 ], [ 105.630689, 56.794665 ], [ 105.630808, 56.794455 ], [ 105.630938, 56.794221 ], [ 105.631072, 56.79387 ], [ 105.631356508197285, 56.792762655735523 ], [ 105.631503, 56.792195 ], [ 105.631502633697679, 56.792193915585699 ], [ 105.631517, 56.792138 ], [ 105.631036933946746, 56.789760797915974 ], [ 105.632624498093392, 56.791879265867095 ], [ 105.6327583, 56.7907627 ] ] ] } },
{ "type": "Feature", "properties": { "AA_MINS": 45 }, "geometry": { "type": "Polygon", "coordinates": [ [ [ 105.6659131, 56.771422 ], [ 105.667121358097916, 56.771397611086542 ], [ 105.663198, 56.769523 ], [ 105.662535, 56.769973 ], [ 105.659754, 56.771575 ], [ 105.659176514474638, 56.771797645021827 ], [ 105.6659131, 56.771422 ] ] ] } },
{ "type": "Feature", "properties": { "AA_MINS": 45 }, "geometry": { "type": "Polygon", "coordinates": [ [ [ 105.6903613, 56.7766674 ], [ 105.690722, 56.7769273 ], [ 105.6944324, 56.7796468 ], [ 105.6951871, 56.7801965 ], [ 105.6962223, 56.7817483 ], [ 105.6965588, 56.781928 ], [ 105.6969635, 56.7822345 ], [ 105.698101, 56.7828693 ], [ 105.6992255, 56.7828898 ], [ 105.700239, 56.7829536 ], [ 105.7018452, 56.7828822 ], [ 105.7025597, 56.7829242 ], [ 105.7033648, 56.7829118 ], [ 105.7046568, 56.7830655 ], [ 105.704708521983832, 56.783077142326121 ], [ 105.704886, 56.783047 ], [ 105.700703, 56.779432 ], [ 105.699524, 56.775983 ], [ 105.699524035866077, 56.775982887889882 ], [ 105.699511, 56.775979 ], [ 105.697387, 56.775178 ], [ 105.695352, 56.774408 ], [ 105.694718, 56.774107 ], [ 105.691568439221328, 56.771958519845192 ], [ 105.691074, 56.772763 ], [ 105.688175961706975, 56.775546378024252 ], [ 105.6903613, 56.7766674 ] ] ] } },
{ "type": "Feature", "properties": { "AA_MINS": 45 }, "geometry": { "type": "Polygon", "coordinates": [ [ [ 105.7234236, 56.789153 ], [ 105.7238693, 56.7880844 ], [ 105.7273162, 56.7863738 ], [ 105.729861438769817, 56.785859768873813 ], [ 105.729071132250269, 56.785708555979951 ], [ 105.728977, 56.785709 ], [ 105.728024, 56.785734 ], [ 105.726095207003866, 56.785736297823441 ], [ 105.723108, 56.786416 ], [ 105.721928, 56.786674 ], [ 105.71725, 56.784553 ], [ 105.720834, 56.788368 ], [ 105.722196022041913, 56.790295018673348 ], [ 105.7234236, 56.789153 ] ] ] } },
{ "type": "Feature", "properties": { "AA_MINS": 45 }, "geometry": { "type": "Polygon", "coordinates": [ [ [ 105.753386023464302, 56.802423277381116 ], [ 105.753627822120706, 56.804433802601679 ], [ 105.7538579, 56.8044934 ], [ 105.7540042, 56.804495 ], [ 105.7553326, 56.8039678 ], [ 105.7543652, 56.8038772 ], [ 105.7550055, 56.8036625 ], [ 105.756006184540155, 56.803734358022467 ], [ 105.754672, 56.802263 ], [ 105.754645037107366, 56.802093292381628 ], [ 105.753386023464302, 56.802423277381116 ] ] ] } },
{ "type": "Feature", "properties": { "AA_MINS": 45 }, "geometry": { "type": "Polygon", "coordinates": [ [ [ 105.8092035, 56.8117491 ], [ 105.8132612, 56.8129532 ], [ 105.8134984, 56.8129977 ], [ 105.8138432, 56.8130278 ], [ 105.8141617, 56.8129652 ], [ 105.8151851, 56.8131035 ], [ 105.8165336, 56.8131492 ], [ 105.8201338, 56.8130084 ], [ 105.8211946, 56.8128701 ], [ 105.8215921, 56.8128388 ], [ 105.8218183, 56.8128016 ], [ 105.8227675, 56.8125469 ], [ 105.823255, 56.8124495 ], [ 105.8235558, 56.8123289 ], [ 105.8261705, 56.8118394 ], [ 105.827387455773263, 56.811991499639468 ], [ 105.82683, 56.81128 ], [ 105.823962, 56.811295 ], [ 105.823459, 56.811256 ], [ 105.819089, 56.810734 ], [ 105.818948, 56.809205 ], [ 105.819015630061713, 56.806002360630352 ], [ 105.818402794538031, 56.806635155025866 ], [ 105.817934, 56.808497 ], [ 105.814511049266656, 56.809702254746668 ], [ 105.814451, 56.80974 ], [ 105.814372510929175, 56.809751035463037 ], [ 105.81291, 56.810266 ], [ 105.81182, 56.810193 ], [ 105.811481617668534, 56.810157491360428 ], [ 105.811478, 56.810158 ], [ 105.811280204171524, 56.810137186233113 ], [ 105.807841, 56.810942 ], [ 105.807351, 56.810917 ], [ 105.806879, 56.810856 ], [ 105.806701081957101, 56.810777820837323 ], [ 105.80621168965898, 56.81104277636404 ], [ 105.8092035, 56.8117491 ] ] ] } },
{ "type": "Feature", "properties": { "AA_MINS": 45 }, "geometry": { "type": "Polygon", "coordinates": [ [ [ 105.8291056, 56.8150422 ], [ 105.828979552380787, 56.81639729805179 ], [ 105.830043004992078, 56.817430538941174 ], [ 105.82986, 56.817074 ], [ 105.829754, 56.815012 ], [ 105.829410070367913, 56.814573030989422 ], [ 105.8291056, 56.8150422 ] ] ] } },
{ "type": "Feature", "properties": { "AA_MINS": 45 }, "geometry": { "type": "Polygon", "coordinates": [ [ [ 105.856364508029827, 56.817176119208533 ], [ 105.855805, 56.817173 ], [ 105.8556268068522, 56.817139083295437 ], [ 105.855572330557607, 56.817198086663979 ], [ 105.856364508029827, 56.817176119208533 ] ] ] } },
{ "type": "Feature", "properties": { "AA_MINS": 45 }, "geometry": { "type": "Polygon", "coordinates": [ [ [ 105.8966163, 56.8176914 ], [ 105.89635, 56.8183234 ], [ 105.8974835, 56.8184605 ], [ 105.8978828, 56.8196786 ], [ 105.9028966, 56.8202499 ], [ 105.906361816486054, 56.820673379169719 ], [ 105.906268434262429, 56.820149115189828 ], [ 105.905216, 56.8174572 ], [ 105.905834002411154, 56.817186733062414 ], [ 105.90586077616932, 56.816727824317297 ], [ 105.90590054131529, 56.816046240016668 ], [ 105.906079630533668, 56.815963497443349 ], [ 105.905975, 56.81477 ], [ 105.90785, 56.810305 ], [ 105.910124, 56.809683 ], [ 105.910975, 56.808948 ], [ 105.91359, 56.808298 ], [ 105.912153, 56.808228 ], [ 105.908303, 56.809245 ], [ 105.905259, 56.812334 ], [ 105.90107, 56.815603 ], [ 105.899438, 56.816854 ], [ 105.896777534728812, 56.817444373516793 ], [ 105.8966163, 56.8176914 ] ] ] } },
{ "type": "Feature", "properties": { "AA_MINS": 45 }, "geometry": { "type": "Polygon", "coordinates": [ [ [ 105.9345033, 56.8095466 ], [ 105.934928829627026, 56.809608972081847 ], [ 105.934367, 56.809149 ], [ 105.936746, 56.803968 ], [ 105.93838967399644, 56.804093291967334 ], [ 105.937616, 56.803459 ], [ 105.937789, 56.803143 ], [ 105.940102, 56.80256 ], [ 105.944847, 56.804179 ], [ 105.94522, 56.804311 ], [ 105.945577, 56.804437 ], [ 105.940149, 56.802038 ], [ 105.93998, 56.801971 ], [ 105.939797, 56.801898 ], [ 105.938294, 56.801433 ], [ 105.936791, 56.800967 ], [ 105.935288, 56.800501 ], [ 105.93361, 56.800075 ], [ 105.933128, 56.800018 ], [ 105.93206160697045, 56.800435786013743 ], [ 105.932009, 56.800298 ], [ 105.930345, 56.799503 ], [ 105.929889, 56.799595 ], [ 105.929405, 56.79974 ], [ 105.927528, 56.800475 ], [ 105.925051, 56.795218 ], [ 105.923789734619177, 56.79482393798552 ], [ 105.921271, 56.794037 ], [ 105.920155, 56.793955 ], [ 105.919111, 56.794164 ], [ 105.918184, 56.794584 ], [ 105.917425546360349, 56.795371341496889 ], [ 105.915611, 56.797255 ], [ 105.9154755606924, 56.797405113551754 ], [ 105.91547536554026, 56.79740532984777 ], [ 105.915475, 56.797405 ], [ 105.913718482409223, 56.799352503298508 ], [ 105.913658735912747, 56.799418746016244 ], [ 105.912792, 56.800117 ], [ 105.907187, 56.801284 ], [ 105.909862, 56.801623 ], [ 105.910648, 56.801602 ], [ 105.915016, 56.804738 ], [ 105.914913, 56.808336 ], [ 105.91359, 56.808298 ], [ 105.916558, 56.811225 ], [ 105.917506, 56.810836 ], [ 105.920762, 56.809442 ], [ 105.925994, 56.806896 ], [ 105.926556, 56.806794 ], [ 105.927069, 56.806678 ], [ 105.928998, 56.806156 ], [ 105.929905945415086, 56.805759250742994 ], [ 105.931448, 56.806314 ], [ 105.932047634278902, 56.809820617050349 ], [ 105.9345033, 56.8095466 ] ] ] } },
{ "type": "Feature", "properties": { "AA_MINS": 45 }, "geometry": { "type": "Polygon", "coordinates": [ [ [ 105.9769783, 56.8219751 ], [ 105.9891427, 56.8232399 ], [ 105.989169, 56.8231714 ], [ 105.9947078, 56.8237056 ], [ 105.9947451, 56.8236347 ], [ 105.9956961, 56.8237332 ], [ 105.9956732, 56.8238076 ], [ 105.997659, 56.8239858 ], [ 106.0022813, 56.8239786 ], [ 106.0038759, 56.8237834 ], [ 106.0038606, 56.8235767 ], [ 106.0053101, 56.823501 ], [ 106.0063348, 56.8234099 ], [ 106.0071647, 56.8231925 ], [ 106.007896, 56.8229351 ], [ 106.0082724, 56.8227373 ], [ 106.0093042, 56.8222304 ], [ 106.0084101, 56.8218977 ], [ 106.0073988, 56.8224423 ], [ 106.0063697, 56.8228266 ], [ 106.0050034, 56.8231324 ], [ 106.0038394, 56.8232763 ], [ 106.0022883, 56.8232604 ], [ 106.0022847, 56.8232174 ], [ 106.0017497, 56.8231852 ], [ 106.0017139, 56.823239 ], [ 105.9995902, 56.8231347 ], [ 105.9995598, 56.823075 ], [ 105.999488229477791, 56.82306871513336 ], [ 105.999333, 56.823082 ], [ 105.999199431224852, 56.823083802547572 ], [ 105.9990394, 56.8231493 ], [ 105.998240532551478, 56.823092390700843 ], [ 105.998221, 56.823443 ], [ 105.997674, 56.823414 ], [ 105.997126, 56.823384 ], [ 105.995357, 56.823252 ], [ 105.993593, 56.82312 ], [ 105.992767, 56.823048 ], [ 105.991943, 56.822977 ], [ 105.991246, 56.822768 ], [ 105.990586, 56.822567 ], [ 105.988685076676717, 56.82198936879427 ], [ 105.9885926, 56.8219791 ], [ 105.9852496, 56.8214131 ], [ 105.9847011, 56.821315 ], [ 105.984049, 56.8212257 ], [ 105.9827022, 56.8209931 ], [ 105.983033, 56.8209187 ], [ 105.9830938, 56.8208394 ], [ 105.983366820477869, 56.820576549782231 ], [ 105.983057, 56.820467 ], [ 105.98238, 56.820126 ], [ 105.976862, 56.821907 ], [ 105.976764051600043, 56.821963476759876 ], [ 105.9769783, 56.8219751 ] ] ] } },
{ "type": "Feature", "properties": { "AA_MINS": 45 }, "geometry": { "type": "Polygon", "coordinates": [ [ [ 105.8348872, 56.7919164 ], [ 105.834195, 56.7918459 ], [ 105.8293597, 56.7918322 ], [ 105.8273597, 56.7916654 ], [ 105.8248852, 56.7916658 ], [ 105.8222256, 56.7919587 ], [ 105.8218678, 56.7918155 ], [ 105.8179216, 56.7903189 ], [ 105.817880898608337, 56.789164076283342 ], [ 105.817642, 56.789134 ], [ 105.815686, 56.788888 ], [ 105.812637, 56.793598 ], [ 105.81064, 56.793481 ], [ 105.809826, 56.793468 ], [ 105.809343, 56.793388 ], [ 105.805232988284075, 56.796281336284025 ], [ 105.805283, 56.796477 ], [ 105.808686, 56.796666 ], [ 105.811058, 56.796736 ], [ 105.811875, 56.796737 ], [ 105.813407, 56.796793 ], [ 105.813398233827016, 56.797033768629113 ], [ 105.815858, 56.797513 ], [ 105.816955, 56.797922 ], [ 105.817656, 56.798355 ], [ 105.818349, 56.798825 ], [ 105.819085017337343, 56.799276833449738 ], [ 105.822208, 56.794722 ], [ 105.822991, 56.794723 ], [ 105.824995, 56.794676 ], [ 105.825602, 56.794668 ], [ 105.82633, 56.79472 ], [ 105.827852, 56.79492 ], [ 105.828942, 56.795054 ], [ 105.830579, 56.795217 ], [ 105.833233, 56.795433 ], [ 105.835195580703683, 56.792000716003216 ], [ 105.8348872, 56.7919164 ] ] ] } },
{ "type": "Feature", "properties": { "AA_MINS": 45 }, "geometry": { "type": "Polygon", "coordinates": [ [ [ 105.817798320906888, 56.784258164513261 ], [ 105.814511, 56.785049 ], [ 105.810857, 56.783137 ], [ 105.810744255328402, 56.783131336546731 ], [ 105.810742484525079, 56.783131247594753 ], [ 105.814513, 56.785058 ], [ 105.817796274329453, 56.784268138004172 ], [ 105.817798320906888, 56.784258164513261 ] ] ] } },
{ "type": "Feature", "properties": { "AA_MINS": 45 }, "geometry": { "type": "Polygon", "coordinates": [ [ [ 105.798141760287507, 56.782047995972469 ], [ 105.799232, 56.78258 ], [ 105.801671, 56.782694 ], [ 105.804111, 56.782808 ], [ 105.806556, 56.782922 ], [ 105.808649, 56.783027 ], [ 105.810330936160213, 56.783110574467585 ], [ 105.808724671884576, 56.783029887703968 ], [ 105.808707, 56.783029 ], [ 105.807320485153056, 56.782960028782604 ], [ 105.806735199923551, 56.782930914175651 ], [ 105.806122520797018, 56.782547065551761 ], [ 105.798141760287507, 56.782047995972469 ] ] ] } },
{ "type": "Feature", "properties": { "AA_MINS": 45 }, "geometry": { "type": "Polygon", "coordinates": [ [ [ 105.7924554, 56.7805166 ], [ 105.7919367, 56.7801832 ], [ 105.791813267275259, 56.779099958684839 ], [ 105.788528, 56.777424 ], [ 105.787828, 56.777352 ], [ 105.782554375757556, 56.77583723558994 ], [ 105.782295, 56.776681 ], [ 105.785954, 56.779411 ], [ 105.787645, 56.779143 ], [ 105.790655, 56.781864 ], [ 105.79178, 56.780775 ], [ 105.79211952677619, 56.780945567953914 ], [ 105.792695642112804, 56.780584275285193 ], [ 105.7924554, 56.7805166 ] ] ] } },
{ "type": "Feature", "properties": { "AA_MINS": 45 }, "geometry": { "type": "Polygon", "coordinates": [ [ [ 105.7853487, 56.7695414 ], [ 105.785091534368235, 56.769736171001107 ], [ 105.784885, 56.770433 ], [ 105.784722, 56.771223 ], [ 105.785742480995623, 56.769550159479671 ], [ 105.7853487, 56.7695414 ] ] ] } },
{ "type": "Feature", "properties": { "AA_MINS": 45 }, "geometry": { "type": "Polygon", "coordinates": [ [ [ 105.7517703, 56.7739106 ], [ 105.7511847, 56.7741693 ], [ 105.7488511, 56.7736497 ], [ 105.7483626, 56.7737552 ], [ 105.7475037, 56.773525 ], [ 105.7446393, 56.7740012 ], [ 105.7395489, 56.7741748 ], [ 105.7335804, 56.7741567 ], [ 105.731779033704811, 56.774091878968179 ], [ 105.731791, 56.77605 ], [ 105.734661, 56.776032 ], [ 105.737996, 56.776012 ], [ 105.743097, 56.77646 ], [ 105.744293, 56.776518 ], [ 105.747107736217913, 56.778406485132756 ], [ 105.745537139482423, 56.77888716982828 ], [ 105.748251363613562, 56.779158953816548 ], [ 105.7527, 56.778621 ], [ 105.754574, 56.778909 ], [ 105.756449, 56.779197 ], [ 105.75964, 56.780896 ], [ 105.7646, 56.780255 ], [ 105.764940916015078, 56.780231711619464 ], [ 105.764392, 56.778501 ], [ 105.762593, 56.777798 ], [ 105.762305, 56.777726 ], [ 105.759834, 56.777291 ], [ 105.759594, 56.777216 ], [ 105.758241, 56.776923 ], [ 105.75702, 56.776799 ], [ 105.755886, 56.776711 ], [ 105.754264, 56.776711 ], [ 105.752576, 56.776599 ], [ 105.752750685768788, 56.773962566044233 ], [ 105.7517703, 56.7739106 ] ] ] } },
{ "type": "Feature", "properties": { "AA_MINS": 45 }, "geometry": { "type": "Polygon", "coordinates": [ [ [ 105.6372462, 56.746286 ], [ 105.6367414, 56.7465145 ], [ 105.6369345, 56.7467239 ], [ 105.6368621, 56.7467604 ], [ 105.6365101, 56.7465254 ], [ 105.636344, 56.7465597 ], [ 105.6361721, 56.7468008 ], [ 105.6359606, 56.7466397 ], [ 105.6356483, 56.7467527 ], [ 105.6353204, 56.7471341 ], [ 105.6368936, 56.7487912 ], [ 105.642306326432632, 56.753140751537693 ], [ 105.643689, 56.751689 ], [ 105.646224, 56.75187 ], [ 105.646576, 56.752302 ], [ 105.646962, 56.752904 ], [ 105.64907, 56.755773 ], [ 105.651524854004862, 56.756964394267911 ], [ 105.651523, 56.75629 ], [ 105.652092, 56.755644 ], [ 105.647574, 56.753154 ], [ 105.645922, 56.751362 ], [ 105.642348828717729, 56.748955930520303 ], [ 105.63903, 56.746284 ], [ 105.63846041484814, 56.74581125473685 ], [ 105.6372462, 56.746286 ] ] ] } },
{ "type": "Feature", "properties": { "AA_MINS": 45 }, "geometry": { "type": "Polygon", "coordinates": [ [ [ 105.599323026665701, 56.809173324426084 ], [ 105.599378, 56.810219 ], [ 105.599341310345451, 56.809518839092192 ], [ 105.599323026665701, 56.809173324426084 ] ] ] } },
{ "type": "Feature", "properties": { "AA_MINS": 45 }, "geometry": { "type": "Polygon", "coordinates": [ [ [ 105.60316, 56.807055 ], [ 105.603157, 56.807037 ], [ 105.603156900696334, 56.807037087075429 ], [ 105.60316, 56.807055 ] ] ] } },
{ "type": "Feature", "properties": { "AA_MINS": 45 }, "geometry": { "type": "Polygon", "coordinates": [ [ [ 105.712045, 56.783007 ], [ 105.712147, 56.783023 ], [ 105.712854610062493, 56.782842042412383 ], [ 105.711128, 56.780993 ], [ 105.706483, 56.782775 ], [ 105.712045, 56.783007 ] ] ] } },
{ "type": "Feature", "properties": { "AA_MINS": 45 }, "geometry": { "type": "Polygon", "coordinates": [ [ [ 105.903663, 56.799586 ], [ 105.903286, 56.799362 ], [ 105.903295012943374, 56.799391904216755 ], [ 105.903663, 56.799586 ] ] ] } },
{ "type": "Feature", "properties": { "AA_MINS": 45 }, "geometry": { "type": "Polygon", "coordinates": [ [ [ 105.885153, 56.80063 ], [ 105.886118, 56.801165 ], [ 105.886876629625903, 56.801718273507937 ], [ 105.888402408107822, 56.801565226550295 ], [ 105.890401, 56.800298 ], [ 105.885153, 56.80063 ] ] ] } },
{ "type": "Feature", "properties": { "AA_MINS": 45 }, "geometry": { "type": "Polygon", "coordinates": [ [ [ 105.844929032816609, 56.800451212674162 ], [ 105.844936844782197, 56.800451646268527 ], [ 105.844921, 56.800439 ], [ 105.844929032816609, 56.800451212674162 ] ] ] } },
{ "type": "Feature", "properties": { "AA_MINS": 45 }, "geometry": { "type": "Polygon", "coordinates": [ [ [ 105.822677, 56.805181 ], [ 105.82486, 56.805365 ], [ 105.827649, 56.805638 ], [ 105.829235685899093, 56.8045480083398 ], [ 105.829575, 56.803195 ], [ 105.824873897107267, 56.805358604088497 ], [ 105.821848, 56.800973 ], [ 105.820612, 56.804354 ], [ 105.819865292882866, 56.805125025928731 ], [ 105.821121, 56.805185 ], [ 105.822677, 56.805181 ] ] ] } },
{ "type": "Feature", "properties": { "AA_MINS": 45 }, "geometry": { "type": "Polygon", "coordinates": [ [ [ 105.773894, 56.775733 ], [ 105.77437021952457, 56.775398256517768 ], [ 105.773753880636619, 56.775573389462132 ], [ 105.773894, 56.775733 ] ] ] } },
{ "type": "Feature", "properties": { "AA_MINS": 45 }, "geometry": { "type": "Polygon", "coordinates": [ [ [ 105.714753, 56.775895 ], [ 105.712862, 56.77561 ], [ 105.712817519322329, 56.775604528170604 ], [ 105.714753, 56.775895 ] ] ] } },
{ "type": "Feature", "properties": { "AA_MINS": 45 }, "geometry": { "type": "Polygon", "coordinates": [ [ [ 105.705502, 56.774112 ], [ 105.705502123528902, 56.774112028894301 ], [ 105.70550185383668, 56.774111926429505 ], [ 105.705502, 56.774112 ] ] ] } },
{ "type": "Feature", "properties": { "AA_MINS": 45 }, "geometry": { "type": "Polygon", "coordinates": [ [ [ 105.691285543493379, 56.767474567446342 ], [ 105.692873, 56.768511 ], [ 105.692873265283751, 56.768514655363184 ], [ 105.693099, 56.76866 ], [ 105.694561, 56.769508 ], [ 105.695409, 56.770039 ], [ 105.695944, 56.770373 ], [ 105.698661, 56.771811 ], [ 105.700805151015444, 56.772471208138512 ], [ 105.701226, 56.772282 ], [ 105.696965112685845, 56.770696154657458 ], [ 105.694654686388716, 56.769559751431132 ], [ 105.694377, 56.769387 ], [ 105.69426019006076, 56.769320781656518 ], [ 105.692654102920912, 56.768321183788906 ], [ 105.691285543493379, 56.767474567446342 ] ] ] } },
{ "type": "Feature", "properties": { "AA_MINS": 45 }, "geometry": { "type": "Polygon", "coordinates": [ [ [ 105.687967626151789, 56.765340439923136 ], [ 105.688317927868269, 56.76554778310723 ], [ 105.688208, 56.765474 ], [ 105.687967626151789, 56.765340439923136 ] ] ] } },
{ "type": "Feature", "properties": { "AA_MINS": 60 }, "geometry": { "type": "Polygon", "coordinates": [ [ [ 105.599829135697988, 56.81457089602354 ], [ 105.599536, 56.813199 ], [ 105.599666625096503, 56.814593134761594 ], [ 105.599829135697988, 56.81457089602354 ] ] ] } },
{ "type": "Feature", "properties": { "AA_MINS": 60 }, "geometry": { "type": "Polygon", "coordinates": [ [ [ 105.6279175300715, 56.812181940484642 ], [ 105.627862, 56.812164 ], [ 105.627021, 56.811937 ], [ 105.62619, 56.811713 ], [ 105.624977, 56.81136 ], [ 105.623762, 56.811007 ], [ 105.623106, 56.810746 ], [ 105.622434, 56.81048 ], [ 105.621302, 56.809972 ], [ 105.620819002860969, 56.804413729774012 ], [ 105.61917, 56.80898 ], [ 105.618955, 56.809269 ], [ 105.618987, 56.809289 ], [ 105.619499, 56.809538 ], [ 105.620016, 56.809789 ], [ 105.621155, 56.8103 ], [ 105.622301, 56.810814 ], [ 105.622973, 56.811081 ], [ 105.623661, 56.811352 ], [ 105.624877, 56.811706 ], [ 105.625691791035109, 56.811943285330159 ], [ 105.6279175300715, 56.812181940484642 ] ] ] } },
{ "type": "Feature", "properties": { "AA_MINS": 60 }, "geometry": { "type": "Polygon", "coordinates": [ [ [ 105.6285049, 56.7975359 ], [ 105.632413, 56.7936442 ], [ 105.632624498093392, 56.791879265867095 ], [ 105.631036933946746, 56.789760797915974 ], [ 105.631517, 56.792138 ], [ 105.631502633697679, 56.792193915585699 ], [ 105.631503, 56.792195 ], [ 105.631356508197285, 56.792762655735523 ], [ 105.631072, 56.79387 ], [ 105.630938, 56.794221 ], [ 105.630808, 56.794455 ], [ 105.630689, 56.794665 ], [ 105.6305, 56.794904 ], [ 105.630249, 56.795164 ], [ 105.629072, 56.796334 ], [ 105.627898, 56.797502 ], [ 105.627517, 56.797862 ], [ 105.627139, 56.798219 ], [ 105.626971, 56.798357 ], [ 105.626813, 56.798487 ], [ 105.626496, 56.798675 ], [ 105.626202, 56.798848 ], [ 105.625716, 56.799048 ], [ 105.625253, 56.799236 ], [ 105.622723702696319, 56.801778774909216 ], [ 105.622847, 56.801741 ], [ 105.623178, 56.801618 ], [ 105.62334269978949, 56.80156230007119 ], [ 105.623345, 56.801569 ], [ 105.624825, 56.801061 ], [ 105.625712, 56.800791 ], [ 105.626789, 56.80036 ], [ 105.627611, 56.799899 ], [ 105.628150926815692, 56.799485122275478 ], [ 105.6285049, 56.7975359 ] ] ] } },
{ "type": "Feature", "properties": { "AA_MINS": 60 }, "geometry": { "type": "Polygon", "coordinates": [ [ [ 105.7076511, 56.7837395 ], [ 105.708793, 56.7839991 ], [ 105.7117239, 56.7850413 ], [ 105.715834158907086, 56.78804685560808 ], [ 105.71680033184937, 56.78711667191579 ], [ 105.717577, 56.788206 ], [ 105.720363, 56.789559 ], [ 105.721664644912153, 56.789564362868973 ], [ 105.722187004089477, 56.790303408095795 ], [ 105.722196022041913, 56.790295018673348 ], [ 105.720834, 56.788368 ], [ 105.71725, 56.784553 ], [ 105.716206, 56.784289 ], [ 105.713328, 56.783349 ], [ 105.712854610062493, 56.782842042412383 ], [ 105.712147, 56.783023 ], [ 105.712045, 56.783007 ], [ 105.706483, 56.782775 ], [ 105.704886, 56.783047 ], [ 105.704708521983832, 56.783077142326121 ], [ 105.7076511, 56.7837395 ] ] ] } },
{ "type": "Feature", "properties": { "AA_MINS": 60 }, "geometry": { "type": "Polygon", "coordinates": [ [ [ 105.753358899512762, 56.802430386515461 ], [ 105.75341783378208, 56.803041857784962 ], [ 105.753320275302102, 56.804354138314508 ], [ 105.753627822120706, 56.804433802601679 ], [ 105.753386023464302, 56.802423277381116 ], [ 105.753358899512762, 56.802430386515461 ] ] ] } },
{ "type": "Feature", "properties": { "AA_MINS": 60 }, "geometry": { "type": "Polygon", "coordinates": [ [ [ 105.9201724, 56.8140444 ], [ 105.9210204, 56.8145496 ], [ 105.9246705, 56.8139583 ], [ 105.9238163, 56.8130888 ], [ 105.9243068, 56.8119029 ], [ 105.9308272, 56.8099568 ], [ 105.932047634278902, 56.809820617050349 ], [ 105.931448, 56.806314 ], [ 105.929905945415086, 56.805759250742994 ], [ 105.928998, 56.806156 ], [ 105.927069, 56.806678 ], [ 105.926556, 56.806794 ], [ 105.925994, 56.806896 ], [ 105.920762, 56.809442 ], [ 105.917506, 56.810836 ], [ 105.917643090124514, 56.810787232762031 ], [ 105.919317154387798, 56.814017349490989 ], [ 105.9201724, 56.8140444 ] ] ] } },
{ "type": "Feature", "properties": { "AA_MINS": 60 }, "geometry": { "type": "Polygon", "coordinates": [ [ [ 105.9370392, 56.8099183 ], [ 105.9399714, 56.8099765 ], [ 105.940079, 56.8099993 ], [ 105.9401567, 56.8101256 ], [ 105.9405389, 56.8101437 ], [ 105.940575298639928, 56.810150954906696 ], [ 105.942317068745851, 56.809124168524669 ], [ 105.943496, 56.80953 ], [ 105.944688, 56.810094 ], [ 105.945406, 56.810281 ], [ 105.948124, 56.810294 ], [ 105.948743, 56.810216 ], [ 105.94909942182197, 56.809724028962194 ], [ 105.947937, 56.809324 ], [ 105.945656, 56.808681 ], [ 105.945381, 56.80863 ], [ 105.944764, 56.808338 ], [ 105.944146, 56.808046 ], [ 105.943326, 56.807652 ], [ 105.942495, 56.807253 ], [ 105.942107, 56.807038 ], [ 105.941718, 56.806822 ], [ 105.93838967399644, 56.804093291967334 ], [ 105.936746, 56.803968 ], [ 105.934367, 56.809149 ], [ 105.934928829627026, 56.809608972081847 ], [ 105.9370392, 56.8099183 ] ] ] } },
{ "type": "Feature", "properties": { "AA_MINS": 60 }, "geometry": { "type": "Polygon", "coordinates": [ [ [ 105.8507555, 56.7966408 ], [ 105.84867, 56.7960893 ], [ 105.8387586, 56.7929749 ], [ 105.835195580703683, 56.792000716003216 ], [ 105.833233, 56.795433 ], [ 105.830579, 56.795217 ], [ 105.828942, 56.795054 ], [ 105.827852, 56.79492 ], [ 105.82633, 56.79472 ], [ 105.825602, 56.794668 ], [ 105.824995, 56.794676 ], [ 105.822991, 56.794723 ], [ 105.822208, 56.794722 ], [ 105.819085017337343, 56.799276833449738 ], [ 105.821848, 56.800973 ], [ 105.824873897107267, 56.805358604088497 ], [ 105.829575, 56.803195 ], [ 105.832072, 56.802772 ], [ 105.835936, 56.802626 ], [ 105.839133, 56.801799 ], [ 105.843332, 56.800788 ], [ 105.843505480246435, 56.800744031513425 ], [ 105.844261, 56.800465 ], [ 105.839897, 56.796503 ], [ 105.839898101296953, 56.796502006381516 ], [ 105.839987, 56.796521 ], [ 105.84074, 56.796713 ], [ 105.841717, 56.796992 ], [ 105.843002, 56.79742 ], [ 105.844103, 56.797679 ], [ 105.844871, 56.797946 ], [ 105.846028, 56.798262 ], [ 105.84667, 56.798519 ], [ 105.847195, 56.798751 ], [ 105.848133, 56.799152 ], [ 105.849132, 56.799544 ], [ 105.850466, 56.799998 ], [ 105.850696, 56.800071 ], [ 105.851661983332377, 56.797030368061137 ], [ 105.8507555, 56.7966408 ] ] ] } },
{ "type": "Feature", "properties": { "AA_MINS": 60 }, "geometry": { "type": "Polygon", "coordinates": [ [ [ 105.806122520797018, 56.782547065551761 ], [ 105.806735199923551, 56.782930914175651 ], [ 105.807320485153056, 56.782960028782604 ], [ 105.806857028140683, 56.782592997298565 ], [ 105.806122520797018, 56.782547065551761 ] ] ] } },
{ "type": "Feature", "properties": { "AA_MINS": 60 }, "geometry": { "type": "Polygon", "coordinates": [ [ [ 105.79177481698602, 56.778762520278775 ], [ 105.789343, 56.777397 ], [ 105.783764, 56.775641 ], [ 105.782738936831805, 56.775236847691687 ], [ 105.782554375757556, 56.77583723558994 ], [ 105.787828, 56.777352 ], [ 105.788528, 56.777424 ], [ 105.791813267275259, 56.779099958684839 ], [ 105.79177481698602, 56.778762520278775 ] ] ] } },
{ "type": "Feature", "properties": { "AA_MINS": 60 }, "geometry": { "type": "Polygon", "coordinates": [ [ [ 105.785742480995623, 56.769550159479671 ], [ 105.784722, 56.771223 ], [ 105.784042, 56.772111 ], [ 105.786709, 56.771143 ], [ 105.78830468362068, 56.7696071545151 ], [ 105.785742480995623, 56.769550159479671 ] ] ] } },
{ "type": "Feature", "properties": { "AA_MINS": 60 }, "geometry": { "type": "Polygon", "coordinates": [ [ [ 105.772521613426022, 56.774169708860505 ], [ 105.773753880636619, 56.775573389462132 ], [ 105.77437021952457, 56.775398256517768 ], [ 105.776367070204913, 56.773994633365561 ], [ 105.773632912513349, 56.773855772410428 ], [ 105.773369765818259, 56.773709543208149 ], [ 105.772521613426022, 56.774169708860505 ] ] ] } },
{ "type": "Feature", "properties": { "AA_MINS": 60 }, "geometry": { "type": "Polygon", "coordinates": [ [ [ 105.7252629, 56.7738574 ], [ 105.7220875, 56.7736425 ], [ 105.7204894, 56.7733522 ], [ 105.7170131, 56.7725725 ], [ 105.7132162, 56.7720387 ], [ 105.7106345, 56.771888 ], [ 105.710585738420193, 56.771886709712852 ], [ 105.710215, 56.774961 ], [ 105.712845, 56.775278 ], [ 105.715603, 56.775462 ], [ 105.717152, 56.77562 ], [ 105.72032, 56.775678 ], [ 105.720664, 56.77572 ], [ 105.722549, 56.775951 ], [ 105.724279259534569, 56.776794821152329 ], [ 105.727143, 56.777522 ], [ 105.72817, 56.77769 ], [ 105.733335, 56.777314 ], [ 105.736994, 56.777236 ], [ 105.739608, 56.77733 ], [ 105.739781, 56.777363 ], [ 105.740007, 56.777439 ], [ 105.744367, 56.77877 ], [ 105.745537139482423, 56.77888716982828 ], [ 105.747107736217913, 56.778406485132756 ], [ 105.744293, 56.776518 ], [ 105.743097, 56.77646 ], [ 105.737996, 56.776012 ], [ 105.734661, 56.776032 ], [ 105.731791, 56.77605 ], [ 105.731779033704811, 56.774091878968179 ], [ 105.7252629, 56.7738574 ] ] ] } },
{ "type": "Feature", "properties": { "AA_MINS": 60 }, "geometry": { "type": "Polygon", "coordinates": [ [ [ 105.635375787304838, 56.763183124484812 ], [ 105.634902503787984, 56.764038021555798 ], [ 105.634701, 56.764402 ], [ 105.635311, 56.7636 ], [ 105.635873, 56.763136 ], [ 105.63625, 56.762947 ], [ 105.637386, 56.762377 ], [ 105.637531503511511, 56.762303848069571 ], [ 105.637464749573098, 56.762163249748518 ], [ 105.635375787304838, 56.763183124484812 ] ] ] } },
{ "type": "Feature", "properties": { "AA_MINS": 60 }, "geometry": { "type": "Polygon", "coordinates": [ [ [ 105.61165, 56.790738 ], [ 105.610021977624527, 56.795800530429361 ], [ 105.610954, 56.796441 ], [ 105.612626, 56.796732 ], [ 105.613045, 56.796775 ], [ 105.61401, 56.796897 ], [ 105.615766, 56.796983 ], [ 105.62155064259116, 56.798017936055636 ], [ 105.621554978048096, 56.798017539865057 ], [ 105.6267, 56.795597 ], [ 105.62879, 56.791792 ], [ 105.628835, 56.7916 ], [ 105.629073, 56.791093 ], [ 105.629755, 56.788998 ], [ 105.62999, 56.788726 ], [ 105.630404, 56.788234 ], [ 105.630511287055413, 56.788265408674199 ], [ 105.629519, 56.7845 ], [ 105.629169, 56.783913 ], [ 105.62396, 56.781965 ], [ 105.624218, 56.779546 ], [ 105.623673279179485, 56.782074041107407 ], [ 105.620787, 56.785486 ], [ 105.619254, 56.787005 ], [ 105.619239775184653, 56.7884270864012 ], [ 105.617368, 56.787622 ], [ 105.611805, 56.789828 ], [ 105.611654, 56.790378 ], [ 105.61165, 56.790738 ] ] ] } },
{ "type": "Feature", "properties": { "AA_MINS": 60 }, "geometry": { "type": "Polygon", "coordinates": [ [ [ 105.61814071204428, 56.808499181436609 ], [ 105.61814, 56.808498 ], [ 105.618266, 56.808732 ], [ 105.61814071204428, 56.808499181436609 ] ] ] } },
{ "type": "Feature", "properties": { "AA_MINS": 60 }, "geometry": { "type": "Polygon", "coordinates": [ [ [ 105.618277358960981, 56.808725908443641 ], [ 105.618266, 56.808732 ], [ 105.618319, 56.808795 ], [ 105.618277358960981, 56.808725908443641 ] ] ] } },
{ "type": "Feature", "properties": { "AA_MINS": 60 }, "geometry": { "type": "Polygon", "coordinates": [ [ [ 105.911063114929703, 56.812787383886572 ], [ 105.911825, 56.813376 ], [ 105.912904, 56.813442 ], [ 105.913334, 56.813236 ], [ 105.913387733969628, 56.813212865397695 ], [ 105.915076, 56.812486 ], [ 105.917506, 56.810836 ], [ 105.916558, 56.811225 ], [ 105.91359, 56.808298 ], [ 105.910975, 56.808948 ], [ 105.910124, 56.809683 ], [ 105.90785, 56.810305 ], [ 105.905975, 56.81477 ], [ 105.906079630533668, 56.815963497443349 ], [ 105.90644, 56.815797 ], [ 105.906778, 56.814898 ], [ 105.906907850447112, 56.814341653821295 ], [ 105.90990339502217, 56.812966159951031 ], [ 105.911063114929703, 56.812787383886572 ] ] ] } },
{ "type": "Feature", "properties": { "AA_MINS": 60 }, "geometry": { "type": "Polygon", "coordinates": [ [ [ 105.93727, 56.79942 ], [ 105.937149642530102, 56.799382683578855 ], [ 105.937149, 56.799382 ], [ 105.934264, 56.798488 ], [ 105.929296, 56.796543 ], [ 105.927687245014113, 56.796040567224253 ], [ 105.927687673546032, 56.796040917079004 ], [ 105.92430123183604, 56.794983747036603 ], [ 105.925051, 56.795218 ], [ 105.927528, 56.800475 ], [ 105.929405, 56.79974 ], [ 105.929889, 56.799595 ], [ 105.930345, 56.799503 ], [ 105.932009, 56.800298 ], [ 105.93206160697045, 56.800435786013743 ], [ 105.933128, 56.800018 ], [ 105.93361, 56.800075 ], [ 105.935288, 56.800501 ], [ 105.936791, 56.800967 ], [ 105.938294, 56.801433 ], [ 105.939797, 56.801898 ], [ 105.93998, 56.801971 ], [ 105.940149, 56.802038 ], [ 105.945577, 56.804437 ], [ 105.947276, 56.805308 ], [ 105.948349, 56.805865 ], [ 105.949416, 56.806418 ], [ 105.949884105010597, 56.806764744452295 ], [ 105.947947, 56.803834 ], [ 105.946394, 56.803035 ], [ 105.945405, 56.802657 ], [ 105.940412, 56.800399 ], [ 105.93727, 56.79942 ] ] ] } },
{ "type": "Feature", "properties": { "AA_MINS": 60 }, "geometry": { "type": "Polygon", "coordinates": [ [ [ 105.915611, 56.797255 ], [ 105.917425546360349, 56.795371341496889 ], [ 105.917362, 56.795314 ], [ 105.915611, 56.797255 ] ] ] } },
{ "type": "Feature", "properties": { "AA_MINS": 60 }, "geometry": { "type": "Polygon", "coordinates": [ [ [ 105.844709, 56.800439 ], [ 105.844797005346805, 56.800443884637851 ], [ 105.844921, 56.800439 ], [ 105.844936844782197, 56.800451646268527 ], [ 105.847807604315733, 56.800610984549614 ], [ 105.846211183860802, 56.800515869451424 ], [ 105.845243, 56.800361 ], [ 105.844261, 56.800465 ], [ 105.844669984362937, 56.800448888494792 ], [ 105.844709, 56.800439 ] ] ] } },
{ "type": "Feature", "properties": { "AA_MINS": 60 }, "geometry": { "type": "Polygon", "coordinates": [ [ [ 105.714753, 56.775895 ], [ 105.714754453318122, 56.775894998945915 ], [ 105.712862, 56.77561 ], [ 105.714753, 56.775895 ] ] ] } },
{ "type": "Feature", "properties": { "AA_MINS": 60 }, "geometry": { "type": "Polygon", "coordinates": [ [ [ 105.701226, 56.772282 ], [ 105.701226975321106, 56.772282246484721 ], [ 105.697034945907177, 56.770722118493254 ], [ 105.694377, 56.769387 ], [ 105.694654686388716, 56.769559751431132 ], [ 105.696965112685845, 56.770696154657458 ], [ 105.701226, 56.772282 ] ] ] } },
{ "type": "Feature", "properties": { "AA_MINS": 60 }, "geometry": { "type": "Polygon", "coordinates": [ [ [ 105.69426019006076, 56.769320781656518 ], [ 105.694377, 56.769387 ], [ 105.692654102920912, 56.768321183788906 ], [ 105.69426019006076, 56.769320781656518 ] ] ] } },
{ "type": "Feature", "properties": { "AA_MINS": 60 }, "geometry": { "type": "Polygon", "coordinates": [ [ [ 105.688208, 56.765474 ], [ 105.684005, 56.762995 ], [ 105.683240677546195, 56.762618967360922 ], [ 105.684223, 56.763124 ], [ 105.687967626151789, 56.765340439923136 ], [ 105.688208, 56.765474 ] ] ] } },
{ "type": "Feature", "properties": { "AA_MINS": 60 }, "geometry": { "type": "Polygon", "coordinates": [ [ [ 105.682259, 56.762136 ], [ 105.681754567426935, 56.761958604540382 ], [ 105.682160012555698, 56.76210973889328 ], [ 105.682348226595593, 56.76217989784972 ], [ 105.682259, 56.762136 ] ] ] } },
{ "type": "Feature", "properties": { "AA_MINS": 60 }, "geometry": { "type": "Polygon", "coordinates": [ [ [ 105.678789160206037, 56.760853214761056 ], [ 105.679372878593384, 56.761070802529389 ], [ 105.674567, 56.758534 ], [ 105.678789160206037, 56.760853214761056 ] ] ] } },
{ "type": "Feature", "properties": { "AA_MINS": 60 }, "geometry": { "type": "Polygon", "coordinates": [ [ [ 105.670337439608559, 56.758080007645646 ], [ 105.673779, 56.7583 ], [ 105.671469, 56.757812 ], [ 105.670337439608559, 56.758080007645646 ] ] ] } },
{ "type": "Feature", "properties": { "AA_MINS": 60 }, "geometry": { "type": "Polygon", "coordinates": [ [ [ 105.631789931750802, 56.774661612041243 ], [ 105.633742, 56.77123 ], [ 105.630458, 56.775492 ], [ 105.631789931750802, 56.774661612041243 ] ] ] } },
{ "type": "Feature", "properties": { "AA_MINS": 90 }, "geometry": { "type": "Polygon", "coordinates": [ [ [ 105.5720415, 56.7836987 ], [ 105.5720571, 56.7837212 ], [ 105.571765363051696, 56.783849783049284 ], [ 105.574214, 56.785007 ], [ 105.576272, 56.78653 ], [ 105.580379, 56.789017 ], [ 105.580958, 56.789357 ], [ 105.58575, 56.791445 ], [ 105.590614, 56.792402 ], [ 105.594176596970939, 56.793804108013191 ], [ 105.599541, 56.792597 ], [ 105.603342, 56.792582 ], [ 105.606031, 56.793058 ], [ 105.610021977624527, 56.795800530429361 ], [ 105.61165, 56.790738 ], [ 105.611654, 56.790378 ], [ 105.611805, 56.789828 ], [ 105.617368, 56.787622 ], [ 105.619239775184653, 56.7884270864012 ], [ 105.619254, 56.787005 ], [ 105.620787, 56.785486 ], [ 105.620477905703567, 56.785598861725795 ], [ 105.613335, 56.788207 ], [ 105.610193, 56.787802 ], [ 105.606423, 56.787163 ], [ 105.604917, 56.786968 ], [ 105.597715, 56.787493 ], [ 105.594496, 56.786968 ], [ 105.593460190252458, 56.787496344945147 ], [ 105.592081, 56.787207 ], [ 105.589770838623892, 56.787271428986621 ], [ 105.5897027, 56.7877667 ], [ 105.588474934219164, 56.78730757096718 ], [ 105.58785, 56.787325 ], [ 105.587504158721089, 56.787179977262333 ], [ 105.5850903, 56.7871943 ], [ 105.5809429, 56.7856995 ], [ 105.5795746, 56.7868348 ], [ 105.5782275, 56.7876706 ], [ 105.5771756, 56.7869928 ], [ 105.5745485, 56.7850346 ], [ 105.572375, 56.783589 ], [ 105.5720415, 56.7836987 ] ] ] } },
{ "type": "Feature", "properties": { "AA_MINS": 90 }, "geometry": { "type": "Polygon", "coordinates": [ [ [ 105.571143573672856, 56.787635844778158 ], [ 105.571044737500188, 56.786117656355259 ], [ 105.568483, 56.785389 ], [ 105.568752782712835, 56.785958644115773 ], [ 105.571143573672856, 56.787635844778158 ] ] ] } },
{ "type": "Feature", "properties": { "AA_MINS": 90 }, "geometry": { "type": "Polygon", "coordinates": [ [ [ 105.571390623050561, 56.791528423628201 ], [ 105.571398, 56.791544 ], [ 105.571396789067151, 56.791525399277425 ], [ 105.571390623050561, 56.791528423628201 ] ] ] } },
{ "type": "Feature", "properties": { "AA_MINS": 90 }, "geometry": { "type": "Polygon", "coordinates": [ [ [ 105.5708163, 56.7930012 ], [ 105.57087219942801, 56.793105283093794 ], [ 105.571398, 56.791544 ], [ 105.570793493184354, 56.792903422524788 ], [ 105.5708163, 56.7930012 ] ] ] } },
{ "type": "Feature", "properties": { "AA_MINS": 90 }, "geometry": { "type": "Polygon", "coordinates": [ [ [ 105.56907089943158, 56.79677721300645 ], [ 105.568661, 56.797699 ], [ 105.569269507125895, 56.79662872289515 ], [ 105.56907089943158, 56.79677721300645 ] ] ] } },
{ "type": "Feature", "properties": { "AA_MINS": 90 }, "geometry": { "type": "Polygon", "coordinates": [ [ [ 105.566500358024939, 56.800294409130267 ], [ 105.568661, 56.797699 ], [ 105.566792004034042, 56.799690967122778 ], [ 105.566500358024939, 56.800294409130267 ] ] ] } },
{ "type": "Feature", "properties": { "AA_MINS": 90 }, "geometry": { "type": "Polygon", "coordinates": [ [ [ 105.5654053, 56.8013319 ], [ 105.5651591, 56.8018 ], [ 105.565202283036626, 56.801842472125678 ], [ 105.565222, 56.80183 ], [ 105.565827090048231, 56.801103152954568 ], [ 105.5654053, 56.8013319 ] ] ] } },
{ "type": "Feature", "properties": { "AA_MINS": 90 }, "geometry": { "type": "Polygon", "coordinates": [ [ [ 105.575661, 56.8043343 ], [ 105.577317445097194, 56.804268230049324 ], [ 105.576753, 56.803469 ], [ 105.575947, 56.803446 ], [ 105.575044, 56.803442 ], [ 105.574137, 56.803438 ], [ 105.574066, 56.803428 ], [ 105.573867, 56.803391 ], [ 105.574942836650905, 56.80420236236111 ], [ 105.575661, 56.8043343 ] ] ] } },
{ "type": "Feature", "properties": { "AA_MINS": 90 }, "geometry": { "type": "Polygon", "coordinates": [ [ [ 105.584854931049492, 56.80729732926104 ], [ 105.590087, 56.80342 ], [ 105.584927, 56.805407 ], [ 105.58437539991823, 56.806671876049577 ], [ 105.584854931049492, 56.80729732926104 ] ] ] } },
{ "type": "Feature", "properties": { "AA_MINS": 90 }, "geometry": { "type": "Polygon", "coordinates": [ [ [ 105.599666625096503, 56.814593134761594 ], [ 105.599536, 56.813199 ], [ 105.598668555222162, 56.81472971547872 ], [ 105.599666625096503, 56.814593134761594 ] ] ] } },
{ "type": "Feature", "properties": { "AA_MINS": 90 }, "geometry": { "type": "Polygon", "coordinates": [ [ [ 105.6202585, 56.8113607 ], [ 105.625691791035109, 56.811943285330159 ], [ 105.624877, 56.811706 ], [ 105.623661, 56.811352 ], [ 105.622973, 56.811081 ], [ 105.622301, 56.810814 ], [ 105.621155, 56.8103 ], [ 105.620016, 56.809789 ], [ 105.619499, 56.809538 ], [ 105.618987, 56.809289 ], [ 105.618955, 56.809269 ], [ 105.618780296298482, 56.80913879629793 ], [ 105.618634, 56.80903 ], [ 105.618319, 56.808795 ], [ 105.618266, 56.808732 ], [ 105.61814, 56.808498 ], [ 105.618012, 56.808259 ], [ 105.617943, 56.80797 ], [ 105.617892, 56.807728 ], [ 105.617882, 56.807447 ], [ 105.617875, 56.807198 ], [ 105.618017, 56.806816 ], [ 105.618145, 56.806508 ], [ 105.616656, 56.8007 ], [ 105.616378, 56.800529 ], [ 105.616176, 56.800366 ], [ 105.611725, 56.798479 ], [ 105.609373, 56.798387 ], [ 105.606353077887988, 56.799740710188487 ], [ 105.60671, 56.799844 ], [ 105.60727, 56.799961 ], [ 105.60780302863742, 56.80008064735528 ], [ 105.613664061647995, 56.801396256029321 ], [ 105.615819280828831, 56.804638714130796 ], [ 105.616256, 56.80724 ], [ 105.616307, 56.808064 ], [ 105.616585, 56.809026 ], [ 105.617351, 56.810094 ], [ 105.618279, 56.810746 ], [ 105.619353, 56.811266 ], [ 105.619525926387112, 56.811343745548015 ], [ 105.6202585, 56.8113607 ] ] ] } },
{ "type": "Feature", "properties": { "AA_MINS": 90 }, "geometry": { "type": "Polygon", "coordinates": [ [ [ 105.6295483, 56.8123568 ], [ 105.631161469172909, 56.811536271422291 ], [ 105.630375, 56.811274 ], [ 105.62836, 56.810623 ], [ 105.626611, 56.810149 ], [ 105.624140952211604, 56.805541936890805 ], [ 105.625712, 56.800791 ], [ 105.624825, 56.801061 ], [ 105.623345, 56.801569 ], [ 105.62334269978949, 56.80156230007119 ], [ 105.623178, 56.801618 ], [ 105.622847, 56.801741 ], [ 105.622723702696319, 56.801778774909216 ], [ 105.621312, 56.803198 ], [ 105.62108, 56.803691 ], [ 105.620819002860969, 56.804413729774012 ], [ 105.621302, 56.809972 ], [ 105.622434, 56.81048 ], [ 105.623106, 56.810746 ], [ 105.623762, 56.811007 ], [ 105.624977, 56.81136 ], [ 105.62619, 56.811713 ], [ 105.627021, 56.811937 ], [ 105.627862, 56.812164 ], [ 105.6279175300715, 56.812181940484642 ], [ 105.6295483, 56.8123568 ] ] ] } },
{ "type": "Feature", "properties": { "AA_MINS": 90 }, "geometry": { "type": "Polygon", "coordinates": [ [ [ 105.7172428, 56.7890769 ], [ 105.7178304, 56.7896055 ], [ 105.717671287417033, 56.792469769660883 ], [ 105.718886, 56.793727 ], [ 105.719273, 56.793637 ], [ 105.719617805658388, 56.793486741717125 ], [ 105.72076, 56.792989 ], [ 105.721214494036943, 56.79263290467204 ], [ 105.7213792, 56.7922882 ], [ 105.7211581, 56.7912606 ], [ 105.722187004089477, 56.790303408095795 ], [ 105.721664644912153, 56.789564362868973 ], [ 105.720363, 56.789559 ], [ 105.717577, 56.788206 ], [ 105.71680033184937, 56.78711667191579 ], [ 105.715834158907086, 56.78804685560808 ], [ 105.7172428, 56.7890769 ] ] ] } },
{ "type": "Feature", "properties": { "AA_MINS": 90 }, "geometry": { "type": "Polygon", "coordinates": [ [ [ 105.75288861699984, 56.802553646637094 ], [ 105.752883341823036, 56.802717745817269 ], [ 105.7529888, 56.8028859 ], [ 105.752877750887137, 56.802891667570435 ], [ 105.752834780568776, 56.80422837992743 ], [ 105.753320275302102, 56.804354138314508 ], [ 105.75341783378208, 56.803041857784962 ], [ 105.753358899512762, 56.802430386515461 ], [ 105.75288861699984, 56.802553646637094 ] ] ] } },
{ "type": "Feature", "properties": { "AA_MINS": 90 }, "geometry": { "type": "Polygon", "coordinates": [ [ [ 105.8289227, 56.8170085 ], [ 105.828911700761267, 56.817040657010082 ], [ 105.829640095813616, 56.817312487476833 ], [ 105.82987508008209, 56.817400181487344 ], [ 105.830063518933642, 56.817470505167883 ], [ 105.830043004992078, 56.817430538941174 ], [ 105.828979552380787, 56.81639729805179 ], [ 105.8289227, 56.8170085 ] ] ] } },
{ "type": "Feature", "properties": { "AA_MINS": 90 }, "geometry": { "type": "Polygon", "coordinates": [ [ [ 105.8582944, 56.8158346 ], [ 105.85830090481835, 56.815731046870283 ], [ 105.858222563740867, 56.815838116692682 ], [ 105.8582944, 56.8158346 ] ] ] } },
{ "type": "Feature", "properties": { "AA_MINS": 90 }, "geometry": { "type": "Polygon", "coordinates": [ [ [ 105.859824876095715, 56.815050145099683 ], [ 105.860498224616975, 56.814495067044483 ], [ 105.858882890272838, 56.81493563938735 ], [ 105.858812053331349, 56.815032453204424 ], [ 105.859824876095715, 56.815050145099683 ] ] ] } },
{ "type": "Feature", "properties": { "AA_MINS": 90 }, "geometry": { "type": "Polygon", "coordinates": [ [ [ 105.89413653544041, 56.813619947779756 ], [ 105.892329, 56.811211 ], [ 105.890572, 56.811876 ], [ 105.889919, 56.811778 ], [ 105.8892, 56.811583 ], [ 105.888676, 56.81147 ], [ 105.887398, 56.811005 ], [ 105.881687, 56.811494 ], [ 105.879307585509238, 56.811679562745134 ], [ 105.878477, 56.81275 ], [ 105.88737, 56.812405 ], [ 105.888695, 56.812767 ], [ 105.890474, 56.813267 ], [ 105.890794, 56.813318 ], [ 105.891185, 56.813355 ], [ 105.891602, 56.81335 ], [ 105.891702391573986, 56.813336519859327 ], [ 105.892389670171895, 56.813937138006992 ], [ 105.89413653544041, 56.813619947779756 ] ] ] } },
{ "type": "Feature", "properties": { "AA_MINS": 90 }, "geometry": { "type": "Polygon", "coordinates": [ [ [ 105.907909, 56.815289 ], [ 105.909057237045502, 56.81570609637609 ], [ 105.910708809161648, 56.814752210845761 ], [ 105.9107799, 56.8145661 ], [ 105.9103614, 56.8136084 ], [ 105.9106645, 56.8132093 ], [ 105.912430975754063, 56.813757552618455 ], [ 105.913334, 56.813236 ], [ 105.912904, 56.813442 ], [ 105.911825, 56.813376 ], [ 105.911063114929703, 56.812787383886572 ], [ 105.90990339502217, 56.812966159951031 ], [ 105.906907850447112, 56.814341653821295 ], [ 105.906778, 56.814898 ], [ 105.90644, 56.815797 ], [ 105.906079630533668, 56.815963497443349 ], [ 105.906164257522832, 56.816928818862081 ], [ 105.907909, 56.815289 ] ] ] } },
{ "type": "Feature", "properties": { "AA_MINS": 90 }, "geometry": { "type": "Polygon", "coordinates": [ [ [ 105.9158346, 56.8139072 ], [ 105.919317154387798, 56.814017349490989 ], [ 105.917643090124514, 56.810787232762031 ], [ 105.917506, 56.810836 ], [ 105.915076, 56.812486 ], [ 105.913387733969628, 56.813212865397695 ], [ 105.915796167760803, 56.81390771030815 ], [ 105.9158346, 56.8139072 ] ] ] } },
{ "type": "Feature", "properties": { "AA_MINS": 90 }, "geometry": { "type": "Polygon", "coordinates": [ [ [ 105.9415654, 56.8103483 ], [ 105.9415894, 56.8118605 ], [ 105.9420946, 56.8121093 ], [ 105.9445419, 56.8135911 ], [ 105.945563, 56.8140869 ], [ 105.9475774, 56.8154042 ], [ 105.9479391, 56.8158157 ], [ 105.954497534357699, 56.818504970069618 ], [ 105.955537, 56.815924 ], [ 105.952488, 56.811166 ], [ 105.952458, 56.811146 ], [ 105.951986, 56.810851 ], [ 105.951517, 56.810556 ], [ 105.94909942182197, 56.809724028962194 ], [ 105.948743, 56.810216 ], [ 105.948124, 56.810294 ], [ 105.945406, 56.810281 ], [ 105.944688, 56.810094 ], [ 105.943496, 56.80953 ], [ 105.942317068745851, 56.809124168524669 ], [ 105.940575298639928, 56.810150954906696 ], [ 105.9415654, 56.8103483 ] ] ] } },
{ "type": "Feature", "properties": { "AA_MINS": 90 }, "geometry": { "type": "Polygon", "coordinates": [ [ [ 105.9992808, 56.8230505 ], [ 105.999199431224852, 56.823083802547572 ], [ 105.999333, 56.823082 ], [ 105.999488229477791, 56.82306871513336 ], [ 105.9992808, 56.8230505 ] ] ] } },
{ "type": "Feature", "properties": { "AA_MINS": 90 }, "geometry": { "type": "Polygon", "coordinates": [ [ [ 105.997694742742027, 56.823053510013438 ], [ 105.997693, 56.823054 ], [ 105.997730236222452, 56.823056038479329 ], [ 105.997694742742027, 56.823053510013438 ] ] ] } },
{ "type": "Feature", "properties": { "AA_MINS": 90 }, "geometry": { "type": "Polygon", "coordinates": [ [ [ 105.983977, 56.8199891 ], [ 105.983849196942927, 56.819999256110258 ], [ 105.983934625622425, 56.820029895893626 ], [ 105.983977, 56.8199891 ] ] ] } },
{ "type": "Feature", "properties": { "AA_MINS": 90 }, "geometry": { "type": "Polygon", "coordinates": [ [ [ 105.9831028, 56.8194948 ], [ 105.98312195777882, 56.819482568599177 ], [ 105.977233, 56.816797 ], [ 105.976943, 56.816724 ], [ 105.976127595680538, 56.816476007375861 ], [ 105.975547, 56.814902 ], [ 105.974849, 56.814577 ], [ 105.970942655099307, 56.814304889334593 ], [ 105.96997723783646, 56.814237639682943 ], [ 105.967878430234691, 56.812985525425432 ], [ 105.967955, 56.811802 ], [ 105.967005, 56.811432 ], [ 105.96421, 56.810797 ], [ 105.961413, 56.810632 ], [ 105.960529, 56.810528 ], [ 105.954995439396541, 56.809381256091974 ], [ 105.954253, 56.807613 ], [ 105.950407, 56.805134 ], [ 105.948028, 56.803873 ], [ 105.946394, 56.803035 ], [ 105.947947, 56.803834 ], [ 105.949884105010597, 56.806764744452295 ], [ 105.950118, 56.806938 ], [ 105.953528, 56.809062 ], [ 105.954549, 56.809793 ], [ 105.9581236769273, 56.81151010179186 ], [ 105.96266672620699, 56.812327590847296 ], [ 105.962829, 56.812337 ], [ 105.964019, 56.812406 ], [ 105.964308, 56.812438 ], [ 105.964587, 56.81247 ], [ 105.968128, 56.813608 ], [ 105.970171, 56.814394 ], [ 105.97521, 56.816533 ], [ 105.980586, 56.818694 ], [ 105.98128, 56.818975 ], [ 105.982078, 56.819364 ], [ 105.983055408300828, 56.81971455649672 ], [ 105.9831028, 56.8194948 ] ] ] } },
{ "type": "Feature", "properties": { "AA_MINS": 90 }, "geometry": { "type": "Polygon", "coordinates": [ [ [ 105.9026565, 56.7932607 ], [ 105.9018175, 56.7934889 ], [ 105.8994939, 56.794311 ], [ 105.897226, 56.7953726 ], [ 105.8956788, 56.7961625 ], [ 105.8947285, 56.7965498 ], [ 105.8947553, 56.7965703 ], [ 105.8945622, 56.796634 ], [ 105.8945533, 56.7966262 ], [ 105.8930429, 56.7972406 ], [ 105.8932628, 56.7974198 ], [ 105.8892537, 56.7986692 ], [ 105.8888933, 56.7987762 ], [ 105.8865771, 56.7993702 ], [ 105.8840625, 56.7998158 ], [ 105.8796897, 56.800251 ], [ 105.8750278, 56.8003395 ], [ 105.866018, 56.8000988 ], [ 105.8560076, 56.7992384 ], [ 105.8550446, 56.7991217 ], [ 105.8555388, 56.7984124 ], [ 105.8546157, 56.798112 ], [ 105.8528632, 56.7975466 ], [ 105.851661983332377, 56.797030368061137 ], [ 105.850696, 56.800071 ], [ 105.850466, 56.799998 ], [ 105.849132, 56.799544 ], [ 105.848133, 56.799152 ], [ 105.847195, 56.798751 ], [ 105.84667, 56.798519 ], [ 105.846028, 56.798262 ], [ 105.844871, 56.797946 ], [ 105.844103, 56.797679 ], [ 105.843002, 56.79742 ], [ 105.841717, 56.796992 ], [ 105.84074, 56.796713 ], [ 105.839987, 56.796521 ], [ 105.839898101296953, 56.796502006381516 ], [ 105.839897, 56.796503 ], [ 105.844261, 56.800465 ], [ 105.845243, 56.800361 ], [ 105.846211183860802, 56.800515869451424 ], [ 105.847807604315733, 56.800610984549614 ], [ 105.847934, 56.800618 ], [ 105.852848, 56.799981 ], [ 105.852932607963083, 56.799972475268206 ], [ 105.853011, 56.799958 ], [ 105.853097919102765, 56.799955819233979 ], [ 105.853245, 56.799941 ], [ 105.853587655612912, 56.799943531938027 ], [ 105.853848, 56.799937 ], [ 105.853936124705271, 56.799946106832799 ], [ 105.854057, 56.799947 ], [ 105.85582, 56.800141 ], [ 105.857376068963418, 56.800340862068694 ], [ 105.860433581691311, 56.800731308079087 ], [ 105.861578232867032, 56.800805558215792 ], [ 105.862899075116886, 56.800890842622557 ], [ 105.865755, 56.801017 ], [ 105.870821, 56.801172 ], [ 105.873715, 56.801242 ], [ 105.873766016091238, 56.801242578510909 ], [ 105.8797, 56.80115 ], [ 105.879813230078156, 56.801156788955439 ], [ 105.87991, 56.801153 ], [ 105.883497, 56.80079 ], [ 105.884515, 56.800673 ], [ 105.885153, 56.80063 ], [ 105.890401, 56.800298 ], [ 105.891185, 56.799857 ], [ 105.889691832915631, 56.800039672314973 ], [ 105.889442329510814, 56.799948785923888 ], [ 105.892541, 56.799165 ], [ 105.896036, 56.796688 ], [ 105.901418, 56.794741 ], [ 105.90359, 56.794358 ], [ 105.903362292143981, 56.793066441040679 ], [ 105.9026565, 56.7932607 ] ] ] } },
{ "type": "Feature", "properties": { "AA_MINS": 90 }, "geometry": { "type": "Polygon", "coordinates": [ [ [ 105.817814840354743, 56.784177661053896 ], [ 105.810857, 56.783137 ], [ 105.814511, 56.785049 ], [ 105.817798320906888, 56.784258164513261 ], [ 105.817814840354743, 56.784177661053896 ] ] ] } },
{ "type": "Feature", "properties": { "AA_MINS": 90 }, "geometry": { "type": "Polygon", "coordinates": [ [ [ 105.806857028140683, 56.782592997298565 ], [ 105.807320485153056, 56.782960028782604 ], [ 105.808707, 56.783029 ], [ 105.808724671884576, 56.783029887703968 ], [ 105.807948148081408, 56.782661229488859 ], [ 105.806857028140683, 56.782592997298565 ] ] ] } },
{ "type": "Feature", "properties": { "AA_MINS": 90 }, "geometry": { "type": "Polygon", "coordinates": [ [ [ 105.78830468362068, 56.7696071545151 ], [ 105.786709, 56.771143 ], [ 105.784042, 56.772111 ], [ 105.783603, 56.772426 ], [ 105.782738936831805, 56.775236847691687 ], [ 105.783764, 56.775641 ], [ 105.789343, 56.777397 ], [ 105.788978756086436, 56.769622148951406 ], [ 105.78830468362068, 56.7696071545151 ] ] ] } },
{ "type": "Feature", "properties": { "AA_MINS": 90 }, "geometry": { "type": "Polygon", "coordinates": [ [ [ 105.7761976, 56.7731 ], [ 105.7755608, 56.7734565 ], [ 105.7741377, 56.7732929 ], [ 105.773369765818259, 56.773709543208149 ], [ 105.773632912513349, 56.773855772410428 ], [ 105.776367070204913, 56.773994633365561 ], [ 105.777306668685071, 56.773334172273749 ], [ 105.7761976, 56.7731 ] ] ] } },
{ "type": "Feature", "properties": { "AA_MINS": 90 }, "geometry": { "type": "Polygon", "coordinates": [ [ [ 105.7090775, 56.7718468 ], [ 105.7030758, 56.7704889 ], [ 105.6966701, 56.7664769 ], [ 105.6949253, 56.7648413 ], [ 105.6948752, 56.7646869 ], [ 105.696875, 56.7631105 ], [ 105.6970341, 56.7624315 ], [ 105.6936584, 56.7617698 ], [ 105.6918823, 56.7621874 ], [ 105.6890799, 56.7607094 ], [ 105.6888133, 56.7605118 ], [ 105.682209746144139, 56.758555793554471 ], [ 105.68163, 56.760455 ], [ 105.683363, 56.760985 ], [ 105.685097, 56.761514 ], [ 105.685884, 56.761621 ], [ 105.68818, 56.762368 ], [ 105.691182, 56.764935 ], [ 105.691238571022325, 56.767440183852941 ], [ 105.692654102920912, 56.768321183788906 ], [ 105.694377, 56.769387 ], [ 105.697034945907177, 56.770722118493254 ], [ 105.701226975321106, 56.772282246484721 ], [ 105.702512, 56.772607 ], [ 105.705501853836651, 56.774111926429491 ], [ 105.705502123528902, 56.774112028894301 ], [ 105.710843369319846, 56.775361384665011 ], [ 105.712814, 56.775604 ], [ 105.712817519322329, 56.775604528170604 ], [ 105.712862, 56.77561 ], [ 105.714754453318122, 56.775894998945915 ], [ 105.720268, 56.775891 ], [ 105.720865, 56.775923 ], [ 105.721476, 56.776083 ], [ 105.724279259534569, 56.776794821152329 ], [ 105.722549, 56.775951 ], [ 105.720664, 56.77572 ], [ 105.72032, 56.775678 ], [ 105.717152, 56.77562 ], [ 105.715603, 56.775462 ], [ 105.712845, 56.775278 ], [ 105.710215, 56.774961 ], [ 105.710585738420193, 56.771886709712852 ], [ 105.7090775, 56.7718468 ] ] ] } },
{ "type": "Feature", "properties": { "AA_MINS": 90 }, "geometry": { "type": "Polygon", "coordinates": [ [ [ 105.632323129144893, 56.767619836961501 ], [ 105.634701, 56.764402 ], [ 105.634902503787984, 56.764038021555798 ], [ 105.634387791759949, 56.764589936008555 ], [ 105.632323129144893, 56.767619836961501 ] ] ] } },
{ "type": "Feature", "properties": { "AA_MINS": 90 }, "geometry": { "type": "Polygon", "coordinates": [ [ [ 105.630970668712337, 56.769604578257024 ], [ 105.630716, 56.769985 ], [ 105.630634016043302, 56.770098617445477 ], [ 105.6280401, 56.7739052 ], [ 105.627938108109817, 56.773846740059163 ], [ 105.62744, 56.774706 ], [ 105.62692, 56.775606 ], [ 105.626911797014742, 56.775741349256698 ], [ 105.630458, 56.775492 ], [ 105.633742, 56.77123 ], [ 105.631984387857756, 56.768116941205676 ], [ 105.630970668712337, 56.769604578257024 ] ] ] } },
{ "type": "Feature", "properties": { "AA_MINS": 90 }, "geometry": { "type": "Polygon", "coordinates": [ [ [ 105.595057, 56.802416 ], [ 105.599261483293304, 56.808010312491348 ], [ 105.599261235689085, 56.808005633406417 ], [ 105.598843, 56.805069 ], [ 105.595057, 56.802416 ] ] ] } },
{ "type": "Feature", "properties": { "AA_MINS": 90 }, "geometry": { "type": "Polygon", "coordinates": [ [ [ 105.603041866533857, 56.806372004980048 ], [ 105.60304202544566, 56.806372922832715 ], [ 105.605034, 56.800332 ], [ 105.602908, 56.805374 ], [ 105.603041866533857, 56.806372004980048 ] ] ] } },
{ "type": "Feature", "properties": { "AA_MINS": 90 }, "geometry": { "type": "Polygon", "coordinates": [ [ [ 105.946394, 56.803035 ], [ 105.940412, 56.800399 ], [ 105.945405, 56.802657 ], [ 105.946394, 56.803035 ] ] ] } },
{ "type": "Feature", "properties": { "AA_MINS": 90 }, "geometry": { "type": "Polygon", "coordinates": [ [ [ 105.930928, 56.796797 ], [ 105.929952245878653, 56.796780244626198 ], [ 105.929296, 56.796543 ], [ 105.934264, 56.798488 ], [ 105.937149, 56.799382 ], [ 105.937149642530102, 56.799382683578855 ], [ 105.93727, 56.79942 ], [ 105.940412, 56.800399 ], [ 105.9376, 56.799066 ], [ 105.933356, 56.797594 ], [ 105.930928, 56.796797 ] ] ] } },
{ "type": "Feature", "properties": { "AA_MINS": 90 }, "geometry": { "type": "Polygon", "coordinates": [ [ [ 105.9154755606924, 56.797405113551754 ], [ 105.915475, 56.797405 ], [ 105.91547536554026, 56.79740532984777 ], [ 105.9154755606924, 56.797405113551754 ] ] ] } },
{ "type": "Feature", "properties": { "AA_MINS": 90 }, "geometry": { "type": "Polygon", "coordinates": [ [ [ 105.913658735912747, 56.799418746016237 ], [ 105.913718482409223, 56.799352503298508 ], [ 105.907187, 56.801284 ], [ 105.912792, 56.800117 ], [ 105.913658735912747, 56.799418746016237 ] ] ] } },
{ "type": "Feature", "properties": { "AA_MINS": 90 }, "geometry": { "type": "Polygon", "coordinates": [ [ [ 105.892482326875594, 56.799329316443391 ], [ 105.892482, 56.799329 ], [ 105.891804007515958, 56.799605006192429 ], [ 105.891804, 56.799605 ], [ 105.891185, 56.799857 ], [ 105.893936, 56.800128 ], [ 105.898472, 56.798622 ], [ 105.899848, 56.797996 ], [ 105.894168170240476, 56.799216150430851 ], [ 105.893764, 56.798808 ], [ 105.892482326875594, 56.799329316443391 ] ] ] } },
{ "type": "Feature", "properties": { "AA_MINS": 90 }, "geometry": { "type": "Polygon", "coordinates": [ [ [ 105.810744255328402, 56.783131336546731 ], [ 105.810742, 56.783131 ], [ 105.810742484525079, 56.783131247594753 ], [ 105.810744255328402, 56.783131336546731 ] ] ] } },
{ "type": "Feature", "properties": { "AA_MINS": 90 }, "geometry": { "type": "Polygon", "coordinates": [ [ [ 105.681574751763094, 56.761891576175586 ], [ 105.681754567426935, 56.761958604540382 ], [ 105.682259, 56.762136 ], [ 105.682348226595593, 56.76217989784972 ], [ 105.682488, 56.762232 ], [ 105.674567, 56.758534 ], [ 105.679372878593384, 56.761070802529389 ], [ 105.681574751763094, 56.761891576175586 ] ] ] } },
{ "type": "Feature", "properties": { "AA_MINS": 90 }, "geometry": { "type": "Polygon", "coordinates": [ [ [ 105.669868, 56.75805 ], [ 105.670337439608559, 56.758080007645646 ], [ 105.671469, 56.757812 ], [ 105.670013194801101, 56.757802675387033 ], [ 105.667585, 56.757482 ], [ 105.669868, 56.75805 ] ] ] } },
{ "type": "Feature", "properties": { "AA_MINS": 90 }, "geometry": { "type": "Polygon", "coordinates": [ [ [ 105.657202, 56.759177 ], [ 105.659686, 56.758792 ], [ 105.661088, 56.758613 ], [ 105.662533, 56.758499 ], [ 105.663414606878646, 56.758420311668061 ], [ 105.665354, 56.757729 ], [ 105.660868675126935, 56.758525706380787 ], [ 105.653146, 56.755452 ], [ 105.657202, 56.759177 ] ] ] } },
{ "type": "Feature", "properties": { "AA_MINS": 90 }, "geometry": { "type": "Polygon", "coordinates": [ [ [ 105.652092, 56.755644 ], [ 105.653146, 56.755452 ], [ 105.652777208786205, 56.755243202095173 ], [ 105.645922, 56.751362 ], [ 105.647574, 56.753154 ], [ 105.652092, 56.755644 ] ] ] } },
{ "type": "Feature", "properties": { "AA_MINS": 90 }, "geometry": { "type": "Polygon", "coordinates": [ [ [ 105.645922, 56.751362 ], [ 105.63903, 56.746284 ], [ 105.642348828717729, 56.748955930520303 ], [ 105.645922, 56.751362 ] ] ] } },
{ "type": "Feature", "properties": { "AA_MINS": 90 }, "geometry": { "type": "Polygon", "coordinates": [ [ [ 105.624218, 56.779546 ], [ 105.620787, 56.785486 ], [ 105.623673279179485, 56.782074041107407 ], [ 105.624218, 56.779546 ] ] ] } }
]
}
