{
"type": "FeatureCollection",
"name": "school",
"crs": { "type": "name", "properties": { "name": "urn:ogc:def:crs:OGC:1.3:CRS84" } },
"xy_coordinate_resolution": 1e-15,
"features": [
{ "type": "Feature", "properties": { "AA_MINS": 5 }, "geometry": { "type": "Polygon", "coordinates": [ ] } },
{ "type": "Feature", "properties": { "AA_MINS": 5 }, "geometry": { "type": "Polygon", "coordinates": [ [ [ 105.662308014392636, 56.758856827164827 ], [ 105.662772303256872, 56.759082533978237 ], [ 105.662989985895493, 56.759054544751123 ], [ 105.662989985895507, 56.759054544751123 ], [ 105.664611050709098, 56.758004089412879 ], [ 105.662308014392636, 56.758856827164827 ] ] ] } },
{ "type": "Feature", "properties": { "AA_MINS": 5 }, "geometry": { "type": "Polygon", "coordinates": [ [ [ 105.962666722108139, 56.812327637315903 ], [ 105.962669, 56.812328 ], [ 105.962679576771492, 56.812328391732279 ], [ 105.962666722108139, 56.812327637315903 ] ] ] } },
{ "type": "Feature", "properties": { "AA_MINS": 5 }, "geometry": { "type": "Polygon", "coordinates": [ [ [ 105.971098023281129, 56.814755312363467 ], [ 105.971098023281158, 56.814755312363481 ], [ 105.971304, 56.814822 ], [ 105.971098023281129, 56.814755312363467 ] ] ] } },
{ "type": "Feature", "properties": { "AA_MINS": 10 }, "geometry": { "type": "Polygon", "coordinates": [ [ [ 105.975748, 56.816779 ], [ 105.97521, 56.816533 ], [ 105.975754, 56.816782 ], [ 105.975758028457193, 56.816783594041844 ], [ 105.975748, 56.816779 ] ] ] } },
{ "type": "Feature", "properties": { "AA_MINS": 10 }, "geometry": { "type": "Polygon", "coordinates": [ [ [ 105.962679576771492, 56.812328391732279 ], [ 105.962696, 56.812329 ], [ 105.963147947178058, 56.812355625286919 ], [ 105.960104159879933, 56.81180002575266 ], [ 105.957747443715292, 56.81131903846115 ], [ 105.957709893803042, 56.81131134040487 ], [ 105.958417, 56.811651 ], [ 105.962666722108139, 56.812327637315903 ], [ 105.962679576771492, 56.812328391732279 ] ] ] } },
{ "type": "Feature", "properties": { "AA_MINS": 15 }, "geometry": { "type": "Polygon", "coordinates": [ [ [ 105.571395197946771, 56.787812365605745 ], [ 105.571394, 56.786217 ], [ 105.570967665711819, 56.786073133471227 ], [ 105.571087492794604, 56.787596502615777 ], [ 105.571395197946771, 56.787812365605745 ] ] ] } },
{ "type": "Feature", "properties": { "AA_MINS": 15 }, "geometry": { "type": "Polygon", "coordinates": [ [ [ 105.571396546249247, 56.791525518376446 ], [ 105.571398, 56.791544 ], [ 105.571397985592185, 56.791524812397491 ], [ 105.571396546249247, 56.791525518376446 ] ] ] } },
{ "type": "Feature", "properties": { "AA_MINS": 15 }, "geometry": { "type": "Polygon", "coordinates": [ [ [ 105.593826, 56.793883 ], [ 105.594528766350564, 56.79372486220003 ], [ 105.593001, 56.793634 ], [ 105.593826, 56.793883 ] ] ] } },
{ "type": "Feature", "properties": { "AA_MINS": 15 }, "geometry": { "type": "Polygon", "coordinates": [ [ [ 105.58575, 56.791445 ], [ 105.585753578358748, 56.791445704047973 ], [ 105.58574678694454, 56.791443599987517 ], [ 105.58575, 56.791445 ] ] ] } },
{ "type": "Feature", "properties": { "AA_MINS": 15 }, "geometry": { "type": "Polygon", "coordinates": [ [ [ 105.98128, 56.818975 ], [ 105.981866, 56.819212 ], [ 105.981226, 56.818953 ], [ 105.98128, 56.818975 ] ] ] } },
{ "type": "Feature", "properties": { "AA_MINS": 15 }, "geometry": { "type": "Polygon", "coordinates": [ [ [ 105.975748, 56.816779 ], [ 105.975758028457193, 56.816783594041844 ], [ 105.980586, 56.818694 ], [ 105.97521, 56.816533 ], [ 105.975748, 56.816779 ] ] ] } },
{ "type": "Feature", "properties": { "AA_MINS": 15 }, "geometry": { "type": "Polygon", "coordinates": [ [ [ 105.954549, 56.809793 ], [ 105.957709893803028, 56.81131134040487 ], [ 105.957709893803042, 56.81131134040487 ], [ 105.954549, 56.809793 ] ] ] } },
{ "type": "Feature", "properties": { "AA_MINS": 30 }, "geometry": { "type": "Polygon", "coordinates": [ [ [ 105.690077008208888, 56.766705650570827 ], [ 105.690393111420619, 56.766913958217273 ], [ 105.691132035557885, 56.767373733236013 ], [ 105.690103681913172, 56.766702570694932 ], [ 105.690077008208888, 56.766705650570827 ] ] ] } },
{ "type": "Feature", "properties": { "AA_MINS": 30 }, "geometry": { "type": "Polygon", "coordinates": [ [ [ 105.602908, 56.805374 ], [ 105.602945925053675, 56.805656739765823 ], [ 105.605034, 56.800332 ], [ 105.602908, 56.805374 ] ] ] } },
{ "type": "Feature", "properties": { "AA_MINS": 30 }, "geometry": { "type": "Polygon", "coordinates": [ [ [ 105.611725, 56.798479 ], [ 105.610724, 56.79846 ], [ 105.614992108061145, 56.799864089398191 ], [ 105.611725, 56.798479 ] ] ] } },
{ "type": "Feature", "properties": { "AA_MINS": 30 }, "geometry": { "type": "Polygon", "coordinates": [ [ [ 105.610156, 56.796274 ], [ 105.610555, 56.796357 ], [ 105.610954, 56.796441 ], [ 105.606122, 56.792973 ], [ 105.610156, 56.796274 ] ] ] } },
{ "type": "Feature", "properties": { "AA_MINS": 30 }, "geometry": { "type": "Polygon", "coordinates": [ [ [ 105.601801, 56.792631 ], [ 105.603342, 56.792582 ], [ 105.599541, 56.792597 ], [ 105.601801, 56.792631 ] ] ] } },
{ "type": "Feature", "properties": { "AA_MINS": 30 }, "geometry": { "type": "Polygon", "coordinates": [ [ [ 105.879892, 56.81131 ], [ 105.878278, 56.811469 ], [ 105.881576, 56.811337 ], [ 105.879892, 56.81131 ] ] ] } },
{ "type": "Feature", "properties": { "AA_MINS": 45 }, "geometry": { "type": "Polygon", "coordinates": [ [ [ 105.710843967346221, 56.775361524547677 ], [ 105.71163457158336, 56.775458833655541 ], [ 105.710816859830231, 56.7753551839049 ], [ 105.710843967346221, 56.775361524547677 ] ] ] } },
{ "type": "Feature", "properties": { "AA_MINS": 45 }, "geometry": { "type": "Polygon", "coordinates": [ [ [ 105.918983, 56.810073 ], [ 105.918351, 56.810372 ], [ 105.917506, 56.810836 ], [ 105.92206, 56.809216 ], [ 105.918983, 56.810073 ] ] ] } },
{ "type": "Feature", "properties": { "AA_MINS": 45 }, "geometry": { "type": "Polygon", "coordinates": [ [ [ 105.618017, 56.806816 ], [ 105.618018, 56.806813 ], [ 105.617892, 56.807118 ], [ 105.618017, 56.806816 ] ] ] } },
{ "type": "Feature", "properties": { "AA_MINS": 45 }, "geometry": { "type": "Polygon", "coordinates": [ [ [ 105.624913943513363, 56.799554013485995 ], [ 105.621531, 56.802727 ], [ 105.621312, 56.803198 ], [ 105.624951295328145, 56.799539312334403 ], [ 105.624913943513363, 56.799554013485995 ] ] ] } },
{ "type": "Feature", "properties": { "AA_MINS": 45 }, "geometry": { "type": "Polygon", "coordinates": [ [ [ 105.621955, 56.797981 ], [ 105.622724, 56.797925 ], [ 105.623991593506318, 56.797382887330571 ], [ 105.623822091757319, 56.79695094789264 ], [ 105.621554, 56.798018 ], [ 105.621955, 56.797981 ] ] ] } },
{ "type": "Feature", "properties": { "AA_MINS": 45 }, "geometry": { "type": "Polygon", "coordinates": [ [ [ 105.618831, 56.7982 ], [ 105.621155, 56.798054 ], [ 105.615766, 56.796983 ], [ 105.618831, 56.7982 ] ] ] } },
{ "type": "Feature", "properties": { "AA_MINS": 5 }, "geometry": { "type": "Polygon", "coordinates": [ [ [ 105.74625511275876, 56.779023769541169 ], [ 105.746405563800408, 56.778974127947158 ], [ 105.744367, 56.77877 ], [ 105.74625511275876, 56.779023769541169 ] ] ] } },
{ "type": "Feature", "properties": { "AA_MINS": 60 }, "geometry": { "type": "Polygon", "coordinates": [ [ [ 105.683240677546891, 56.762618967361277 ], [ 105.684005, 56.762995 ], [ 105.683240677546664, 56.762618967361156 ], [ 105.683240677546891, 56.762618967361277 ] ] ] } },
{ "type": "Feature", "properties": { "AA_MINS": 30 }, "geometry": { "type": "Polygon", "coordinates": [ [ [ 105.690393111420633, 56.76691395821728 ], [ 105.690077008208888, 56.766705650570827 ], [ 105.689561573725413, 56.766365986372037 ], [ 105.690218, 56.766805 ], [ 105.690393111420633, 56.76691395821728 ] ] ] } },
{ "type": "Feature", "properties": { "AA_MINS": 30 }, "geometry": { "type": "Polygon", "coordinates": [ [ [ 105.822515, 56.799063 ], [ 105.819636629973417, 56.79847231291361 ], [ 105.819355392578629, 56.798882494343189 ], [ 105.822515, 56.799063 ] ] ] } },
{ "type": "Feature", "properties": { "AA_MINS": 30 }, "geometry": { "type": "Polygon", "coordinates": [ [ [ 105.938294, 56.801433 ], [ 105.938345, 56.801448 ], [ 105.937269700052781, 56.801114975240026 ], [ 105.937269629810913, 56.801115167594688 ], [ 105.938294, 56.801433 ] ] ] } },
{ "type": "Feature", "properties": { "AA_MINS": 5 }, "geometry": { "type": "Polygon", "coordinates": [ [ [ 105.74625511275876, 56.779023769541169 ], [ 105.74773, 56.779222 ], [ 105.748251363613576, 56.779158953816548 ], [ 105.746405563800408, 56.778974127947158 ], [ 105.74625511275876, 56.779023769541169 ] ] ] } },
{ "type": "Feature", "properties": { "AA_MINS": 10 }, "geometry": { "type": "Polygon", "coordinates": [ [ [ 105.962696, 56.812329 ], [ 105.963232106842256, 56.812360583333607 ], [ 105.963343, 56.812367 ], [ 105.963232106840152, 56.812360583333479 ], [ 105.962696, 56.812329 ] ] ] } },
{ "type": "Feature", "properties": { "AA_MINS": 5 }, "geometry": { "type": "Polygon", "coordinates": [ [ [ 105.748251363613576, 56.779158953816548 ], [ 105.748871, 56.779221 ], [ 105.748251363613591, 56.779158953816548 ], [ 105.748251363613576, 56.779158953816548 ] ] ] } },
{ "type": "Feature", "properties": { "AA_MINS": 5 }, "geometry": { "type": "Polygon", "coordinates": [ [ [ 105.775116, 56.79014 ], [ 105.777875, 56.791236 ], [ 105.778055601885555, 56.791139948850557 ], [ 105.775116, 56.79014 ] ] ] } },
{ "type": "Feature", "properties": { "AA_MINS": 5 }, "geometry": { "type": "Polygon", "coordinates": [ [ [ 105.578732, 56.790671 ], [ 105.578798013497959, 56.790674975866416 ], [ 105.577927572992706, 56.789911263381995 ], [ 105.578732, 56.790671 ] ] ] } },
{ "type": "Feature", "properties": { "AA_MINS": 5 }, "geometry": { "type": "Polygon", "coordinates": [ [ [ 105.577544, 56.789549 ], [ 105.577547580291935, 56.789552381386827 ], [ 105.577013, 56.789001 ], [ 105.577544, 56.789549 ] ] ] } },
{ "type": "Feature", "properties": { "AA_MINS": 5 }, "geometry": { "type": "Polygon", "coordinates": [ [ [ 105.662989985895493, 56.759054544751123 ], [ 105.662772303256872, 56.759082533978237 ], [ 105.662872, 56.759131 ], [ 105.662989985895493, 56.759054544751123 ] ] ] } },
{ "type": "Feature", "properties": { "AA_MINS": 10 }, "geometry": { "type": "Polygon", "coordinates": [ [ [ 105.669436, 56.765652 ], [ 105.668688, 56.765519 ], [ 105.668001, 56.765437 ], [ 105.667304, 56.765354 ], [ 105.666320962285084, 56.765915357818365 ], [ 105.669436, 56.765652 ] ] ] } },
{ "type": "Feature", "properties": { "AA_MINS": 10 }, "geometry": { "type": "Polygon", "coordinates": [ [ [ 105.675658, 56.760603 ], [ 105.675692, 56.760615 ], [ 105.67722, 56.761122 ], [ 105.675658, 56.760603 ] ] ] } },
{ "type": "Feature", "properties": { "AA_MINS": 10 }, "geometry": { "type": "Polygon", "coordinates": [ [ [ 105.750962440926983, 56.779583735386709 ], [ 105.750532, 56.779484 ], [ 105.750857735238995, 56.779572018002419 ], [ 105.751635, 56.779659 ], [ 105.750962440926983, 56.779583735386709 ] ] ] } },
{ "type": "Feature", "properties": { "AA_MINS": 10 }, "geometry": { "type": "Polygon", "coordinates": [ [ [ 105.577547580291949, 56.789552381386841 ], [ 105.577927572992706, 56.789911263381995 ], [ 105.578798013497959, 56.790674975866416 ], [ 105.578803593560693, 56.790675311942898 ], [ 105.577546269196759, 56.7895510290858 ], [ 105.577547580291949, 56.789552381386841 ] ] ] } },
{ "type": "Feature", "properties": { "AA_MINS": 10 }, "geometry": { "type": "Polygon", "coordinates": [ [ [ 105.799076188235261, 56.796304040536832 ], [ 105.799502, 56.796553 ], [ 105.799896730718714, 56.796847283424405 ], [ 105.80131970446601, 56.797182687969539 ], [ 105.799076188235261, 56.796304040536832 ] ] ] } },
{ "type": "Feature", "properties": { "AA_MINS": 10 }, "geometry": { "type": "Polygon", "coordinates": [ [ [ 105.798785, 56.79619 ], [ 105.798801232714609, 56.796203004749906 ], [ 105.798829607876371, 56.796207470163807 ], [ 105.798785, 56.79619 ] ] ] } },
{ "type": "Feature", "properties": { "AA_MINS": 30 }, "geometry": { "type": "Polygon", "coordinates": [ [ [ 105.599233, 56.807463 ], [ 105.599329, 56.809286 ], [ 105.599285, 56.80845 ], [ 105.599233, 56.807463 ] ] ] } },
{ "type": "Feature", "properties": { "AA_MINS": 30 }, "geometry": { "type": "Polygon", "coordinates": [ [ [ 105.689561573725413, 56.766365986372037 ], [ 105.690077008208888, 56.766705650570827 ], [ 105.690103681913172, 56.766702570694932 ], [ 105.688494, 56.765652 ], [ 105.689561573725413, 56.766365986372037 ] ] ] } },
{ "type": "Feature", "properties": { "AA_MINS": 15 }, "geometry": { "type": "Polygon", "coordinates": [ [ [ 105.799076188235261, 56.796304040536832 ], [ 105.798941, 56.796225 ], [ 105.799076188235233, 56.796304040536818 ], [ 105.799076188235261, 56.796304040536832 ] ] ] } },
{ "type": "Feature", "properties": { "AA_MINS": 5 }, "geometry": { "type": "Polygon", "coordinates": [ [ [ 105.760207, 56.783186 ], [ 105.755523, 56.783194 ], [ 105.760327942163926, 56.783247036735737 ], [ 105.760207, 56.783186 ] ] ] } },
{ "type": "Feature", "properties": { "AA_MINS": 5 }, "geometry": { "type": "Polygon", "coordinates": [ [ [ 105.777875, 56.791236 ], [ 105.778409740971028, 56.7912604144732 ], [ 105.778055601885555, 56.791139948850557 ], [ 105.777875, 56.791236 ] ] ] } },
{ "type": "Feature", "properties": { "AA_MINS": 5 }, "geometry": { "type": "Polygon", "coordinates": [ [ [ 105.584709, 56.794302 ], [ 105.582038, 56.795716 ], [ 105.585509255348185, 56.7944561841365 ], [ 105.584709, 56.794302 ] ] ] } },
{ "type": "Feature", "properties": { "AA_MINS": 5 }, "geometry": { "type": "Polygon", "coordinates": [ [ [ 105.664611050709127, 56.758004089412864 ], [ 105.664611050709112, 56.758004089412871 ], [ 105.665354, 56.757729 ], [ 105.664611050709127, 56.758004089412864 ] ] ] } },
{ "type": "Feature", "properties": { "AA_MINS": 5 }, "geometry": { "type": "Polygon", "coordinates": [ [ [ 105.778409740971043, 56.7912604144732 ], [ 105.780337, 56.791916 ], [ 105.778409740971028, 56.7912604144732 ], [ 105.778409740971043, 56.7912604144732 ] ] ] } },
{ "type": "Feature", "properties": { "AA_MINS": 5 }, "geometry": { "type": "Polygon", "coordinates": [ [ [ 105.667379865456709, 56.757504710996052 ], [ 105.665354, 56.757729 ], [ 105.664611050709112, 56.758004089412871 ], [ 105.664611050709098, 56.758004089412879 ], [ 105.662989985895507, 56.759054544751123 ], [ 105.662989985895493, 56.759054544751123 ], [ 105.662872, 56.759131 ], [ 105.662772303256872, 56.759082533978237 ], [ 105.662308014392636, 56.758856827164827 ], [ 105.660528482711442, 56.759515728561425 ], [ 105.659993, 56.759714 ], [ 105.659399, 56.759829 ], [ 105.658805, 56.759943 ], [ 105.658841731402205, 56.760130915724325 ], [ 105.65789, 56.760303 ], [ 105.65476, 56.758419 ], [ 105.654459, 56.758618 ], [ 105.651728, 56.761058 ], [ 105.651825, 56.761405 ], [ 105.654108, 56.762136 ], [ 105.657448, 56.76149 ], [ 105.661551977494241, 56.760711120705835 ], [ 105.666326, 56.760881 ], [ 105.66894, 56.761337 ], [ 105.669299, 56.761355 ], [ 105.670995, 56.760986 ], [ 105.671827, 56.760458 ], [ 105.671898, 56.760105 ], [ 105.671465, 56.759467 ], [ 105.669146, 56.758242 ], [ 105.667585, 56.757482 ], [ 105.667379865456709, 56.757504710996052 ] ] ] } },
{ "type": "Feature", "properties": { "AA_MINS": 5 }, "geometry": { "type": "Polygon", "coordinates": [ [ [ 105.657543, 56.764331 ], [ 105.657419, 56.76467 ], [ 105.658067, 56.764966 ], [ 105.660988, 56.766183 ], [ 105.663585, 56.766184 ], [ 105.663723, 56.766135 ], [ 105.665214, 56.765457 ], [ 105.667088, 56.763477 ], [ 105.667107, 56.763117 ], [ 105.663374, 56.762281 ], [ 105.66032, 56.762293 ], [ 105.657543, 56.764331 ] ] ] } },
{ "type": "Feature", "properties": { "AA_MINS": 5 }, "geometry": { "type": "Polygon", "coordinates": [ [ [ 105.748871, 56.779221 ], [ 105.748251363613576, 56.779158953816548 ], [ 105.74773, 56.779222 ], [ 105.74625511275876, 56.779023769541169 ], [ 105.744367, 56.77877 ], [ 105.741768, 56.778059 ], [ 105.741037, 56.777939 ], [ 105.740815, 56.777912 ], [ 105.739009, 56.778937 ], [ 105.738946, 56.779291 ], [ 105.739781, 56.780265 ], [ 105.740283, 56.780334 ], [ 105.745918, 56.782086 ], [ 105.746517, 56.782206 ], [ 105.747115, 56.782325 ], [ 105.749108, 56.782254 ], [ 105.750829, 56.780614 ], [ 105.750944, 56.780337 ], [ 105.750532, 56.779484 ], [ 105.749702, 56.779353 ], [ 105.748871, 56.779221 ] ] ] } },
{ "type": "Feature", "properties": { "AA_MINS": 5 }, "geometry": { "type": "Polygon", "coordinates": [ [ [ 105.778034, 56.777968 ], [ 105.776037, 56.777753 ], [ 105.774305, 56.778367 ], [ 105.774088, 56.778654 ], [ 105.773208, 56.781867 ], [ 105.774612, 56.782751 ], [ 105.776448, 56.783096 ], [ 105.777472, 56.783259 ], [ 105.780306, 56.783228 ], [ 105.780585, 56.783001 ], [ 105.781058, 56.782536 ], [ 105.782689, 56.779819 ], [ 105.782602, 56.77947 ], [ 105.781599, 56.778674 ], [ 105.778034, 56.777968 ] ] ] } },
{ "type": "Feature", "properties": { "AA_MINS": 5 }, "geometry": { "type": "Polygon", "coordinates": [ [ [ 105.752696, 56.779827 ], [ 105.752166, 56.779743 ], [ 105.751635, 56.779659 ], [ 105.750325, 56.781426 ], [ 105.750271, 56.781782 ], [ 105.750878, 56.782291 ], [ 105.751186, 56.782477 ], [ 105.753119, 56.783211 ], [ 105.754617125756184, 56.783200405932675 ], [ 105.755523, 56.783194 ], [ 105.760207, 56.783186 ], [ 105.760327942163926, 56.783247036735737 ], [ 105.760687, 56.783251 ], [ 105.760736, 56.782895 ], [ 105.75964, 56.780896 ], [ 105.756203, 56.780798 ], [ 105.755459600047502, 56.780592171270634 ], [ 105.752696, 56.779827 ] ] ] } },
{ "type": "Feature", "properties": { "AA_MINS": 5 }, "geometry": { "type": "Polygon", "coordinates": [ [ [ 105.774717, 56.789997 ], [ 105.774458, 56.789957 ], [ 105.77338, 56.790034 ], [ 105.773078, 56.79023 ], [ 105.773194, 56.792652 ], [ 105.773469, 56.79275 ], [ 105.779008, 56.793913 ], [ 105.779818, 56.794092 ], [ 105.782704, 56.792943 ], [ 105.7828, 56.792596 ], [ 105.780337, 56.791916 ], [ 105.778409740971028, 56.7912604144732 ], [ 105.777875, 56.791236 ], [ 105.775116, 56.79014 ], [ 105.774717, 56.789997 ] ] ] } },
{ "type": "Feature", "properties": { "AA_MINS": 5 }, "geometry": { "type": "Polygon", "coordinates": [ [ [ 105.579075, 56.790918 ], [ 105.578798013497959, 56.790674975866416 ], [ 105.578732, 56.790671 ], [ 105.577927572992706, 56.789911263381995 ], [ 105.577713, 56.789723 ], [ 105.577547580291935, 56.789552381386827 ], [ 105.577544, 56.789549 ], [ 105.577013, 56.789001 ], [ 105.574515, 56.790848 ], [ 105.57432, 56.79111 ], [ 105.574329, 56.791156 ], [ 105.57516, 56.792948 ], [ 105.575207, 56.792999 ], [ 105.580269, 56.795485 ], [ 105.582038, 56.795716 ], [ 105.584709, 56.794302 ], [ 105.585509255348185, 56.7944561841365 ], [ 105.586915, 56.793946 ], [ 105.586943, 56.793587 ], [ 105.586086, 56.793522 ], [ 105.585229, 56.793456 ], [ 105.579709, 56.791448 ], [ 105.579553, 56.791295 ], [ 105.579318, 56.791109 ], [ 105.579075, 56.790918 ] ] ] } },
{ "type": "Feature", "properties": { "AA_MINS": 5 }, "geometry": { "type": "Polygon", "coordinates": [ [ [ 105.801757, 56.799543 ], [ 105.802074, 56.799452 ], [ 105.802286, 56.799125 ], [ 105.802195, 56.798777 ], [ 105.801104, 56.797926 ], [ 105.799484, 56.79675 ], [ 105.798743402682945, 56.796512831351862 ], [ 105.798785, 56.79619 ], [ 105.798395, 56.79614 ], [ 105.798005, 56.796091 ], [ 105.795309398526371, 56.795902404222645 ], [ 105.792784, 56.795556 ], [ 105.792745456938647, 56.79572301993251 ], [ 105.792688, 56.795719 ], [ 105.791216936705794, 56.795328758226184 ], [ 105.78971, 56.794929 ], [ 105.788845, 56.794717 ], [ 105.78798, 56.794506 ], [ 105.787064, 56.795499 ], [ 105.78698, 56.795849 ], [ 105.787289, 56.796276 ], [ 105.787771, 56.796598 ], [ 105.792825, 56.79856 ], [ 105.793144, 56.798633 ], [ 105.793464, 56.798706 ], [ 105.794858, 56.799021 ], [ 105.79497, 56.799021 ], [ 105.797478332639244, 56.798464420067432 ], [ 105.798611, 56.798474 ], [ 105.801119, 56.799566 ], [ 105.801757, 56.799543 ] ] ] } },
{ "type": "Feature", "properties": { "AA_MINS": 5 }, "geometry": { "type": "Polygon", "coordinates": [ [ [ 105.797458, 56.80013 ], [ 105.797126, 56.800033 ], [ 105.796744, 56.799948 ], [ 105.796362, 56.799863 ], [ 105.796113, 56.800267 ], [ 105.795234, 56.801786 ], [ 105.795577, 56.80298 ], [ 105.797637, 56.803264 ], [ 105.799129, 56.803044 ], [ 105.804626, 56.802373 ], [ 105.804743, 56.802033 ], [ 105.804551, 56.801967 ], [ 105.804358, 56.8019 ], [ 105.803995, 56.801812 ], [ 105.801317, 56.801332 ], [ 105.797779, 56.800224 ], [ 105.797458, 56.80013 ] ] ] } },
{ "type": "Feature", "properties": { "AA_MINS": 5 }, "geometry": { "type": "Polygon", "coordinates": [ [ [ 105.885946, 56.802818 ], [ 105.885217, 56.802249 ], [ 105.883921, 56.801891 ], [ 105.87867, 56.802817 ], [ 105.87757, 56.802865 ], [ 105.872508, 56.803592 ], [ 105.872513, 56.803952 ], [ 105.872708, 56.804139 ], [ 105.875149, 56.805424 ], [ 105.877223, 56.805716 ], [ 105.877463, 56.805658 ], [ 105.877704, 56.8056 ], [ 105.882399, 56.805029 ], [ 105.884807, 56.805257 ], [ 105.885022, 56.805158 ], [ 105.885984, 56.803176 ], [ 105.885946, 56.802818 ] ] ] } },
{ "type": "Feature", "properties": { "AA_MINS": 5 }, "geometry": { "type": "Polygon", "coordinates": [ [ [ 105.965366, 56.812685 ], [ 105.964587, 56.81247 ], [ 105.964308, 56.812438 ], [ 105.964019, 56.812406 ], [ 105.963343, 56.812367 ], [ 105.963247666669574, 56.812361500000172 ], [ 105.963232106842256, 56.812360583333607 ], [ 105.962696, 56.812329 ], [ 105.962695979328529, 56.812329354367961 ], [ 105.962679576771492, 56.812328391732279 ], [ 105.962669, 56.812328 ], [ 105.962666722108139, 56.812327637315903 ], [ 105.962281, 56.812305 ], [ 105.96226, 56.812665 ], [ 105.962471, 56.814939 ], [ 105.962562, 56.815221 ], [ 105.963712, 56.816403 ], [ 105.968358, 56.815984 ], [ 105.968599009573467, 56.815886619374162 ], [ 105.972127, 56.81555 ], [ 105.972264, 56.815217 ], [ 105.972225871721136, 56.815201311801928 ], [ 105.972226, 56.815201 ], [ 105.971979664123225, 56.81510000763403 ], [ 105.971304, 56.814822 ], [ 105.971098023281158, 56.814755312363481 ], [ 105.971098023281115, 56.814755312363467 ], [ 105.971098023281087, 56.814755312363452 ], [ 105.970895870339305, 56.814689862724393 ], [ 105.970903, 56.814671 ], [ 105.970564, 56.814542 ], [ 105.970225, 56.814414 ], [ 105.967964, 56.813595 ], [ 105.965991678648933, 56.812937948913252 ], [ 105.965366, 56.812685 ] ] ] } },
{ "type": "Feature", "properties": { "AA_MINS": 10 }, "geometry": { "type": "Polygon", "coordinates": [ [ [ 105.5738489, 56.7895337 ], [ 105.5717601, 56.7913472 ], [ 105.571401721388952, 56.791522980037875 ], [ 105.571398, 56.791544 ], [ 105.571286, 56.793082 ], [ 105.574832, 56.795916 ], [ 105.576082, 56.797116 ], [ 105.577963, 56.79793 ], [ 105.578248, 56.797801 ], [ 105.578533, 56.797671 ], [ 105.579238, 56.79731 ], [ 105.580656, 56.796682 ], [ 105.580868, 56.796592 ], [ 105.581074, 56.796504 ], [ 105.581382, 56.796315 ], [ 105.582038, 56.795716 ], [ 105.580269, 56.795485 ], [ 105.575207, 56.792999 ], [ 105.57516, 56.792948 ], [ 105.574329, 56.791156 ], [ 105.57432, 56.79111 ], [ 105.574515, 56.790848 ], [ 105.577013, 56.789001 ], [ 105.576654, 56.788635 ], [ 105.576172, 56.788267 ], [ 105.575682, 56.787895 ], [ 105.574283, 56.786744 ], [ 105.57363, 56.78616 ], [ 105.572978, 56.785576 ], [ 105.572737, 56.785844 ], [ 105.57222, 56.786901 ], [ 105.571985354585692, 56.788226375497139 ], [ 105.5738489, 56.7895337 ] ] ] } },
{ "type": "Feature", "properties": { "AA_MINS": 10 }, "geometry": { "type": "Polygon", "coordinates": [ [ [ 105.649781, 56.764528 ], [ 105.650799, 56.764127 ], [ 105.654484344587189, 56.763297683862938 ], [ 105.652424, 56.765046 ], [ 105.651226, 56.765611 ], [ 105.651379, 56.765937 ], [ 105.655324, 56.767321 ], [ 105.659515, 56.768268 ], [ 105.660245, 56.768106 ], [ 105.663723, 56.766135 ], [ 105.666320962285084, 56.765915357818365 ], [ 105.667304, 56.765354 ], [ 105.668001, 56.765437 ], [ 105.668688, 56.765519 ], [ 105.669436, 56.765652 ], [ 105.670196, 56.765787 ], [ 105.670408, 56.765811 ], [ 105.670973, 56.765889 ], [ 105.671689, 56.766008 ], [ 105.67205, 56.766074 ], [ 105.673134, 56.76492 ], [ 105.673194, 56.764565 ], [ 105.672818, 56.763636 ], [ 105.672166, 56.762918 ], [ 105.671865, 56.762721 ], [ 105.6698, 56.761567 ], [ 105.669582440789654, 56.761520886180072 ], [ 105.669648, 56.761528 ], [ 105.674977, 56.762279 ], [ 105.67558, 56.762469 ], [ 105.676243, 56.762645 ], [ 105.676906, 56.762821 ], [ 105.677383, 56.762442 ], [ 105.677501, 56.762102 ], [ 105.67722, 56.761122 ], [ 105.675692, 56.760615 ], [ 105.675658, 56.760603 ], [ 105.674096, 56.760084 ], [ 105.673776, 56.759986 ], [ 105.67346, 56.759889 ], [ 105.669146, 56.758242 ], [ 105.671465, 56.759467 ], [ 105.671898, 56.760105 ], [ 105.671827, 56.760458 ], [ 105.670995, 56.760986 ], [ 105.669299, 56.761355 ], [ 105.66894, 56.761337 ], [ 105.666326, 56.760881 ], [ 105.661551977494241, 56.760711120705835 ], [ 105.657448, 56.76149 ], [ 105.654108, 56.762136 ], [ 105.651825, 56.761405 ], [ 105.651728, 56.761058 ], [ 105.654459, 56.758618 ], [ 105.65476, 56.758419 ], [ 105.65789, 56.760303 ], [ 105.658841731402205, 56.760130915724325 ], [ 105.658805, 56.759943 ], [ 105.659399, 56.759829 ], [ 105.659993, 56.759714 ], [ 105.660528482711442, 56.759515728561425 ], [ 105.656717, 56.756753 ], [ 105.655502, 56.756757 ], [ 105.654793, 56.75681 ], [ 105.649108, 56.756675 ], [ 105.648865, 56.756705 ], [ 105.648602, 56.757296 ], [ 105.648217, 56.763011 ], [ 105.646586, 56.764171 ], [ 105.646768, 56.764482 ], [ 105.649248, 56.764751 ], [ 105.649781, 56.764528 ] ], [ [ 105.663585, 56.766184 ], [ 105.660988, 56.766183 ], [ 105.658067, 56.764966 ], [ 105.657419, 56.76467 ], [ 105.657543, 56.764331 ], [ 105.66032, 56.762293 ], [ 105.663374, 56.762281 ], [ 105.667107, 56.763117 ], [ 105.667088, 56.763477 ], [ 105.665214, 56.765457 ], [ 105.663723, 56.766135 ], [ 105.663585, 56.766184 ] ] ] } },
{ "type": "Feature", "properties": { "AA_MINS": 10 }, "geometry": { "type": "Polygon", "coordinates": [ [ [ 105.664611050709127, 56.758004089412864 ], [ 105.665354, 56.757729 ], [ 105.667379865456709, 56.757504710996052 ], [ 105.667109, 56.757308 ], [ 105.666813, 56.757312 ], [ 105.666518, 56.757316 ], [ 105.666249, 56.757332 ], [ 105.66599, 56.757349 ], [ 105.665624, 56.757457 ], [ 105.665301, 56.757557 ], [ 105.664611050709127, 56.758004089412864 ] ] ] } },
{ "type": "Feature", "properties": { "AA_MINS": 10 }, "geometry": { "type": "Polygon", "coordinates": [ [ [ 105.76928, 56.777808 ], [ 105.769207, 56.778161 ], [ 105.769339, 56.778711 ], [ 105.769602, 56.779079 ], [ 105.770013, 56.779406 ], [ 105.770369, 56.77967 ], [ 105.77315, 56.781826 ], [ 105.77666, 56.786269 ], [ 105.776801, 56.786435 ], [ 105.780647, 56.786556 ], [ 105.78383, 56.786464 ], [ 105.787165, 56.783615 ], [ 105.789081, 56.779471 ], [ 105.789118, 56.779113 ], [ 105.787776, 56.778321 ], [ 105.782975, 56.776471 ], [ 105.779966, 56.775336 ], [ 105.775255, 56.774571 ], [ 105.774934, 56.774603 ], [ 105.77176, 56.776314 ], [ 105.76928, 56.777808 ] ], [ [ 105.774305, 56.778367 ], [ 105.776037, 56.777753 ], [ 105.778034, 56.777968 ], [ 105.781599, 56.778674 ], [ 105.782602, 56.77947 ], [ 105.782689, 56.779819 ], [ 105.781058, 56.782536 ], [ 105.780585, 56.783001 ], [ 105.780306, 56.783228 ], [ 105.777472, 56.783259 ], [ 105.776448, 56.783096 ], [ 105.774612, 56.782751 ], [ 105.773208, 56.781867 ], [ 105.774088, 56.778654 ], [ 105.774305, 56.778367 ] ] ] } },
{ "type": "Feature", "properties": { "AA_MINS": 10 }, "geometry": { "type": "Polygon", "coordinates": [ [ [ 105.739781, 56.777363 ], [ 105.739608, 56.77733 ], [ 105.736994, 56.777236 ], [ 105.736781, 56.777252 ], [ 105.736567, 56.777268 ], [ 105.734301, 56.778381 ], [ 105.733227, 56.778934 ], [ 105.733177, 56.779291 ], [ 105.733465, 56.779331 ], [ 105.735249, 56.779405 ], [ 105.737263, 56.779724 ], [ 105.738023, 56.779833 ], [ 105.739781, 56.780265 ], [ 105.738946, 56.779291 ], [ 105.739009, 56.778937 ], [ 105.740815, 56.777912 ], [ 105.741037, 56.777939 ], [ 105.741768, 56.778059 ], [ 105.740007, 56.777439 ], [ 105.739781, 56.777363 ] ] ] } },
{ "type": "Feature", "properties": { "AA_MINS": 10 }, "geometry": { "type": "Polygon", "coordinates": [ [ [ 105.750878, 56.782291 ], [ 105.750271, 56.781782 ], [ 105.750325, 56.781426 ], [ 105.751635, 56.779659 ], [ 105.750857735238995, 56.779572018002419 ], [ 105.750532, 56.779484 ], [ 105.750944, 56.780337 ], [ 105.750829, 56.780614 ], [ 105.749108, 56.782254 ], [ 105.747115, 56.782325 ], [ 105.746517, 56.782206 ], [ 105.745918, 56.782086 ], [ 105.740283, 56.780334 ], [ 105.739781, 56.780265 ], [ 105.743527, 56.783061 ], [ 105.744063, 56.78477 ], [ 105.74527, 56.785256 ], [ 105.745728, 56.785192 ], [ 105.750287, 56.784511 ], [ 105.754617125756184, 56.783200405932675 ], [ 105.753119, 56.783211 ], [ 105.751186, 56.782477 ], [ 105.750878, 56.782291 ] ] ] } },
{ "type": "Feature", "properties": { "AA_MINS": 10 }, "geometry": { "type": "Polygon", "coordinates": [ [ [ 105.765037, 56.783563 ], [ 105.764706, 56.783453 ], [ 105.75964, 56.780896 ], [ 105.760736, 56.782895 ], [ 105.760687, 56.783251 ], [ 105.760327942163926, 56.783247036735737 ], [ 105.762452, 56.784319 ], [ 105.765488, 56.785002 ], [ 105.7659, 56.78498 ], [ 105.766197, 56.784777 ], [ 105.766081, 56.784606 ], [ 105.765832, 56.784247 ], [ 105.765583, 56.783888 ], [ 105.765353, 56.783715 ], [ 105.765037, 56.783563 ] ] ] } },
{ "type": "Feature", "properties": { "AA_MINS": 10 }, "geometry": { "type": "Polygon", "coordinates": [ [ [ 105.586113, 56.793524 ], [ 105.586086, 56.793522 ], [ 105.586943, 56.793587 ], [ 105.586915, 56.793946 ], [ 105.585509255348185, 56.7944561841365 ], [ 105.590356, 56.79539 ], [ 105.590665, 56.795575 ], [ 105.59442, 56.795124 ], [ 105.594517, 56.794777 ], [ 105.593001, 56.793634 ], [ 105.592692, 56.79354 ], [ 105.592382, 56.793447 ], [ 105.59101, 56.793054 ], [ 105.586113, 56.793524 ] ] ] } },
{ "type": "Feature", "properties": { "AA_MINS": 10 }, "geometry": { "type": "Polygon", "coordinates": [ [ [ 105.577927572992706, 56.789911263381995 ], [ 105.577547580291949, 56.789552381386841 ], [ 105.577713, 56.789723 ], [ 105.577927572992706, 56.789911263381995 ] ] ] } },
{ "type": "Feature", "properties": { "AA_MINS": 10 }, "geometry": { "type": "Polygon", "coordinates": [ [ [ 105.578803593560693, 56.790675311942898 ], [ 105.578798013497959, 56.790674975866416 ], [ 105.579075, 56.790918 ], [ 105.578803593560693, 56.790675311942898 ] ] ] } },
{ "type": "Feature", "properties": { "AA_MINS": 10 }, "geometry": { "type": "Polygon", "coordinates": [ [ [ 105.771705, 56.795123 ], [ 105.777705, 56.795139 ], [ 105.778101, 56.795253 ], [ 105.778439, 56.79534 ], [ 105.778781, 56.795415 ], [ 105.779117, 56.79549 ], [ 105.781745903964548, 56.796181017044532 ], [ 105.784875, 56.799844 ], [ 105.785158, 56.800067 ], [ 105.786429, 56.799822 ], [ 105.78868, 56.799546 ], [ 105.790256358979008, 56.800154729269437 ], [ 105.789921, 56.800929 ], [ 105.790382, 56.803425 ], [ 105.790511, 56.803585 ], [ 105.791987, 56.804432 ], [ 105.795269, 56.805534 ], [ 105.800861, 56.805815 ], [ 105.804984, 56.80498 ], [ 105.805067, 56.80463 ], [ 105.804743, 56.802033 ], [ 105.804626, 56.802373 ], [ 105.799129, 56.803044 ], [ 105.797637, 56.803264 ], [ 105.795577, 56.80298 ], [ 105.795234, 56.801786 ], [ 105.796113, 56.800267 ], [ 105.796362, 56.799863 ], [ 105.796744, 56.799948 ], [ 105.797126, 56.800033 ], [ 105.797458, 56.80013 ], [ 105.797779, 56.800224 ], [ 105.801317, 56.801332 ], [ 105.800553804653447, 56.800876194154299 ], [ 105.80359777328529, 56.800036874619558 ], [ 105.804732, 56.800233 ], [ 105.804806, 56.800225 ], [ 105.806494, 56.799542 ], [ 105.80858, 56.798645 ], [ 105.808587, 56.798285 ], [ 105.806416, 56.798168 ], [ 105.805798, 56.798131 ], [ 105.805186, 56.798094 ], [ 105.801319704466025, 56.797182687969546 ], [ 105.799896730718714, 56.796847283424405 ], [ 105.799502, 56.796553 ], [ 105.799076188235261, 56.796304040536832 ], [ 105.798829607876371, 56.796207470163807 ], [ 105.798801232714609, 56.796203004749906 ], [ 105.798785, 56.79619 ], [ 105.798743402682945, 56.796512831351862 ], [ 105.799484, 56.79675 ], [ 105.801104, 56.797926 ], [ 105.802195, 56.798777 ], [ 105.802286, 56.799125 ], [ 105.802074, 56.799452 ], [ 105.801757, 56.799543 ], [ 105.801119, 56.799566 ], [ 105.798611, 56.798474 ], [ 105.797478332639244, 56.798464420067432 ], [ 105.79497, 56.799021 ], [ 105.794858, 56.799021 ], [ 105.793464, 56.798706 ], [ 105.793144, 56.798633 ], [ 105.792825, 56.79856 ], [ 105.787771, 56.796598 ], [ 105.787289, 56.796276 ], [ 105.78698, 56.795849 ], [ 105.787064, 56.795499 ], [ 105.78798, 56.794506 ], [ 105.788845, 56.794717 ], [ 105.78971, 56.794929 ], [ 105.786887474795165, 56.793913909199162 ], [ 105.783723, 56.791503 ], [ 105.778409740971043, 56.7912604144732 ], [ 105.780337, 56.791916 ], [ 105.7828, 56.792596 ], [ 105.782704, 56.792943 ], [ 105.779818, 56.794092 ], [ 105.779008, 56.793913 ], [ 105.773469, 56.79275 ], [ 105.773194, 56.792652 ], [ 105.773078, 56.79023 ], [ 105.77338, 56.790034 ], [ 105.774458, 56.789957 ], [ 105.774717, 56.789997 ], [ 105.77295, 56.789646 ], [ 105.76796, 56.790314 ], [ 105.767486, 56.790449 ], [ 105.767243, 56.790714 ], [ 105.768282, 56.792205 ], [ 105.770972, 56.794776 ], [ 105.771232, 56.79498 ], [ 105.771552, 56.795181 ], [ 105.771705, 56.795123 ] ] ] } },
{ "type": "Feature", "properties": { "AA_MINS": 10 }, "geometry": { "type": "Polygon", "coordinates": [ [ [ 105.792745456938647, 56.79572301993251 ], [ 105.792784, 56.795556 ], [ 105.791346804571674, 56.79534759052499 ], [ 105.791216936705794, 56.795328758226184 ], [ 105.792688, 56.795719 ], [ 105.792745456938647, 56.79572301993251 ] ] ] } },
{ "type": "Feature", "properties": { "AA_MINS": 10 }, "geometry": { "type": "Polygon", "coordinates": [ [ [ 105.890086, 56.807228 ], [ 105.891915, 56.805552 ], [ 105.89257, 56.801431 ], [ 105.892435, 56.801098 ], [ 105.889272, 56.801478 ], [ 105.883921, 56.801891 ], [ 105.885217, 56.802249 ], [ 105.885946, 56.802818 ], [ 105.885984, 56.803176 ], [ 105.885022, 56.805158 ], [ 105.884807, 56.805257 ], [ 105.882399, 56.805029 ], [ 105.877704, 56.8056 ], [ 105.877463, 56.805658 ], [ 105.877223, 56.805716 ], [ 105.875149, 56.805424 ], [ 105.872708, 56.804139 ], [ 105.872513, 56.803952 ], [ 105.872508, 56.803592 ], [ 105.87757, 56.802865 ], [ 105.876775, 56.80288 ], [ 105.876122, 56.802889 ], [ 105.87491, 56.802875 ], [ 105.8737, 56.802862 ], [ 105.872322, 56.802829 ], [ 105.870943, 56.802796 ], [ 105.865381, 56.803745 ], [ 105.865389, 56.804105 ], [ 105.867406, 56.80575 ], [ 105.868382, 56.806364 ], [ 105.869127, 56.806381 ], [ 105.869652, 56.806351 ], [ 105.870556, 56.80631 ], [ 105.876097, 56.806684 ], [ 105.876987, 56.806854 ], [ 105.881004, 56.80788 ], [ 105.881633, 56.808033 ], [ 105.88515, 56.808347 ], [ 105.887966, 56.808403 ], [ 105.890086, 56.807228 ] ] ] } },
{ "type": "Feature", "properties": { "AA_MINS": 10 }, "geometry": { "type": "Polygon", "coordinates": [ [ [ 105.878599, 56.80282 ], [ 105.87757, 56.802865 ], [ 105.87867, 56.802817 ], [ 105.883921, 56.801891 ], [ 105.878599, 56.80282 ] ] ] } },
{ "type": "Feature", "properties": { "AA_MINS": 10 }, "geometry": { "type": "Polygon", "coordinates": [ [ [ 105.976622, 56.817203 ], [ 105.976307, 56.817035 ], [ 105.976175779658021, 56.816974966100325 ], [ 105.975758028457193, 56.816783594041844 ], [ 105.975754, 56.816782 ], [ 105.97521, 56.816533 ], [ 105.972852852988495, 56.815480044987389 ], [ 105.972264, 56.815217 ], [ 105.972127, 56.81555 ], [ 105.968599009573467, 56.815886619374162 ], [ 105.968358, 56.815984 ], [ 105.972798, 56.818588 ], [ 105.977294, 56.818151 ], [ 105.977547, 56.817895 ], [ 105.977542987089777, 56.81789101306331 ], [ 105.977543, 56.817891 ], [ 105.977539076924117, 56.817887128206159 ], [ 105.977238, 56.817588 ], [ 105.976958, 56.817383 ], [ 105.976622, 56.817203 ] ] ] } },
{ "type": "Feature", "properties": { "AA_MINS": 10 }, "geometry": { "type": "Polygon", "coordinates": [ [ [ 105.972226, 56.815201 ], [ 105.972225871721136, 56.815201311801928 ], [ 105.972236439824059, 56.815205660135938 ], [ 105.972226, 56.815201 ] ] ] } },
{ "type": "Feature", "properties": { "AA_MINS": 10 }, "geometry": { "type": "Polygon", "coordinates": [ [ [ 105.970903, 56.814671 ], [ 105.970895870339305, 56.814689862724393 ], [ 105.971098023281129, 56.814755312363467 ], [ 105.970995303635092, 56.814710904659513 ], [ 105.970903, 56.814671 ] ] ] } },
{ "type": "Feature", "properties": { "AA_MINS": 10 }, "geometry": { "type": "Polygon", "coordinates": [ [ [ 105.956481, 56.811464 ], [ 105.958663, 56.815461 ], [ 105.959355, 56.817247 ], [ 105.959607, 56.817395 ], [ 105.96481, 56.818106 ], [ 105.968358, 56.815984 ], [ 105.963712, 56.816403 ], [ 105.962562, 56.815221 ], [ 105.962471, 56.814939 ], [ 105.96226, 56.812665 ], [ 105.962281, 56.812305 ], [ 105.962666722108139, 56.812327637315903 ], [ 105.958417, 56.811651 ], [ 105.957709893803042, 56.81131134040487 ], [ 105.956879, 56.811141 ], [ 105.956877332024533, 56.811145903272724 ], [ 105.956826, 56.811129 ], [ 105.956509, 56.811105 ], [ 105.956481, 56.811464 ] ] ] } },
{ "type": "Feature", "properties": { "AA_MINS": 10 }, "geometry": { "type": "Polygon", "coordinates": [ [ [ 105.962696, 56.812329 ], [ 105.962679576771492, 56.812328391732279 ], [ 105.962695979328529, 56.812329354367961 ], [ 105.962696, 56.812329 ] ] ] } },
{ "type": "Feature", "properties": { "AA_MINS": 10 }, "geometry": { "type": "Polygon", "coordinates": [ [ [ 105.963247666669574, 56.812361500000172 ], [ 105.963343, 56.812367 ], [ 105.963232106840152, 56.812360583333479 ], [ 105.963247666669574, 56.812361500000172 ] ] ] } },
{ "type": "Feature", "properties": { "AA_MINS": 120 }, "geometry": { "type": "Polygon", "coordinates": [ [ [ 105.5720415, 56.7836987 ], [ 105.5720571, 56.7837212 ], [ 105.571765363051696, 56.783849783049284 ], [ 105.574214, 56.785007 ], [ 105.574520507158439, 56.785015981894752 ], [ 105.572375, 56.783589 ], [ 105.5720415, 56.7836987 ] ] ] } },
{ "type": "Feature", "properties": { "AA_MINS": 120 }, "geometry": { "type": "Polygon", "coordinates": [ [ [ 105.5680866, 56.7854913 ], [ 105.569018789485327, 56.786145254631904 ], [ 105.568641, 56.785288 ], [ 105.568607274731391, 56.785258119062526 ], [ 105.5680866, 56.7854913 ] ] ] } },
{ "type": "Feature", "properties": { "AA_MINS": 120 }, "geometry": { "type": "Polygon", "coordinates": [ [ [ 105.570567, 56.7919324 ], [ 105.570793493184354, 56.792903422524788 ], [ 105.571398, 56.791544 ], [ 105.571391044452213, 56.791528216936186 ], [ 105.570567, 56.7919324 ] ] ] } },
{ "type": "Feature", "properties": { "AA_MINS": 120 }, "geometry": { "type": "Polygon", "coordinates": [ [ [ 105.5679886, 56.7975864 ], [ 105.5672852, 56.7986705 ], [ 105.566792004034042, 56.799690967122778 ], [ 105.568661, 56.797699 ], [ 105.56907089943158, 56.79677721300645 ], [ 105.5679886, 56.7975864 ] ] ] } },
{ "type": "Feature", "properties": { "AA_MINS": 120 }, "geometry": { "type": "Polygon", "coordinates": [ [ [ 105.573284, 56.803633 ], [ 105.574054619120801, 56.803943404207871 ], [ 105.574763690977335, 56.804067256295923 ], [ 105.573867, 56.803391 ], [ 105.573629, 56.803346 ], [ 105.572698572263974, 56.803222729799593 ], [ 105.573284, 56.803633 ] ] ] } },
{ "type": "Feature", "properties": { "AA_MINS": 120 }, "geometry": { "type": "Polygon", "coordinates": [ [ [ 105.585176, 56.8077161 ], [ 105.585278873744201, 56.808695081810427 ], [ 105.588824, 56.80467 ], [ 105.594452, 56.803919 ], [ 105.597667, 56.808535 ], [ 105.597815, 56.811345 ], [ 105.597837, 56.811762 ], [ 105.598467, 56.812638 ], [ 105.598888, 56.812986 ], [ 105.599506162423538, 56.812642414439118 ], [ 105.599484, 56.812229 ], [ 105.599433, 56.81126 ], [ 105.599329, 56.809286 ], [ 105.599233, 56.807463 ], [ 105.595057, 56.802416 ], [ 105.590087, 56.80342 ], [ 105.584854931049492, 56.80729732926104 ], [ 105.585176, 56.8077161 ] ] ] } },
{ "type": "Feature", "properties": { "AA_MINS": 120 }, "geometry": { "type": "Polygon", "coordinates": [ [ [ 105.995353801016577, 56.822886747237952 ], [ 105.995384, 56.822893 ], [ 105.995425240273022, 56.822891836390134 ], [ 105.995353801016577, 56.822886747237952 ] ] ] } },
{ "type": "Feature", "properties": { "AA_MINS": 120 }, "geometry": { "type": "Polygon", "coordinates": [ [ [ 105.9235622, 56.7936645 ], [ 105.9218466, 56.7932114 ], [ 105.9208079, 56.7928917 ], [ 105.918844, 56.7928337 ], [ 105.9170201, 56.7928809 ], [ 105.9164211, 56.7928024 ], [ 105.9160489, 56.7926205 ], [ 105.9152871, 56.7925862 ], [ 105.9131734, 56.7926354 ], [ 105.9110628, 56.7924819 ], [ 105.9091084, 56.792543 ], [ 105.9080744, 56.7926065 ], [ 105.906042, 56.7926804 ], [ 105.903878, 56.7929245 ], [ 105.9026565, 56.7932607 ], [ 105.9018175, 56.7934889 ], [ 105.8994939, 56.794311 ], [ 105.897226, 56.7953726 ], [ 105.8956788, 56.7961625 ], [ 105.8947285, 56.7965498 ], [ 105.8947553, 56.7965703 ], [ 105.8945622, 56.796634 ], [ 105.8945533, 56.7966262 ], [ 105.8930429, 56.7972406 ], [ 105.8932628, 56.7974198 ], [ 105.8892537, 56.7986692 ], [ 105.8888933, 56.7987762 ], [ 105.887308032415007, 56.799182749065487 ], [ 105.889907808085098, 56.800120166663937 ], [ 105.891185, 56.799857 ], [ 105.893245, 56.799019 ], [ 105.893246429889899, 56.799021501737201 ], [ 105.894015, 56.79871 ], [ 105.894342, 56.798603 ], [ 105.894612019452268, 56.799120802008467 ], [ 105.899848, 56.797996 ], [ 105.902552, 56.799 ], [ 105.903663, 56.799586 ], [ 105.907187, 56.801284 ], [ 105.91282, 56.800094 ], [ 105.913562, 56.799526 ], [ 105.915611, 56.797255 ], [ 105.918184, 56.794584 ], [ 105.919111, 56.794164 ], [ 105.920155, 56.793955 ], [ 105.921271, 56.794037 ], [ 105.923293, 56.794669 ], [ 105.927561090871095, 56.795858587082343 ], [ 105.925635755744125, 56.794283708884073 ], [ 105.9235622, 56.7936645 ] ] ] } },
{ "type": "Feature", "properties": { "AA_MINS": 120 }, "geometry": { "type": "Polygon", "coordinates": [ [ [ 105.675511, 56.7552091 ], [ 105.6750842, 56.7547771 ], [ 105.6736537, 56.7538744 ], [ 105.6707487, 56.7527063 ], [ 105.666588113790027, 56.751399296301578 ], [ 105.666497, 56.751548 ], [ 105.666488, 56.753424 ], [ 105.666715121752844, 56.754760974441965 ], [ 105.66381, 56.756151 ], [ 105.661471209826587, 56.757043846868207 ], [ 105.66599, 56.757349 ], [ 105.666249, 56.757332 ], [ 105.666518, 56.757316 ], [ 105.666813, 56.757312 ], [ 105.667109, 56.757308 ], [ 105.667585, 56.757482 ], [ 105.670405, 56.757588 ], [ 105.673726337796069, 56.758295548448338 ], [ 105.673779, 56.7583 ], [ 105.673859634944534, 56.758323944894698 ], [ 105.673935, 56.75834 ], [ 105.673972250919206, 56.758357386694279 ], [ 105.674567, 56.758534 ], [ 105.682259, 56.762136 ], [ 105.682348226595593, 56.76217989784972 ], [ 105.682488, 56.762232 ], [ 105.683240677546422, 56.762618967361043 ], [ 105.684005, 56.762995 ], [ 105.688208, 56.765474 ], [ 105.688337934059277, 56.765559624748732 ], [ 105.688494, 56.765652 ], [ 105.690103681913172, 56.766702570694932 ], [ 105.692340721248513, 56.766444271230753 ], [ 105.685097, 56.761514 ], [ 105.683268, 56.760955 ], [ 105.681343, 56.760365 ], [ 105.679291, 56.759592 ], [ 105.677556, 56.758795 ], [ 105.674685, 56.757498 ], [ 105.675628235235436, 56.755411815527843 ], [ 105.675511, 56.7552091 ] ] ] } },
{ "type": "Feature", "properties": { "AA_MINS": 120 }, "geometry": { "type": "Polygon", "coordinates": [ [ [ 105.60727, 56.799961 ], [ 105.60671, 56.799844 ], [ 105.606607473762892, 56.799814329897337 ], [ 105.605034, 56.800332 ], [ 105.603042, 56.806373 ], [ 105.60316, 56.807055 ], [ 105.603321, 56.808175 ], [ 105.603485, 56.809319 ], [ 105.603487, 56.809586 ], [ 105.603478, 56.809918 ], [ 105.603410659552054, 56.810638903545481 ], [ 105.605109, 56.809838 ], [ 105.605105, 56.809306 ], [ 105.604764, 56.806824 ], [ 105.606078, 56.80157 ], [ 105.607261, 56.800302 ], [ 105.60780302863742, 56.80008064735528 ], [ 105.60727, 56.799961 ] ] ] } },
{ "type": "Feature", "properties": { "AA_MINS": 120 }, "geometry": { "type": "Polygon", "coordinates": [ [ [ 105.830097, 56.817483 ], [ 105.829701377525154, 56.817335357259097 ], [ 105.829811, 56.81763 ], [ 105.830922, 56.819184 ], [ 105.832036, 56.820161 ], [ 105.832171, 56.820007 ], [ 105.83237956325631, 56.819811069128811 ], [ 105.831151, 56.818954 ], [ 105.830097, 56.817483 ] ] ] } },
{ "type": "Feature", "properties": { "AA_MINS": 120 }, "geometry": { "type": "Polygon", "coordinates": [ [ [ 105.656921693238516, 56.756754080351463 ], [ 105.656994, 56.756756 ], [ 105.656839635514515, 56.75670062086018 ], [ 105.656921693238516, 56.756754080351463 ] ] ] } },
{ "type": "Feature", "properties": { "AA_MINS": 120 }, "geometry": { "type": "Polygon", "coordinates": [ [ [ 105.652568557531794, 56.755353014627232 ], [ 105.654547, 56.755207 ], [ 105.647574, 56.753154 ], [ 105.652568557531794, 56.755353014627232 ] ] ] } },
{ "type": "Feature", "properties": { "AA_MINS": 15 }, "geometry": { "type": "Polygon", "coordinates": [ [ [ 105.5713744, 56.7840221 ], [ 105.571026, 56.7838355 ], [ 105.5699722, 56.7842995 ], [ 105.5700446, 56.7843602 ], [ 105.569961410691718, 56.784401295470182 ], [ 105.570029, 56.784764 ], [ 105.570931, 56.785607 ], [ 105.570967665711819, 56.786073133471227 ], [ 105.571394, 56.786217 ], [ 105.571395197946771, 56.787812365605745 ], [ 105.571985354585692, 56.788226375497139 ], [ 105.57222, 56.786901 ], [ 105.572737, 56.785844 ], [ 105.572978, 56.785576 ], [ 105.57363, 56.78616 ], [ 105.574283, 56.786744 ], [ 105.572475, 56.784947 ], [ 105.571501, 56.784081 ], [ 105.571402835547744, 56.784009567033372 ], [ 105.5713744, 56.7840221 ] ] ] } },
{ "type": "Feature", "properties": { "AA_MINS": 15 }, "geometry": { "type": "Polygon", "coordinates": [ [ [ 105.571397985592185, 56.791524812397491 ], [ 105.571398, 56.791544 ], [ 105.571401721388952, 56.791522980037875 ], [ 105.571397985592185, 56.791524812397491 ] ] ] } },
{ "type": "Feature", "properties": { "AA_MINS": 15 }, "geometry": { "type": "Polygon", "coordinates": [ [ [ 105.5717632, 56.7947643 ], [ 105.569563994767307, 56.796408547625497 ], [ 105.569087, 56.79733 ], [ 105.569224, 56.797663 ], [ 105.572293, 56.80047 ], [ 105.573455, 56.800954 ], [ 105.57439, 56.80126 ], [ 105.5778, 56.801222 ], [ 105.578076, 56.800991 ], [ 105.579467, 56.79883 ], [ 105.581382, 56.796315 ], [ 105.581074, 56.796504 ], [ 105.580868, 56.796592 ], [ 105.580656, 56.796682 ], [ 105.579238, 56.79731 ], [ 105.578533, 56.797671 ], [ 105.578248, 56.797801 ], [ 105.577963, 56.79793 ], [ 105.576082, 56.797116 ], [ 105.574832, 56.795916 ], [ 105.571286, 56.793082 ], [ 105.571076770089093, 56.793486187658736 ], [ 105.5717632, 56.7947643 ] ] ] } },
{ "type": "Feature", "properties": { "AA_MINS": 15 }, "geometry": { "type": "Polygon", "coordinates": [ [ [ 105.957238280183475, 56.819628806234718 ], [ 105.957244, 56.819624 ], [ 105.957431, 56.819346 ], [ 105.958464513345078, 56.818311682989787 ], [ 105.959741632339046, 56.818194858921736 ], [ 105.964479, 56.818823 ], [ 105.965276, 56.819104 ], [ 105.966073, 56.819385 ], [ 105.96755, 56.820023 ], [ 105.967826, 56.820039 ], [ 105.970716, 56.820232 ], [ 105.974031709956492, 56.819558745891655 ], [ 105.974828, 56.819594 ], [ 105.977173, 56.819475 ], [ 105.981866, 56.819853 ], [ 105.982206, 56.819735 ], [ 105.982205691040107, 56.819734106912804 ], [ 105.982206, 56.819734 ], [ 105.982078, 56.819364 ], [ 105.981849570508416, 56.819252647779166 ], [ 105.981866, 56.819212 ], [ 105.98128, 56.818975 ], [ 105.981226, 56.818953 ], [ 105.980586, 56.818694 ], [ 105.975758028457193, 56.816783594041844 ], [ 105.976175779658021, 56.816974966100325 ], [ 105.976307, 56.817035 ], [ 105.976622, 56.817203 ], [ 105.976958, 56.817383 ], [ 105.977238, 56.817588 ], [ 105.977539076924117, 56.817887128206159 ], [ 105.977543, 56.817891 ], [ 105.977542987089777, 56.81789101306331 ], [ 105.977547, 56.817895 ], [ 105.977294, 56.818151 ], [ 105.972798, 56.818588 ], [ 105.968358, 56.815984 ], [ 105.96481, 56.818106 ], [ 105.959607, 56.817395 ], [ 105.959355, 56.817247 ], [ 105.958663, 56.815461 ], [ 105.956481, 56.811464 ], [ 105.956509, 56.811105 ], [ 105.956826, 56.811129 ], [ 105.956877332024533, 56.811145903272724 ], [ 105.956879, 56.811141 ], [ 105.957709893803028, 56.81131134040487 ], [ 105.954549, 56.809793 ], [ 105.953528, 56.809062 ], [ 105.950879, 56.807495 ], [ 105.950685, 56.807798 ], [ 105.953902, 56.812146 ], [ 105.955537, 56.815924 ], [ 105.955640249153376, 56.818973537494479 ], [ 105.957238280183475, 56.819628806234718 ] ] ] } },
{ "type": "Feature", "properties": { "AA_MINS": 15 }, "geometry": { "type": "Polygon", "coordinates": [ [ [ 105.7789706, 56.7736855 ], [ 105.777458046859323, 56.773366134740762 ], [ 105.776008, 56.773917 ], [ 105.772428, 56.775085 ], [ 105.768224, 56.775476 ], [ 105.763539, 56.776166 ], [ 105.763433, 56.77651 ], [ 105.765932, 56.777396 ], [ 105.770369, 56.77967 ], [ 105.770013, 56.779406 ], [ 105.769602, 56.779079 ], [ 105.769339, 56.778711 ], [ 105.769207, 56.778161 ], [ 105.76928, 56.777808 ], [ 105.77176, 56.776314 ], [ 105.774934, 56.774603 ], [ 105.775255, 56.774571 ], [ 105.779966, 56.775336 ], [ 105.782975, 56.776471 ], [ 105.781438073764178, 56.77234403245906 ], [ 105.7789706, 56.7736855 ] ] ] } },
{ "type": "Feature", "properties": { "AA_MINS": 15 }, "geometry": { "type": "Polygon", "coordinates": [ [ [ 105.6436481, 56.7573631 ], [ 105.643616477272531, 56.757407820918047 ], [ 105.643605, 56.757478 ], [ 105.645095, 56.760758 ], [ 105.643474, 56.766209 ], [ 105.643273, 56.766425 ], [ 105.643182, 56.766609 ], [ 105.643204, 56.766915 ], [ 105.643288, 56.76701 ], [ 105.647006, 56.767094 ], [ 105.648229, 56.766375 ], [ 105.649870110109788, 56.764939507577125 ], [ 105.649222, 56.766731 ], [ 105.649085, 56.768155 ], [ 105.649235, 56.768483 ], [ 105.650485, 56.769858 ], [ 105.652369, 56.769991 ], [ 105.656864, 56.770823 ], [ 105.657274, 56.770716 ], [ 105.657684, 56.770609 ], [ 105.658008, 56.7705 ], [ 105.658319, 56.770394 ], [ 105.658747, 56.770228 ], [ 105.659168, 56.770065 ], [ 105.661657, 56.768612 ], [ 105.66188, 56.768468 ], [ 105.662103, 56.768324 ], [ 105.666320962285084, 56.765915357818365 ], [ 105.663723, 56.766135 ], [ 105.660245, 56.768106 ], [ 105.659515, 56.768268 ], [ 105.655324, 56.767321 ], [ 105.651379, 56.765937 ], [ 105.651226, 56.765611 ], [ 105.652424, 56.765046 ], [ 105.654484344587189, 56.763297683862938 ], [ 105.650799, 56.764127 ], [ 105.649781, 56.764528 ], [ 105.649248, 56.764751 ], [ 105.646768, 56.764482 ], [ 105.646586, 56.764171 ], [ 105.648217, 56.763011 ], [ 105.648602, 56.757296 ], [ 105.648865, 56.756705 ], [ 105.649108, 56.756675 ], [ 105.654793, 56.75681 ], [ 105.655502, 56.756757 ], [ 105.649939, 56.755964 ], [ 105.648882, 56.755705 ], [ 105.647616, 56.755605 ], [ 105.644314, 56.755351 ], [ 105.643954, 56.755344 ], [ 105.643718208651947, 56.756785772884605 ], [ 105.6436481, 56.7573631 ] ] ] } },
{ "type": "Feature", "properties": { "AA_MINS": 15 }, "geometry": { "type": "Polygon", "coordinates": [ [ [ 105.655502, 56.756757 ], [ 105.656717, 56.756753 ], [ 105.660528482711442, 56.759515728561425 ], [ 105.662308014392636, 56.758856827164827 ], [ 105.658112, 56.756817 ], [ 105.65767, 56.75679 ], [ 105.657227, 56.756763 ], [ 105.656994, 56.756756 ], [ 105.656921693238516, 56.756754080351463 ], [ 105.656768, 56.75675 ], [ 105.655502, 56.756757 ] ] ] } },
{ "type": "Feature", "properties": { "AA_MINS": 15 }, "geometry": { "type": "Polygon", "coordinates": [ [ [ 105.671699, 56.76601 ], [ 105.67205, 56.766074 ], [ 105.671689, 56.766008 ], [ 105.671699, 56.76601 ] ] ] } },
{ "type": "Feature", "properties": { "AA_MINS": 15 }, "geometry": { "type": "Polygon", "coordinates": [ [ [ 105.679384, 56.765794 ], [ 105.679575, 56.765489 ], [ 105.678769, 56.764497 ], [ 105.678477, 56.764428 ], [ 105.677334, 56.764109 ], [ 105.676474, 56.763855 ], [ 105.673811687709133, 56.762114776031069 ], [ 105.669648, 56.761528 ], [ 105.669582440789654, 56.761520886180072 ], [ 105.6698, 56.761567 ], [ 105.671865, 56.762721 ], [ 105.672166, 56.762918 ], [ 105.672818, 56.763636 ], [ 105.673194, 56.764565 ], [ 105.673134, 56.76492 ], [ 105.67205, 56.766074 ], [ 105.672505, 56.766172 ], [ 105.674051, 56.766604 ], [ 105.674219, 56.766659 ], [ 105.674843, 56.766854 ], [ 105.677688, 56.76813 ], [ 105.677975, 56.767913 ], [ 105.679384, 56.765794 ] ] ] } },
{ "type": "Feature", "properties": { "AA_MINS": 15 }, "geometry": { "type": "Polygon", "coordinates": [ [ [ 105.678873, 56.761721 ], [ 105.677293, 56.761147 ], [ 105.67722, 56.761122 ], [ 105.677501, 56.762102 ], [ 105.677383, 56.762442 ], [ 105.676906, 56.762821 ], [ 105.676243, 56.762645 ], [ 105.67558, 56.762469 ], [ 105.674977, 56.762279 ], [ 105.679636, 56.764682 ], [ 105.68307, 56.76474 ], [ 105.683231, 56.764419 ], [ 105.681918, 56.7633 ], [ 105.680651, 56.762423 ], [ 105.680491, 56.762316 ], [ 105.678873, 56.761721 ] ] ] } },
{ "type": "Feature", "properties": { "AA_MINS": 15 }, "geometry": { "type": "Polygon", "coordinates": [ [ [ 105.667109, 56.757308 ], [ 105.667379865456709, 56.757504710996052 ], [ 105.667585, 56.757482 ], [ 105.667109, 56.757308 ] ] ] } },
{ "type": "Feature", "properties": { "AA_MINS": 15 }, "geometry": { "type": "Polygon", "coordinates": [ [ [ 105.783090035934819, 56.788611859694988 ], [ 105.782649, 56.788697 ], [ 105.778055601885555, 56.791139948850557 ], [ 105.778409740971043, 56.7912604144732 ], [ 105.783723, 56.791503 ], [ 105.786887474795165, 56.793913909199162 ], [ 105.78971, 56.794929 ], [ 105.791216936705794, 56.795328758226184 ], [ 105.791346804571674, 56.79534759052499 ], [ 105.789027, 56.790821 ], [ 105.7891, 56.790468 ], [ 105.788628, 56.789334 ], [ 105.786841, 56.78817 ], [ 105.786800029255176, 56.788172803737503 ], [ 105.78787, 56.787523 ], [ 105.79243, 56.785113 ], [ 105.792676, 56.78485 ], [ 105.790574, 56.779443 ], [ 105.787701, 56.777083 ], [ 105.787342, 56.777105 ], [ 105.782975, 56.776471 ], [ 105.787776, 56.778321 ], [ 105.789118, 56.779113 ], [ 105.789081, 56.779471 ], [ 105.787165, 56.783615 ], [ 105.78383, 56.786464 ], [ 105.780647, 56.786556 ], [ 105.776801, 56.786435 ], [ 105.77683, 56.786465 ], [ 105.777116, 56.786709 ], [ 105.777426, 56.78697 ], [ 105.779127, 56.788074 ], [ 105.779476, 56.788136 ], [ 105.781664, 56.788412 ], [ 105.783090035934819, 56.788611859694988 ] ] ] } },
{ "type": "Feature", "properties": { "AA_MINS": 15 }, "geometry": { "type": "Polygon", "coordinates": [ [ [ 105.7659, 56.78498 ], [ 105.765488, 56.785002 ], [ 105.762452, 56.784319 ], [ 105.760327942163926, 56.783247036735737 ], [ 105.755523, 56.783194 ], [ 105.754617125756184, 56.783200405932675 ], [ 105.750287, 56.784511 ], [ 105.745728, 56.785192 ], [ 105.74527, 56.785256 ], [ 105.744063, 56.78477 ], [ 105.743527, 56.783061 ], [ 105.739781, 56.780265 ], [ 105.738023, 56.779833 ], [ 105.737263, 56.779724 ], [ 105.735249, 56.779405 ], [ 105.733465, 56.779331 ], [ 105.737978, 56.783265 ], [ 105.73845, 56.785404 ], [ 105.739459, 56.785679 ], [ 105.740468, 56.785954 ], [ 105.742031, 56.78638 ], [ 105.746597, 56.787765 ], [ 105.746878, 56.787784 ], [ 105.750837, 56.787505 ], [ 105.755735, 56.786578 ], [ 105.755996, 56.786331 ], [ 105.759105648210408, 56.784008548415635 ], [ 105.761298, 56.784507 ], [ 105.761738, 56.784801 ], [ 105.762914, 56.785568 ], [ 105.76325, 56.78575 ], [ 105.765687170679826, 56.787501264492455 ], [ 105.763875, 56.788414 ], [ 105.763636, 56.788683 ], [ 105.76446, 56.789924 ], [ 105.76493, 56.790197 ], [ 105.765307, 56.790372 ], [ 105.765567, 56.790449 ], [ 105.765801, 56.790517 ], [ 105.768282, 56.792205 ], [ 105.767243, 56.790714 ], [ 105.767486, 56.790449 ], [ 105.76796, 56.790314 ], [ 105.77295, 56.789646 ], [ 105.769106, 56.787701 ], [ 105.768457, 56.787171 ], [ 105.767482, 56.786642 ], [ 105.767313911485985, 56.786704347371668 ], [ 105.767306, 56.786683 ], [ 105.766197, 56.784777 ], [ 105.7659, 56.78498 ] ] ] } },
{ "type": "Feature", "properties": { "AA_MINS": 15 }, "geometry": { "type": "Polygon", "coordinates": [ [ [ 105.755459600047502, 56.780592171270634 ], [ 105.756203, 56.780798 ], [ 105.75964, 56.780896 ], [ 105.755459600047502, 56.780592171270634 ] ] ] } },
{ "type": "Feature", "properties": { "AA_MINS": 15 }, "geometry": { "type": "Polygon", "coordinates": [ [ [ 105.726475, 56.778499 ], [ 105.726492, 56.778858 ], [ 105.726723, 56.778847 ], [ 105.726954, 56.778836 ], [ 105.731464, 56.779059 ], [ 105.73307, 56.779276 ], [ 105.733177, 56.779291 ], [ 105.733227, 56.778934 ], [ 105.734301, 56.778381 ], [ 105.736567, 56.777268 ], [ 105.733582, 56.777887 ], [ 105.730211, 56.777731 ], [ 105.729226, 56.777623 ], [ 105.72824, 56.777516 ], [ 105.727447, 56.77785 ], [ 105.726554, 56.778425 ], [ 105.726475, 56.778499 ] ] ] } },
{ "type": "Feature", "properties": { "AA_MINS": 15 }, "geometry": { "type": "Polygon", "coordinates": [ [ [ 105.78205, 56.80314 ], [ 105.782335, 56.803361 ], [ 105.784654, 56.803159 ], [ 105.786868, 56.802751 ], [ 105.787671018886911, 56.802636740663701 ], [ 105.788218, 56.803563 ], [ 105.78965, 56.803921 ], [ 105.793068, 56.808749 ], [ 105.793065, 56.809075 ], [ 105.793425, 56.809078 ], [ 105.797992, 56.80755 ], [ 105.799652, 56.807595 ], [ 105.80201, 56.807909 ], [ 105.803, 56.808123 ], [ 105.806091, 56.807346 ], [ 105.811388, 56.806649 ], [ 105.811522, 56.806315 ], [ 105.81134, 56.806115 ], [ 105.808022, 56.803501 ], [ 105.805275797244676, 56.802271531977787 ], [ 105.806450848799088, 56.801553975233048 ], [ 105.809954, 56.800254 ], [ 105.810813, 56.800322 ], [ 105.811608, 56.800361 ], [ 105.812402, 56.8004 ], [ 105.81537, 56.798841 ], [ 105.815381, 56.798481 ], [ 105.815081, 56.798472 ], [ 105.81303, 56.7984 ], [ 105.811816, 56.798356 ], [ 105.809851, 56.798321 ], [ 105.808639, 56.798286 ], [ 105.805798, 56.798131 ], [ 105.806416, 56.798168 ], [ 105.808587, 56.798285 ], [ 105.80858, 56.798645 ], [ 105.806494, 56.799542 ], [ 105.804806, 56.800225 ], [ 105.804732, 56.800233 ], [ 105.80359777328529, 56.800036874619558 ], [ 105.800553804653447, 56.800876194154299 ], [ 105.801317, 56.801332 ], [ 105.803995, 56.801812 ], [ 105.804358, 56.8019 ], [ 105.804551, 56.801967 ], [ 105.804743, 56.802033 ], [ 105.805067, 56.80463 ], [ 105.804984, 56.80498 ], [ 105.800861, 56.805815 ], [ 105.795269, 56.805534 ], [ 105.791987, 56.804432 ], [ 105.790511, 56.803585 ], [ 105.790382, 56.803425 ], [ 105.789921, 56.800929 ], [ 105.790256358979008, 56.800154729269437 ], [ 105.78868, 56.799546 ], [ 105.786429, 56.799822 ], [ 105.785158, 56.800067 ], [ 105.784875, 56.799844 ], [ 105.781745903964548, 56.796181017044532 ], [ 105.779117, 56.79549 ], [ 105.778781, 56.795415 ], [ 105.778439, 56.79534 ], [ 105.778101, 56.795253 ], [ 105.777705, 56.795139 ], [ 105.771705, 56.795123 ], [ 105.771552, 56.795181 ], [ 105.771232, 56.79498 ], [ 105.770972, 56.794776 ], [ 105.768282, 56.792205 ], [ 105.768525, 56.796726 ], [ 105.768529, 56.797673 ], [ 105.768747, 56.797959 ], [ 105.772944, 56.79789 ], [ 105.778641532940128, 56.798834521298218 ], [ 105.779575, 56.800405 ], [ 105.78205, 56.80314 ] ] ] } },
{ "type": "Feature", "properties": { "AA_MINS": 15 }, "geometry": { "type": "Polygon", "coordinates": [ [ [ 105.798941, 56.796225 ], [ 105.798829607876371, 56.796207470163807 ], [ 105.799076188235233, 56.796304040536818 ], [ 105.798941, 56.796225 ] ] ] } },
{ "type": "Feature", "properties": { "AA_MINS": 15 }, "geometry": { "type": "Polygon", "coordinates": [ [ [ 105.598454, 56.797055 ], [ 105.598516, 56.7953 ], [ 105.598442, 56.794249 ], [ 105.598247, 56.793946 ], [ 105.594528766350564, 56.79372486220003 ], [ 105.593826, 56.793883 ], [ 105.593001, 56.793634 ], [ 105.594517, 56.794777 ], [ 105.59442, 56.795124 ], [ 105.590665, 56.795575 ], [ 105.590356, 56.79539 ], [ 105.585509255348185, 56.7944561841365 ], [ 105.582038, 56.795716 ], [ 105.581382, 56.796315 ], [ 105.58613, 56.79662 ], [ 105.588132, 56.798926 ], [ 105.588434, 56.799122 ], [ 105.590931, 56.799072 ], [ 105.593149, 56.798567 ], [ 105.598307, 56.797384 ], [ 105.598454, 56.797055 ] ] ] } },
{ "type": "Feature", "properties": { "AA_MINS": 15 }, "geometry": { "type": "Polygon", "coordinates": [ [ [ 105.579318, 56.791109 ], [ 105.579553, 56.791295 ], [ 105.579709, 56.791448 ], [ 105.585229, 56.793456 ], [ 105.586086, 56.793522 ], [ 105.586113, 56.793524 ], [ 105.59101, 56.793054 ], [ 105.592382, 56.793447 ], [ 105.592692, 56.79354 ], [ 105.593001, 56.793634 ], [ 105.590614, 56.792402 ], [ 105.585832, 56.79147 ], [ 105.585753578358748, 56.791445704047973 ], [ 105.58575, 56.791445 ], [ 105.58574678694454, 56.791443599987517 ], [ 105.585746786944526, 56.791443599987517 ], [ 105.584344, 56.791009 ], [ 105.578803593560693, 56.790675311942898 ], [ 105.579075, 56.790918 ], [ 105.579318, 56.791109 ] ] ] } },
{ "type": "Feature", "properties": { "AA_MINS": 15 }, "geometry": { "type": "Polygon", "coordinates": [ [ [ 105.881576, 56.811337 ], [ 105.88515, 56.808347 ], [ 105.881633, 56.808033 ], [ 105.881004, 56.80788 ], [ 105.876987, 56.806854 ], [ 105.876097, 56.806684 ], [ 105.870556, 56.80631 ], [ 105.869652, 56.806351 ], [ 105.869127, 56.806381 ], [ 105.868382, 56.806364 ], [ 105.867406, 56.80575 ], [ 105.865389, 56.804105 ], [ 105.865381, 56.803745 ], [ 105.870943, 56.802796 ], [ 105.87078, 56.802792 ], [ 105.869667, 56.802777 ], [ 105.865943, 56.802647 ], [ 105.863327, 56.802531 ], [ 105.858461, 56.803305 ], [ 105.858415, 56.803662 ], [ 105.860581, 56.806421 ], [ 105.862103, 56.806848 ], [ 105.862805, 56.806964 ], [ 105.863325, 56.806968 ], [ 105.864115, 56.806937 ], [ 105.864896, 56.806906 ], [ 105.866214, 56.806798 ], [ 105.871844, 56.808743 ], [ 105.872779, 56.809148 ], [ 105.876019, 56.810039 ], [ 105.881576, 56.811337 ] ] ] } },
{ "type": "Feature", "properties": { "AA_MINS": 15 }, "geometry": { "type": "Polygon", "coordinates": [ [ [ 105.895047, 56.809811 ], [ 105.898481, 56.805919 ], [ 105.8985, 56.80556 ], [ 105.898039, 56.801039 ], [ 105.898203, 56.799545 ], [ 105.898156, 56.799188 ], [ 105.897857, 56.799227 ], [ 105.897558, 56.799266 ], [ 105.897169, 56.799385 ], [ 105.896809, 56.799496 ], [ 105.893152, 56.800806 ], [ 105.889272, 56.801478 ], [ 105.892435, 56.801098 ], [ 105.89257, 56.801431 ], [ 105.891915, 56.805552 ], [ 105.890086, 56.807228 ], [ 105.887966, 56.808403 ], [ 105.88515, 56.808347 ], [ 105.889284, 56.809284 ], [ 105.89009, 56.809762 ], [ 105.890901, 56.810243 ], [ 105.891121, 56.810363 ], [ 105.891498, 56.810582 ], [ 105.891664, 56.810685 ], [ 105.895047, 56.809811 ] ] ] } },
{ "type": "Feature", "properties": { "AA_MINS": 15 }, "geometry": { "type": "Polygon", "coordinates": [ [ [ 105.872241, 56.802827 ], [ 105.870943, 56.802796 ], [ 105.872322, 56.802829 ], [ 105.872241, 56.802827 ] ] ] } },
{ "type": "Feature", "properties": { "AA_MINS": 30 }, "geometry": { "type": "Polygon", "coordinates": [ [ [ 105.571402835547744, 56.784009567033372 ], [ 105.571501, 56.784081 ], [ 105.572475, 56.784947 ], [ 105.574283, 56.786744 ], [ 105.575682, 56.787895 ], [ 105.576172, 56.788267 ], [ 105.576654, 56.788635 ], [ 105.577013, 56.789001 ], [ 105.577546269196759, 56.7895510290858 ], [ 105.578803593560693, 56.790675311942898 ], [ 105.584344, 56.791009 ], [ 105.585746786944526, 56.791443599987517 ], [ 105.580958, 56.789357 ], [ 105.580379, 56.789017 ], [ 105.576272, 56.78653 ], [ 105.574214, 56.785007 ], [ 105.571765363051696, 56.783849783049284 ], [ 105.571402835547744, 56.784009567033372 ] ] ] } },
{ "type": "Feature", "properties": { "AA_MINS": 30 }, "geometry": { "type": "Polygon", "coordinates": [ [ [ 105.5686614, 56.7850435 ], [ 105.5685649, 56.7851189 ], [ 105.5687011, 56.7852161 ], [ 105.568607274731391, 56.785258119062526 ], [ 105.568641, 56.785288 ], [ 105.570967665711819, 56.786073133471227 ], [ 105.570931, 56.785607 ], [ 105.570029, 56.784764 ], [ 105.569961410691718, 56.784401295470182 ], [ 105.5686614, 56.7850435 ] ] ] } },
{ "type": "Feature", "properties": { "AA_MINS": 30 }, "geometry": { "type": "Polygon", "coordinates": [ [ [ 105.571076770089093, 56.793486187658736 ], [ 105.571286, 56.793082 ], [ 105.571066777309099, 56.793467581395774 ], [ 105.571076770089093, 56.793486187658736 ] ] ] } },
{ "type": "Feature", "properties": { "AA_MINS": 30 }, "geometry": { "type": "Polygon", "coordinates": [ [ [ 105.569269507125895, 56.79662872289515 ], [ 105.568661, 56.797699 ], [ 105.566626, 56.801204 ], [ 105.565694811061405, 56.802271531244237 ], [ 105.5668049, 56.8026505 ], [ 105.5682288, 56.8027038 ], [ 105.5709835, 56.8020208 ], [ 105.572698572263974, 56.803222729799593 ], [ 105.573629, 56.803346 ], [ 105.573867, 56.803391 ], [ 105.574137, 56.803438 ], [ 105.575044, 56.803442 ], [ 105.575947, 56.803446 ], [ 105.576753, 56.803469 ], [ 105.577565, 56.803492 ], [ 105.578302, 56.803487 ], [ 105.579038, 56.803481 ], [ 105.580501, 56.803452 ], [ 105.581046886849876, 56.804119475325678 ], [ 105.5823625, 56.804067 ], [ 105.5828257, 56.8046506 ], [ 105.584356872362989, 56.806647710530022 ], [ 105.584927, 56.805407 ], [ 105.590087, 56.80342 ], [ 105.595057, 56.802416 ], [ 105.598107, 56.803955 ], [ 105.599233, 56.807463 ], [ 105.599285, 56.80845 ], [ 105.599329, 56.809286 ], [ 105.599689, 56.809267 ], [ 105.602927, 56.805705 ], [ 105.602945925053675, 56.805656739765823 ], [ 105.602908, 56.805374 ], [ 105.605034, 56.800332 ], [ 105.606607473762892, 56.799814329897337 ], [ 105.610724, 56.79846 ], [ 105.611725, 56.798479 ], [ 105.614992108061145, 56.799864089398191 ], [ 105.615998, 56.800195 ], [ 105.618313, 56.798593 ], [ 105.61829, 56.798234 ], [ 105.615175, 56.796791 ], [ 105.614266, 56.796744 ], [ 105.612626, 56.796732 ], [ 105.610954, 56.796441 ], [ 105.610555, 56.796357 ], [ 105.610156, 56.796274 ], [ 105.606122, 56.792973 ], [ 105.606031, 56.79285 ], [ 105.605199, 56.792637 ], [ 105.604588, 56.792585 ], [ 105.603342, 56.792582 ], [ 105.601801, 56.792631 ], [ 105.599541, 56.792597 ], [ 105.594528766350564, 56.79372486220003 ], [ 105.598247, 56.793946 ], [ 105.598442, 56.794249 ], [ 105.598516, 56.7953 ], [ 105.598454, 56.797055 ], [ 105.598307, 56.797384 ], [ 105.593149, 56.798567 ], [ 105.590931, 56.799072 ], [ 105.588434, 56.799122 ], [ 105.588132, 56.798926 ], [ 105.58613, 56.79662 ], [ 105.581382, 56.796315 ], [ 105.579467, 56.79883 ], [ 105.578076, 56.800991 ], [ 105.5778, 56.801222 ], [ 105.57439, 56.80126 ], [ 105.573455, 56.800954 ], [ 105.572293, 56.80047 ], [ 105.569224, 56.797663 ], [ 105.569087, 56.79733 ], [ 105.569563994767307, 56.796408547625497 ], [ 105.569269507125895, 56.79662872289515 ] ] ] } },
{ "type": "Feature", "properties": { "AA_MINS": 30 }, "geometry": { "type": "Polygon", "coordinates": [ [ [ 105.6421419, 56.7792531 ], [ 105.6437138, 56.7763453 ], [ 105.6493894, 56.773256 ], [ 105.6524945, 56.7721385 ], [ 105.6544122, 56.7716997 ], [ 105.6560067, 56.7719744 ], [ 105.659176514474638, 56.771797645021827 ], [ 105.659754, 56.771575 ], [ 105.662535, 56.769973 ], [ 105.663371557704792, 56.769605927224447 ], [ 105.667121358097916, 56.771397611086542 ], [ 105.6702331, 56.7713348 ], [ 105.6698596, 56.7708329 ], [ 105.6744256, 56.7706962 ], [ 105.676880785613548, 56.77218680468804 ], [ 105.678096, 56.771603 ], [ 105.679607849750198, 56.772451096915361 ], [ 105.6807961, 56.7717607 ], [ 105.6903613, 56.7766674 ], [ 105.690722, 56.7769273 ], [ 105.691506867003199, 56.777502560299489 ], [ 105.69256, 56.775655 ], [ 105.69311496661301, 56.7738695003179 ], [ 105.697196, 56.775106 ], [ 105.69847, 56.771738 ], [ 105.697696, 56.771069 ], [ 105.693772030991255, 56.769012693421345 ], [ 105.693734309881251, 56.768992926148343 ], [ 105.692714442951029, 56.768358342280642 ], [ 105.691132035557885, 56.767373733236013 ], [ 105.690393111420619, 56.766913958217273 ], [ 105.690218, 56.766805 ], [ 105.689561573725413, 56.766365986372037 ], [ 105.688494, 56.765652 ], [ 105.688337934059277, 56.765559624748732 ], [ 105.684223, 56.763124 ], [ 105.683240677546422, 56.762618967361043 ], [ 105.682488, 56.762232 ], [ 105.682348226595593, 56.76217989784972 ], [ 105.678244, 56.76065 ], [ 105.678230335085885, 56.760642674413639 ], [ 105.673935, 56.75834 ], [ 105.673859634944534, 56.758323944894698 ], [ 105.673726337796069, 56.758295548448338 ], [ 105.670405, 56.757588 ], [ 105.667585, 56.757482 ], [ 105.669146, 56.758242 ], [ 105.67346, 56.759889 ], [ 105.673776, 56.759986 ], [ 105.674096, 56.760084 ], [ 105.675658, 56.760603 ], [ 105.67722, 56.761122 ], [ 105.677293, 56.761147 ], [ 105.678873, 56.761721 ], [ 105.680491, 56.762316 ], [ 105.680651, 56.762423 ], [ 105.681918, 56.7633 ], [ 105.683231, 56.764419 ], [ 105.68307, 56.76474 ], [ 105.679636, 56.764682 ], [ 105.674977, 56.762279 ], [ 105.673811687709133, 56.762114776031069 ], [ 105.676474, 56.763855 ], [ 105.677334, 56.764109 ], [ 105.678477, 56.764428 ], [ 105.678769, 56.764497 ], [ 105.679575, 56.765489 ], [ 105.679384, 56.765794 ], [ 105.677975, 56.767913 ], [ 105.677688, 56.76813 ], [ 105.674843, 56.766854 ], [ 105.674219, 56.766659 ], [ 105.674051, 56.766604 ], [ 105.672505, 56.766172 ], [ 105.67205, 56.766074 ], [ 105.671699, 56.76601 ], [ 105.671689, 56.766008 ], [ 105.670973, 56.765889 ], [ 105.670408, 56.765811 ], [ 105.670196, 56.765787 ], [ 105.669436, 56.765652 ], [ 105.666320962285084, 56.765915357818365 ], [ 105.662103, 56.768324 ], [ 105.66188, 56.768468 ], [ 105.661657, 56.768612 ], [ 105.659168, 56.770065 ], [ 105.658747, 56.770228 ], [ 105.658319, 56.770394 ], [ 105.658008, 56.7705 ], [ 105.657684, 56.770609 ], [ 105.657274, 56.770716 ], [ 105.656864, 56.770823 ], [ 105.652369, 56.769991 ], [ 105.650485, 56.769858 ], [ 105.649235, 56.768483 ], [ 105.649085, 56.768155 ], [ 105.649222, 56.766731 ], [ 105.649870110109788, 56.764939507577125 ], [ 105.648229, 56.766375 ], [ 105.647006, 56.767094 ], [ 105.643288, 56.76701 ], [ 105.643204, 56.766915 ], [ 105.643182, 56.766609 ], [ 105.643273, 56.766425 ], [ 105.643474, 56.766209 ], [ 105.645095, 56.760758 ], [ 105.643605, 56.757478 ], [ 105.643616477272531, 56.757407820918047 ], [ 105.6417244, 56.7600836 ], [ 105.6353318, 56.7632046 ], [ 105.635299359649295, 56.763252206349243 ], [ 105.63547475060696, 56.763464803769338 ], [ 105.635311, 56.7636 ], [ 105.634701, 56.764402 ], [ 105.632559, 56.767797 ], [ 105.632399, 56.768065 ], [ 105.633998, 56.773285 ], [ 105.633029, 56.77438 ], [ 105.632056, 56.77524 ], [ 105.634439, 56.777938 ], [ 105.635412, 56.777079 ], [ 105.636675, 56.775693 ], [ 105.637659, 56.77448 ], [ 105.63788104479309, 56.774174580411049 ], [ 105.637883, 56.774176 ], [ 105.638130735716786, 56.774092085964774 ], [ 105.639563, 56.777998 ], [ 105.641269158491724, 56.780371727386438 ], [ 105.6421419, 56.7792531 ] ] ] } },
{ "type": "Feature", "properties": { "AA_MINS": 30 }, "geometry": { "type": "Polygon", "coordinates": [ [ [ 105.7307382, 56.7856827 ], [ 105.7333733, 56.7862114 ], [ 105.7353485, 56.7867597 ], [ 105.743504, 56.7895892 ], [ 105.7454977, 56.7902666 ], [ 105.7506962, 56.7926106 ], [ 105.7511918, 56.7926269 ], [ 105.7518506, 56.7921074 ], [ 105.7534003, 56.7928275 ], [ 105.7537046, 56.7930318 ], [ 105.7552433, 56.7938758 ], [ 105.7564411, 56.7943203 ], [ 105.7567408, 56.794521 ], [ 105.7572684, 56.7946355 ], [ 105.7578412, 56.7949019 ], [ 105.7586808, 56.7971696 ], [ 105.7585203, 56.7973578 ], [ 105.758509, 56.797378 ], [ 105.7583428, 56.7974876 ], [ 105.7574802, 56.7988055 ], [ 105.7566287, 56.8000424 ], [ 105.756469764522336, 56.800242433600111 ], [ 105.756438, 56.801915 ], [ 105.755557142703623, 56.803702112837215 ], [ 105.7587432, 56.8039309 ], [ 105.7590528, 56.8040048 ], [ 105.7590073, 56.8040538 ], [ 105.7593813, 56.8042536 ], [ 105.7596383, 56.8042777 ], [ 105.759651, 56.8042798 ], [ 105.7598289, 56.8041968 ], [ 105.7604158, 56.8040075 ], [ 105.7668554, 56.803056 ], [ 105.7684125, 56.8030151 ], [ 105.7728465, 56.8033504 ], [ 105.7728509, 56.8033672 ], [ 105.7729607, 56.8033865 ], [ 105.7731298, 56.8033684 ], [ 105.7761453, 56.804574 ], [ 105.7801728, 56.8059964 ], [ 105.784317, 56.8068286 ], [ 105.7855271, 56.8071725 ], [ 105.7866807, 56.8077037 ], [ 105.7872232, 56.807896 ], [ 105.7874779, 56.8080138 ], [ 105.7874494, 56.8080367 ], [ 105.7876514, 56.8081317 ], [ 105.7877195, 56.8081052 ], [ 105.7904516, 56.8088771 ], [ 105.7907393, 56.8089047 ], [ 105.7912312, 56.8089973 ], [ 105.792052, 56.8091245 ], [ 105.7941189, 56.8095638 ], [ 105.800678, 56.8103672 ], [ 105.8024613, 56.810473 ], [ 105.8037658, 56.8106882 ], [ 105.803988806522042, 56.810708316143327 ], [ 105.806197, 56.809396 ], [ 105.808437, 56.809838 ], [ 105.811684, 56.81018 ], [ 105.811688816595009, 56.810179234079584 ], [ 105.81182, 56.810193 ], [ 105.812944, 56.810269 ], [ 105.816448513193436, 56.809085401545268 ], [ 105.818787, 56.809718 ], [ 105.819329, 56.809935 ], [ 105.820871821481077, 56.810581043857418 ], [ 105.822381, 56.811213 ], [ 105.823868910687324, 56.811287782339576 ], [ 105.824007755823416, 56.811294760691304 ], [ 105.824112, 56.8113 ], [ 105.825646, 56.811289 ], [ 105.825653816838042, 56.811286151585577 ], [ 105.830561, 56.809498 ], [ 105.831672, 56.809634 ], [ 105.832106, 56.80606 ], [ 105.830995, 56.805925 ], [ 105.828813, 56.805732 ], [ 105.827649732639316, 56.805637496705209 ], [ 105.827619, 56.805635 ], [ 105.824879, 56.805366 ], [ 105.822839, 56.805188 ], [ 105.821972920404107, 56.804368215211824 ], [ 105.823627, 56.802683 ], [ 105.823602, 56.801964 ], [ 105.82309, 56.799119 ], [ 105.822515, 56.799063 ], [ 105.819355392578629, 56.798882494343189 ], [ 105.819636629973417, 56.79847231291361 ], [ 105.816955, 56.797922 ], [ 105.811875, 56.796737 ], [ 105.811759, 56.796736858017134 ], [ 105.811759, 56.796736 ], [ 105.811058, 56.796736 ], [ 105.808686, 56.796666 ], [ 105.805405, 56.794819 ], [ 105.805741, 56.791235 ], [ 105.806052328932495, 56.788651721056098 ], [ 105.806342, 56.788142 ], [ 105.809117, 56.788168 ], [ 105.810936, 56.788291 ], [ 105.81118, 56.784699 ], [ 105.809361, 56.784576 ], [ 105.804111, 56.782808 ], [ 105.801671, 56.782694 ], [ 105.799232, 56.78258 ], [ 105.798216429681204, 56.782084432379733 ], [ 105.798171857079041, 56.782049878047879 ], [ 105.7978204, 56.7820279 ], [ 105.7924554, 56.7805166 ], [ 105.7919367, 56.7801832 ], [ 105.791880399440601, 56.779689108241698 ], [ 105.790574, 56.779443 ], [ 105.792676, 56.78485 ], [ 105.79243, 56.785113 ], [ 105.78787, 56.787523 ], [ 105.786800029255176, 56.788172803737503 ], [ 105.786841, 56.78817 ], [ 105.788628, 56.789334 ], [ 105.7891, 56.790468 ], [ 105.789027, 56.790821 ], [ 105.791346804571674, 56.79534759052499 ], [ 105.792784, 56.795556 ], [ 105.795309398526371, 56.795902404222645 ], [ 105.798005, 56.796091 ], [ 105.798395, 56.79614 ], [ 105.798785, 56.79619 ], [ 105.798829607876371, 56.796207470163807 ], [ 105.798941, 56.796225 ], [ 105.799076188235261, 56.796304040536832 ], [ 105.801319704466025, 56.797182687969546 ], [ 105.805186, 56.798094 ], [ 105.805798, 56.798131 ], [ 105.808639, 56.798286 ], [ 105.809851, 56.798321 ], [ 105.811816, 56.798356 ], [ 105.81303, 56.7984 ], [ 105.815081, 56.798472 ], [ 105.815381, 56.798481 ], [ 105.81537, 56.798841 ], [ 105.812402, 56.8004 ], [ 105.811608, 56.800361 ], [ 105.810813, 56.800322 ], [ 105.809954, 56.800254 ], [ 105.806450848799088, 56.801553975233048 ], [ 105.805275797244676, 56.802271531977787 ], [ 105.808022, 56.803501 ], [ 105.81134, 56.806115 ], [ 105.811522, 56.806315 ], [ 105.811388, 56.806649 ], [ 105.806091, 56.807346 ], [ 105.803, 56.808123 ], [ 105.80201, 56.807909 ], [ 105.799652, 56.807595 ], [ 105.797992, 56.80755 ], [ 105.793425, 56.809078 ], [ 105.793065, 56.809075 ], [ 105.793068, 56.808749 ], [ 105.78965, 56.803921 ], [ 105.788218, 56.803563 ], [ 105.787671018886911, 56.802636740663701 ], [ 105.786868, 56.802751 ], [ 105.784654, 56.803159 ], [ 105.782335, 56.803361 ], [ 105.78205, 56.80314 ], [ 105.779575, 56.800405 ], [ 105.778641532940128, 56.798834521298218 ], [ 105.772944, 56.79789 ], [ 105.768747, 56.797959 ], [ 105.768529, 56.797673 ], [ 105.768525, 56.796726 ], [ 105.768282, 56.792205 ], [ 105.765801, 56.790517 ], [ 105.765567, 56.790449 ], [ 105.765307, 56.790372 ], [ 105.76493, 56.790197 ], [ 105.76446, 56.789924 ], [ 105.763636, 56.788683 ], [ 105.763875, 56.788414 ], [ 105.765687170679826, 56.787501264492455 ], [ 105.76325, 56.78575 ], [ 105.762914, 56.785568 ], [ 105.761738, 56.784801 ], [ 105.761298, 56.784507 ], [ 105.759105648210408, 56.784008548415635 ], [ 105.755996, 56.786331 ], [ 105.755735, 56.786578 ], [ 105.750837, 56.787505 ], [ 105.746878, 56.787784 ], [ 105.746597, 56.787765 ], [ 105.742031, 56.78638 ], [ 105.740468, 56.785954 ], [ 105.739459, 56.785679 ], [ 105.73845, 56.785404 ], [ 105.737978, 56.783265 ], [ 105.733465, 56.779331 ], [ 105.733177, 56.779291 ], [ 105.73307, 56.779276 ], [ 105.731464, 56.779059 ], [ 105.726954, 56.778836 ], [ 105.726723, 56.778847 ], [ 105.726492, 56.778858 ], [ 105.726475, 56.778499 ], [ 105.726554, 56.778425 ], [ 105.727447, 56.77785 ], [ 105.72824, 56.777516 ], [ 105.725855952311832, 56.777256049318964 ], [ 105.723758385033122, 56.776694273826308 ], [ 105.721476, 56.776083 ], [ 105.720865, 56.775923 ], [ 105.720268, 56.775891 ], [ 105.714753, 56.775895 ], [ 105.714524404004123, 56.775860692916552 ], [ 105.712817519322329, 56.775604528170604 ], [ 105.712814, 56.775604 ], [ 105.711670208147495, 56.775463350798624 ], [ 105.710846, 56.775362 ], [ 105.706836, 56.774655 ], [ 105.70591, 56.77712 ], [ 105.705921, 56.778137 ], [ 105.706523, 56.779025 ], [ 105.707501, 56.779201 ], [ 105.710407, 56.778935 ], [ 105.713298, 56.781253 ], [ 105.714653, 56.783527 ], [ 105.716635, 56.784215 ], [ 105.717839, 56.78443 ], [ 105.722897, 56.786076 ], [ 105.728012613617608, 56.785734759536332 ], [ 105.728269, 56.785852 ], [ 105.729716732496556, 56.785888993451678 ], [ 105.7307382, 56.7856827 ] ] ] } },
{ "type": "Feature", "properties": { "AA_MINS": 30 }, "geometry": { "type": "Polygon", "coordinates": [ [ [ 105.849807, 56.8149218 ], [ 105.8515486, 56.814209 ], [ 105.851772, 56.8153335 ], [ 105.8530194, 56.8154573 ], [ 105.853195562874845, 56.816134177903656 ], [ 105.856707813038767, 56.817166599198487 ], [ 105.8570107, 56.8171582 ], [ 105.8571345, 56.8170842 ], [ 105.8571301, 56.8167441 ], [ 105.8572316, 56.8166326 ], [ 105.8572138, 56.8158875 ], [ 105.858128668081648, 56.815842713287509 ], [ 105.858308868884976, 56.815571340493044 ], [ 105.858311153049826, 56.815567900662664 ], [ 105.8583453, 56.8150243 ], [ 105.858668375014588, 56.815029943444756 ], [ 105.860351, 56.812496 ], [ 105.862356, 56.812357 ], [ 105.86280433826532, 56.812401356144967 ], [ 105.863013, 56.812422 ], [ 105.8637949159843, 56.812375369266363 ], [ 105.868063339543852, 56.8121208154191 ], [ 105.868295, 56.812107 ], [ 105.870168, 56.81204 ], [ 105.876093, 56.811658 ], [ 105.878278, 56.811469 ], [ 105.879892, 56.81131 ], [ 105.881576, 56.811337 ], [ 105.876019, 56.810039 ], [ 105.872779, 56.809148 ], [ 105.871844, 56.808743 ], [ 105.866214, 56.806798 ], [ 105.864896, 56.806906 ], [ 105.864115, 56.806937 ], [ 105.863325, 56.806968 ], [ 105.862805, 56.806964 ], [ 105.862103, 56.806848 ], [ 105.860581, 56.806421 ], [ 105.858415, 56.803662 ], [ 105.858461, 56.803305 ], [ 105.863327, 56.802531 ], [ 105.865943, 56.802647 ], [ 105.869667, 56.802777 ], [ 105.87078, 56.802792 ], [ 105.870943, 56.802796 ], [ 105.872241, 56.802827 ], [ 105.872322, 56.802829 ], [ 105.8737, 56.802862 ], [ 105.87491, 56.802875 ], [ 105.876122, 56.802889 ], [ 105.876775, 56.80288 ], [ 105.87757, 56.802865 ], [ 105.878599, 56.80282 ], [ 105.883921, 56.801891 ], [ 105.882988, 56.801546 ], [ 105.881681, 56.801328 ], [ 105.880634, 56.801206 ], [ 105.8797, 56.80115 ], [ 105.873739, 56.801243 ], [ 105.870801, 56.801172 ], [ 105.865755, 56.801017 ], [ 105.862917, 56.800892 ], [ 105.860439, 56.800732 ], [ 105.855764, 56.800135 ], [ 105.853848, 56.799937 ], [ 105.853011, 56.799958 ], [ 105.852594, 56.800035 ], [ 105.847934, 56.800618 ], [ 105.846226, 56.800517 ], [ 105.84178, 56.803539 ], [ 105.841692, 56.804772 ], [ 105.841611, 56.806989 ], [ 105.841697, 56.808372 ], [ 105.842008, 56.810327 ], [ 105.843706, 56.811042 ], [ 105.84823, 56.814793 ], [ 105.849297135773369, 56.815068358563714 ], [ 105.849807, 56.8149218 ] ] ] } },
{ "type": "Feature", "properties": { "AA_MINS": 30 }, "geometry": { "type": "Polygon", "coordinates": [ [ [ 105.8955499, 56.8132904 ], [ 105.8970609, 56.8130536 ], [ 105.8977138, 56.8136633 ], [ 105.8974919, 56.8163499 ], [ 105.8966163, 56.8176914 ], [ 105.89635, 56.8183234 ], [ 105.8974835, 56.8184605 ], [ 105.897783609642332, 56.819376011032581 ], [ 105.899668, 56.818901 ], [ 105.90107, 56.815603 ], [ 105.904452, 56.8144 ], [ 105.905041, 56.812754 ], [ 105.909612, 56.810686 ], [ 105.90974, 56.810683 ], [ 105.910686, 56.810735 ], [ 105.911938, 56.809709 ], [ 105.911973, 56.809502 ], [ 105.915127, 56.806542 ], [ 105.918332, 56.80842 ], [ 105.918982, 56.808418 ], [ 105.919272, 56.808406 ], [ 105.920129, 56.806513 ], [ 105.920071, 56.805528 ], [ 105.919113, 56.804809 ], [ 105.914925, 56.803014 ], [ 105.91282, 56.800094 ], [ 105.907187, 56.801284 ], [ 105.903663, 56.799586 ], [ 105.902552, 56.799 ], [ 105.899848, 56.797996 ], [ 105.896809, 56.799496 ], [ 105.897169, 56.799385 ], [ 105.897558, 56.799266 ], [ 105.897857, 56.799227 ], [ 105.898156, 56.799188 ], [ 105.898203, 56.799545 ], [ 105.898039, 56.801039 ], [ 105.8985, 56.80556 ], [ 105.898481, 56.805919 ], [ 105.895047, 56.809811 ], [ 105.891664, 56.810685 ], [ 105.894925, 56.811542 ], [ 105.895237570262125, 56.813371800768628 ], [ 105.8955499, 56.8132904 ] ] ] } },
{ "type": "Feature", "properties": { "AA_MINS": 30 }, "geometry": { "type": "Polygon", "coordinates": [ [ [ 105.955640249153376, 56.818973537494479 ], [ 105.955537, 56.815924 ], [ 105.954497534357699, 56.818504970069618 ], [ 105.955640249153376, 56.818973537494479 ] ] ] } },
{ "type": "Feature", "properties": { "AA_MINS": 30 }, "geometry": { "type": "Polygon", "coordinates": [ [ [ 105.9593329, 56.8204877 ], [ 105.9615986, 56.8211215 ], [ 105.9629982, 56.8213057 ], [ 105.9646221, 56.822833 ], [ 105.9646573, 56.8227946 ], [ 105.9654097, 56.8234499 ], [ 105.9652867, 56.8234608 ], [ 105.9665482, 56.824673 ], [ 105.967970702076968, 56.824669936000511 ], [ 105.970315049332498, 56.823024762779667 ], [ 105.9705666, 56.8222164 ], [ 105.971382554468292, 56.822275628512806 ], [ 105.971392, 56.822269 ], [ 105.971616, 56.822282 ], [ 105.972628928318287, 56.82222998085669 ], [ 105.9731546, 56.8221562 ], [ 105.9744064, 56.8218774 ], [ 105.9751553, 56.8218762 ], [ 105.976713850668247, 56.821960753297361 ], [ 105.976862, 56.821907 ], [ 105.98238, 56.820126 ], [ 105.983057, 56.820467 ], [ 105.983366820477869, 56.820576549782231 ], [ 105.983966351573244, 56.819999351763215 ], [ 105.983945649676343, 56.819991591312423 ], [ 105.9829791, 56.8200684 ], [ 105.983066718798312, 56.81966210943645 ], [ 105.981866, 56.819212 ], [ 105.981849570508416, 56.819252647779166 ], [ 105.982078, 56.819364 ], [ 105.982206, 56.819734 ], [ 105.982205691040107, 56.819734106912804 ], [ 105.982206, 56.819735 ], [ 105.981866, 56.819853 ], [ 105.977173, 56.819475 ], [ 105.974828, 56.819594 ], [ 105.974031709956492, 56.819558745891655 ], [ 105.970716, 56.820232 ], [ 105.967826, 56.820039 ], [ 105.96755, 56.820023 ], [ 105.966073, 56.819385 ], [ 105.965276, 56.819104 ], [ 105.964479, 56.818823 ], [ 105.959741632339046, 56.818194858921736 ], [ 105.958464513345078, 56.818311682989787 ], [ 105.957431, 56.819346 ], [ 105.957244, 56.819624 ], [ 105.957238280183475, 56.819628806234718 ], [ 105.9593329, 56.8204877 ] ] ] } },
{ "type": "Feature", "properties": { "AA_MINS": 30 }, "geometry": { "type": "Polygon", "coordinates": [ [ [ 105.9995902, 56.8231347 ], [ 105.9995598, 56.823075 ], [ 105.9992808, 56.8230505 ], [ 105.9990394, 56.8231493 ], [ 105.995425240273022, 56.822891836390134 ], [ 105.995384, 56.822893 ], [ 105.995353801016577, 56.822886747237952 ], [ 105.9927225, 56.8226993 ], [ 105.9898296, 56.8222569 ], [ 105.9898368, 56.8221776 ], [ 105.990434, 56.8222314 ], [ 105.9904751, 56.8222128 ], [ 105.9905109, 56.8222197 ], [ 105.9905216, 56.8221933 ], [ 105.9885926, 56.8219791 ], [ 105.987838169951345, 56.821851368199958 ], [ 105.990586, 56.822567 ], [ 105.991246, 56.822768 ], [ 105.991943, 56.822977 ], [ 105.992767, 56.823048 ], [ 105.993593, 56.82312 ], [ 105.995357, 56.823252 ], [ 105.997126, 56.823384 ], [ 105.997736, 56.823417 ], [ 105.998356, 56.82345 ], [ 106.000425, 56.823508 ], [ 106.000425007467825, 56.82350788829384 ], [ 106.000429, 56.823508 ], [ 106.000451129316758, 56.823176982303401 ], [ 105.9995902, 56.8231347 ] ] ] } },
{ "type": "Feature", "properties": { "AA_MINS": 30 }, "geometry": { "type": "Polygon", "coordinates": [ [ [ 105.7853487, 56.7695414 ], [ 105.7821829, 56.7719391 ], [ 105.781438073764178, 56.77234403245906 ], [ 105.782975, 56.776471 ], [ 105.787342, 56.777105 ], [ 105.784042, 56.772111 ], [ 105.784722, 56.771223 ], [ 105.785864142056127, 56.769552865774784 ], [ 105.7853487, 56.7695414 ] ] ] } },
{ "type": "Feature", "properties": { "AA_MINS": 30 }, "geometry": { "type": "Polygon", "coordinates": [ [ [ 105.776908426155444, 56.773250086085113 ], [ 105.776008, 56.773917 ], [ 105.777458046859323, 56.773366134740762 ], [ 105.776908426155444, 56.773250086085113 ] ] ] } },
{ "type": "Feature", "properties": { "AA_MINS": 30 }, "geometry": { "type": "Polygon", "coordinates": [ [ [ 105.7716019, 56.7746687 ], [ 105.7686515, 56.7748054 ], [ 105.7517703, 56.7739106 ], [ 105.7511847, 56.7741693 ], [ 105.7488511, 56.7736497 ], [ 105.7483626, 56.7737552 ], [ 105.7475037, 56.773525 ], [ 105.7446393, 56.7740012 ], [ 105.74340271824768, 56.774043371654919 ], [ 105.743288, 56.77647 ], [ 105.744293, 56.776518 ], [ 105.745948, 56.776262 ], [ 105.747055, 56.776077 ], [ 105.752333, 56.776582 ], [ 105.754264, 56.776711 ], [ 105.754517990000011, 56.776711 ], [ 105.755886, 56.776711 ], [ 105.75702, 56.776799 ], [ 105.759834, 56.777291 ], [ 105.764392, 56.778501 ], [ 105.76531, 56.778892 ], [ 105.76669, 56.779383 ], [ 105.768192, 56.779951 ], [ 105.768507, 56.780092 ], [ 105.77032827430925, 56.780772182996394 ], [ 105.769951, 56.781338 ], [ 105.76854392439617, 56.781552520322101 ], [ 105.767669, 56.780382 ], [ 105.766181, 56.780147 ], [ 105.764577, 56.780256 ], [ 105.75964, 56.780896 ], [ 105.764706, 56.783453 ], [ 105.765037, 56.783563 ], [ 105.765353, 56.783715 ], [ 105.765583, 56.783888 ], [ 105.765832, 56.784247 ], [ 105.766081, 56.784606 ], [ 105.766197, 56.784777 ], [ 105.767306, 56.786683 ], [ 105.767313911485985, 56.786704347371668 ], [ 105.767482, 56.786642 ], [ 105.768457, 56.787171 ], [ 105.769106, 56.787701 ], [ 105.77295, 56.789646 ], [ 105.774717, 56.789997 ], [ 105.775116, 56.79014 ], [ 105.778055601885555, 56.791139948850557 ], [ 105.782649, 56.788697 ], [ 105.783090035934819, 56.788611859694988 ], [ 105.781664, 56.788412 ], [ 105.779476, 56.788136 ], [ 105.779127, 56.788074 ], [ 105.777426, 56.78697 ], [ 105.777116, 56.786709 ], [ 105.77683, 56.786465 ], [ 105.776801, 56.786435 ], [ 105.77666, 56.786269 ], [ 105.77315, 56.781826 ], [ 105.770369, 56.77967 ], [ 105.765932, 56.777396 ], [ 105.763433, 56.77651 ], [ 105.763539, 56.776166 ], [ 105.768224, 56.775476 ], [ 105.772428, 56.775085 ], [ 105.776008, 56.773917 ], [ 105.774527661202754, 56.773460928672733 ], [ 105.774081404301754, 56.773323443269042 ], [ 105.7716019, 56.7746687 ] ] ] } },
{ "type": "Feature", "properties": { "AA_MINS": 30 }, "geometry": { "type": "Polygon", "coordinates": [ [ [ 105.6372462, 56.746286 ], [ 105.6367414, 56.7465145 ], [ 105.6369345, 56.7467239 ], [ 105.6368621, 56.7467604 ], [ 105.6365101, 56.7465254 ], [ 105.636344, 56.7465597 ], [ 105.6361721, 56.7468008 ], [ 105.6359606, 56.7466397 ], [ 105.6356483, 56.7467527 ], [ 105.6353204, 56.7471341 ], [ 105.6368936, 56.7487912 ], [ 105.6423146, 56.7531474 ], [ 105.6439284, 56.7550549 ], [ 105.643718208651947, 56.756785772884605 ], [ 105.643954, 56.755344 ], [ 105.644314, 56.755351 ], [ 105.647616, 56.755605 ], [ 105.648882, 56.755705 ], [ 105.649939, 56.755964 ], [ 105.650806752264913, 56.756087697204038 ], [ 105.649905693525824, 56.755924426557094 ], [ 105.647574, 56.753154 ], [ 105.645922, 56.751362 ], [ 105.642611, 56.749167 ], [ 105.63903, 56.746284 ], [ 105.63846041484814, 56.74581125473685 ], [ 105.6372462, 56.746286 ] ] ] } },
{ "type": "Feature", "properties": { "AA_MINS": 30 }, "geometry": { "type": "Polygon", "coordinates": [ [ [ 105.748251363613576, 56.779158953816548 ], [ 105.748871, 56.779221 ], [ 105.749702, 56.779353 ], [ 105.750532, 56.779484 ], [ 105.750962440926983, 56.779583735386709 ], [ 105.751635, 56.779659 ], [ 105.752166, 56.779743 ], [ 105.752696, 56.779827 ], [ 105.755459600047502, 56.780592171270634 ], [ 105.75964, 56.780896 ], [ 105.756449, 56.779197 ], [ 105.754458, 56.778891 ], [ 105.754457637494156, 56.778891117181594 ], [ 105.7527, 56.778621 ], [ 105.752676050362481, 56.778623896123172 ], [ 105.752666772438715, 56.778625018061234 ], [ 105.748251363613576, 56.779158953816548 ] ] ] } },
{ "type": "Feature", "properties": { "AA_MINS": 30 }, "geometry": { "type": "Polygon", "coordinates": [ [ [ 105.736781, 56.777252 ], [ 105.736994, 56.777236 ], [ 105.734677560547894, 56.777285380234289 ], [ 105.733335, 56.777314 ], [ 105.731337638731674, 56.777393188807885 ], [ 105.72824, 56.777516 ], [ 105.729226, 56.777623 ], [ 105.730211, 56.777731 ], [ 105.733582, 56.777887 ], [ 105.736567, 56.777268 ], [ 105.736781, 56.777252 ] ] ] } },
{ "type": "Feature", "properties": { "AA_MINS": 30 }, "geometry": { "type": "Polygon", "coordinates": [ [ [ 105.585753578358762, 56.791445704047973 ], [ 105.585832, 56.79147 ], [ 105.590614, 56.792402 ], [ 105.585753578358762, 56.791445704047973 ] ] ] } },
{ "type": "Feature", "properties": { "AA_MINS": 30 }, "geometry": { "type": "Polygon", "coordinates": [ [ [ 105.89009, 56.809762 ], [ 105.889284, 56.809284 ], [ 105.88515, 56.808347 ], [ 105.881576, 56.811337 ], [ 105.885798, 56.808903 ], [ 105.888458, 56.810677 ], [ 105.891664, 56.810685 ], [ 105.891498, 56.810582 ], [ 105.891121, 56.810363 ], [ 105.890901, 56.810243 ], [ 105.89009, 56.809762 ] ] ] } },
{ "type": "Feature", "properties": { "AA_MINS": 30 }, "geometry": { "type": "Polygon", "coordinates": [ [ [ 105.890401, 56.800298 ], [ 105.889272, 56.801478 ], [ 105.893152, 56.800806 ], [ 105.896809, 56.799496 ], [ 105.891185, 56.799857 ], [ 105.890401, 56.800298 ] ] ] } },
{ "type": "Feature", "properties": { "AA_MINS": 30 }, "geometry": { "type": "Polygon", "coordinates": [ [ [ 105.93998, 56.801971 ], [ 105.939797, 56.801898 ], [ 105.938345, 56.801448 ], [ 105.938294, 56.801433 ], [ 105.937269629810913, 56.801115167594688 ], [ 105.937269700052781, 56.801114975240026 ], [ 105.936892, 56.800998 ], [ 105.936891796721596, 56.800998653530577 ], [ 105.936838, 56.800982 ], [ 105.936732, 56.801326 ], [ 105.938466, 56.803922 ], [ 105.941718, 56.806822 ], [ 105.942107, 56.807038 ], [ 105.942495, 56.807253 ], [ 105.943326, 56.807652 ], [ 105.944146, 56.808046 ], [ 105.944764, 56.808338 ], [ 105.945268693289179, 56.808576849984505 ], [ 105.945381, 56.80863 ], [ 105.945656, 56.808681 ], [ 105.945975480781271, 56.808771059685384 ], [ 105.947937, 56.809324 ], [ 105.951410063622362, 56.810519199548253 ], [ 105.951517, 56.810556 ], [ 105.951986, 56.810851 ], [ 105.952458, 56.811146 ], [ 105.952995, 56.811501 ], [ 105.955537, 56.815924 ], [ 105.953902, 56.812146 ], [ 105.950685, 56.807798 ], [ 105.950879, 56.807495 ], [ 105.953528, 56.809062 ], [ 105.952434205033114, 56.808380703662849 ], [ 105.950118, 56.806938 ], [ 105.949416, 56.806418 ], [ 105.948349, 56.805865 ], [ 105.947276, 56.805308 ], [ 105.945577, 56.804437 ], [ 105.940149, 56.802038 ], [ 105.93998, 56.801971 ] ] ] } },
{ "type": "Feature", "properties": { "AA_MINS": 45 }, "geometry": { "type": "Polygon", "coordinates": [ [ [ 105.5662098, 56.8008956 ], [ 105.565827090048231, 56.801103152954568 ], [ 105.565222, 56.80183 ], [ 105.565202283036626, 56.801842472125678 ], [ 105.5656086, 56.8022421 ], [ 105.565694811061405, 56.802271531244237 ], [ 105.566626, 56.801204 ], [ 105.568661, 56.797699 ], [ 105.566500358024939, 56.800294409130267 ], [ 105.5662098, 56.8008956 ] ] ] } },
{ "type": "Feature", "properties": { "AA_MINS": 45 }, "geometry": { "type": "Polygon", "coordinates": [ [ [ 105.581046886849876, 56.804119475325678 ], [ 105.580501, 56.803452 ], [ 105.579038, 56.803481 ], [ 105.578302, 56.803487 ], [ 105.577565, 56.803492 ], [ 105.576753, 56.803469 ], [ 105.577317445097194, 56.804268230049324 ], [ 105.581046886849876, 56.804119475325678 ] ] ] } },
{ "type": "Feature", "properties": { "AA_MINS": 45 }, "geometry": { "type": "Polygon", "coordinates": [ [ [ 105.603409758967999, 56.814080906187598 ], [ 105.60334, 56.813273 ], [ 105.603254, 56.812316 ], [ 105.603410659552054, 56.810638903545481 ], [ 105.603478, 56.809918 ], [ 105.603487, 56.809586 ], [ 105.603485, 56.809319 ], [ 105.603321, 56.808175 ], [ 105.60316, 56.807055 ], [ 105.603042, 56.806373 ], [ 105.602945925053675, 56.805656739765823 ], [ 105.602927, 56.805705 ], [ 105.599689, 56.809267 ], [ 105.599329, 56.809286 ], [ 105.599433, 56.81126 ], [ 105.599484, 56.812229 ], [ 105.599506162423538, 56.812642414439118 ], [ 105.599536, 56.813199 ], [ 105.600212431631533, 56.814518443950973 ], [ 105.603409758967999, 56.814080906187598 ] ] ] } },
{ "type": "Feature", "properties": { "AA_MINS": 45 }, "geometry": { "type": "Polygon", "coordinates": [ [ [ 105.6345496, 56.7896931 ], [ 105.6358205, 56.7888792 ], [ 105.6370944, 56.7869656 ], [ 105.6379498, 56.7853045 ], [ 105.6394473, 56.782486 ], [ 105.6408766, 56.782714 ], [ 105.6412616, 56.7820071 ], [ 105.6401146, 56.7816132 ], [ 105.6407761, 56.7810037 ], [ 105.641269158491724, 56.780371727386438 ], [ 105.639563, 56.777998 ], [ 105.638130735716786, 56.774092085964774 ], [ 105.637883, 56.774176 ], [ 105.63788104479309, 56.774174580411049 ], [ 105.637659, 56.77448 ], [ 105.636675, 56.775693 ], [ 105.635412, 56.777079 ], [ 105.634439, 56.777938 ], [ 105.632056, 56.77524 ], [ 105.633029, 56.77438 ], [ 105.633998, 56.773285 ], [ 105.632399, 56.768065 ], [ 105.632559, 56.767797 ], [ 105.634701, 56.764402 ], [ 105.635311, 56.7636 ], [ 105.63547475060696, 56.763464803769338 ], [ 105.635299359649295, 56.763252206349243 ], [ 105.634585325845407, 56.764300053918653 ], [ 105.634593333954086, 56.764369537608246 ], [ 105.634609145799402, 56.764506731719415 ], [ 105.633870902346487, 56.765348473367148 ], [ 105.631494788410279, 56.768835430425959 ], [ 105.632361, 56.771702 ], [ 105.630458, 56.775492 ], [ 105.626884561434878, 56.775743264311089 ], [ 105.6269054, 56.7757572 ], [ 105.6268364, 56.7766939 ], [ 105.6264396, 56.776736 ], [ 105.6264474, 56.7766612 ], [ 105.625743356776397, 56.776787507079767 ], [ 105.624866, 56.778101 ], [ 105.624870676498887, 56.778104122351792 ], [ 105.624771, 56.778254 ], [ 105.624433, 56.778865 ], [ 105.62449484247125, 56.778899199868235 ], [ 105.624218, 56.779546 ], [ 105.623994, 56.781648 ], [ 105.623769, 56.78375 ], [ 105.627349, 56.784132 ], [ 105.628932, 56.787531 ], [ 105.631797447323734, 56.788557454131308 ], [ 105.63177, 56.788798 ], [ 105.6330658654161, 56.790579050154044 ], [ 105.6345496, 56.7896931 ] ] ] } },
{ "type": "Feature", "properties": { "AA_MINS": 45 }, "geometry": { "type": "Polygon", "coordinates": [ [ [ 105.6659131, 56.771422 ], [ 105.667121358097916, 56.771397611086542 ], [ 105.663371557704792, 56.769605927224447 ], [ 105.662535, 56.769973 ], [ 105.659754, 56.771575 ], [ 105.659176514474638, 56.771797645021827 ], [ 105.6659131, 56.771422 ] ] ] } },
{ "type": "Feature", "properties": { "AA_MINS": 45 }, "geometry": { "type": "Polygon", "coordinates": [ [ [ 105.6784368, 56.7731315 ], [ 105.679607849750198, 56.772451096915361 ], [ 105.678096, 56.771603 ], [ 105.676880785613548, 56.77218680468804 ], [ 105.6784368, 56.7731315 ] ] ] } },
{ "type": "Feature", "properties": { "AA_MINS": 45 }, "geometry": { "type": "Polygon", "coordinates": [ [ [ 105.6944324, 56.7796468 ], [ 105.6951871, 56.7801965 ], [ 105.6962223, 56.7817483 ], [ 105.6965588, 56.781928 ], [ 105.6969635, 56.7822345 ], [ 105.698101, 56.7828693 ], [ 105.6992255, 56.7828898 ], [ 105.700239, 56.7829536 ], [ 105.7018452, 56.7828822 ], [ 105.7025597, 56.7829242 ], [ 105.7033648, 56.7829118 ], [ 105.7046568, 56.7830655 ], [ 105.704708055382198, 56.783077037296728 ], [ 105.706483, 56.782775 ], [ 105.711128, 56.780993 ], [ 105.713328, 56.783349 ], [ 105.716206, 56.784289 ], [ 105.71725, 56.784553 ], [ 105.720234, 56.788844 ], [ 105.721744106524895, 56.790715436746027 ], [ 105.7234236, 56.789153 ], [ 105.7238693, 56.7880844 ], [ 105.7273162, 56.7863738 ], [ 105.729716732496556, 56.785888993451678 ], [ 105.728269, 56.785852 ], [ 105.728012613617608, 56.785734759536332 ], [ 105.722897, 56.786076 ], [ 105.717839, 56.78443 ], [ 105.716635, 56.784215 ], [ 105.714653, 56.783527 ], [ 105.713298, 56.781253 ], [ 105.710407, 56.778935 ], [ 105.707501, 56.779201 ], [ 105.706523, 56.779025 ], [ 105.705921, 56.778137 ], [ 105.70591, 56.77712 ], [ 105.706836, 56.774655 ], [ 105.710846, 56.775362 ], [ 105.711670208147495, 56.775463350798624 ], [ 105.71163457158336, 56.775458833655541 ], [ 105.710843967346221, 56.775361524547677 ], [ 105.710816859830231, 56.7753551839049 ], [ 105.705502123528902, 56.774112028894301 ], [ 105.70287, 56.773112 ], [ 105.702555, 56.772992 ], [ 105.697696, 56.771069 ], [ 105.69847, 56.771738 ], [ 105.697196, 56.775106 ], [ 105.69311496661301, 56.7738695003179 ], [ 105.69256, 56.775655 ], [ 105.691506867003199, 56.777502560299489 ], [ 105.6944324, 56.7796468 ] ] ] } },
{ "type": "Feature", "properties": { "AA_MINS": 45 }, "geometry": { "type": "Polygon", "coordinates": [ [ [ 105.7563491, 56.8003943 ], [ 105.7561475, 56.8008173 ], [ 105.7561099, 56.8010405 ], [ 105.7554362, 56.8018535 ], [ 105.7555242, 56.801894 ], [ 105.7554561, 56.8019414 ], [ 105.7553581, 56.8019064 ], [ 105.753394767273733, 56.80242098564586 ], [ 105.753570052062713, 56.804418838341896 ], [ 105.7538579, 56.8044934 ], [ 105.7540042, 56.804495 ], [ 105.7553326, 56.8039678 ], [ 105.7543652, 56.8038772 ], [ 105.7550055, 56.8036625 ], [ 105.755557142703623, 56.803702112837215 ], [ 105.756438, 56.801915 ], [ 105.756469764522336, 56.800242433600111 ], [ 105.7563491, 56.8003943 ] ] ] } },
{ "type": "Feature", "properties": { "AA_MINS": 45 }, "geometry": { "type": "Polygon", "coordinates": [ [ [ 105.8045784, 56.8107615 ], [ 105.8058149, 56.8109491 ], [ 105.80699772850069, 56.811228348893515 ], [ 105.808437, 56.809838 ], [ 105.806197, 56.809396 ], [ 105.803988806522042, 56.810708316143327 ], [ 105.8045784, 56.8107615 ] ] ] } },
{ "type": "Feature", "properties": { "AA_MINS": 45 }, "geometry": { "type": "Polygon", "coordinates": [ [ [ 105.8349441, 56.8177937 ], [ 105.83613, 56.8177071 ], [ 105.8362684, 56.8177432 ], [ 105.8365956, 56.8177528 ], [ 105.8367801, 56.8177588 ], [ 105.8369097, 56.817742 ], [ 105.8370239, 56.8177432 ], [ 105.8370876, 56.81776 ], [ 105.8373753, 56.8177733 ], [ 105.8374609, 56.8177444 ], [ 105.8376454, 56.817748 ], [ 105.8377684, 56.8178069 ], [ 105.8380429, 56.8178249 ], [ 105.8382889, 56.8178045 ], [ 105.8385414, 56.8178249 ], [ 105.8386917, 56.8177761 ], [ 105.8387203, 56.8177364 ], [ 105.8387972, 56.8177076 ], [ 105.8388872, 56.8177124 ], [ 105.8390102, 56.8176583 ], [ 105.8391156, 56.8176499 ], [ 105.8394648, 56.8175495 ], [ 105.8400731, 56.8175471 ], [ 105.8423176, 56.8170746 ], [ 105.849297135773369, 56.815068358563714 ], [ 105.84823, 56.814793 ], [ 105.843706, 56.811042 ], [ 105.842008, 56.810327 ], [ 105.841697, 56.808372 ], [ 105.841611, 56.806989 ], [ 105.841692, 56.804772 ], [ 105.84178, 56.803539 ], [ 105.846226, 56.800517 ], [ 105.844709, 56.800439 ], [ 105.843332, 56.800788 ], [ 105.842491, 56.801216 ], [ 105.838991, 56.802486 ], [ 105.835936, 56.802626 ], [ 105.832072, 56.802772 ], [ 105.831361, 56.803088 ], [ 105.827649732639316, 56.805637496705209 ], [ 105.828813, 56.805732 ], [ 105.830995, 56.805925 ], [ 105.832106, 56.80606 ], [ 105.831672, 56.809634 ], [ 105.830561, 56.809498 ], [ 105.825653816838042, 56.811286151585577 ], [ 105.82683, 56.81128 ], [ 105.827674, 56.811177 ], [ 105.828273, 56.81117 ], [ 105.828761, 56.811111 ], [ 105.831161, 56.811442 ], [ 105.832681, 56.816456 ], [ 105.832075, 56.817287 ], [ 105.83197, 56.817947 ], [ 105.832544, 56.819074 ], [ 105.833546692418736, 56.819242278619384 ], [ 105.8349441, 56.8177937 ] ] ] } },
{ "type": "Feature", "properties": { "AA_MINS": 45 }, "geometry": { "type": "Polygon", "coordinates": [ [ [ 105.8534875, 56.8172559 ], [ 105.856707813038767, 56.817166599198487 ], [ 105.853195562874845, 56.816134177903656 ], [ 105.8534875, 56.8172559 ] ] ] } },
{ "type": "Feature", "properties": { "AA_MINS": 45 }, "geometry": { "type": "Polygon", "coordinates": [ [ [ 105.8978828, 56.8196786 ], [ 105.9028966, 56.8202499 ], [ 105.906361816486054, 56.820673379169719 ], [ 105.906268434262429, 56.820149115189828 ], [ 105.905216, 56.8174572 ], [ 105.905834002411154, 56.817186733062414 ], [ 105.905975, 56.81477 ], [ 105.909612, 56.810686 ], [ 105.905041, 56.812754 ], [ 105.904452, 56.8144 ], [ 105.90107, 56.815603 ], [ 105.899668, 56.818901 ], [ 105.897783609642332, 56.819376011032581 ], [ 105.8978828, 56.8196786 ] ] ] } },
{ "type": "Feature", "properties": { "AA_MINS": 45 }, "geometry": { "type": "Polygon", "coordinates": [ [ [ 105.934280409699397, 56.809571471358588 ], [ 105.934538, 56.809338 ], [ 105.936746, 56.803968 ], [ 105.941718, 56.806822 ], [ 105.938466, 56.803922 ], [ 105.936732, 56.801326 ], [ 105.936838, 56.800982 ], [ 105.936891796721596, 56.800998653530577 ], [ 105.936892, 56.800998 ], [ 105.937269700052781, 56.801114975240026 ], [ 105.9373, 56.801032 ], [ 105.936837, 56.800863 ], [ 105.932515, 56.79888 ], [ 105.929029, 56.79646 ], [ 105.925316, 56.7953 ], [ 105.923293, 56.794669 ], [ 105.921271, 56.794037 ], [ 105.920155, 56.793955 ], [ 105.919111, 56.794164 ], [ 105.918184, 56.794584 ], [ 105.915611, 56.797255 ], [ 105.913562, 56.799526 ], [ 105.91282, 56.800094 ], [ 105.914925, 56.803014 ], [ 105.919113, 56.804809 ], [ 105.920071, 56.805528 ], [ 105.920129, 56.806513 ], [ 105.919272, 56.808406 ], [ 105.918982, 56.808418 ], [ 105.918332, 56.80842 ], [ 105.915127, 56.806542 ], [ 105.911973, 56.809502 ], [ 105.911938, 56.809709 ], [ 105.910686, 56.810735 ], [ 105.90974, 56.810683 ], [ 105.909612, 56.810686 ], [ 105.912938, 56.812777 ], [ 105.91459, 56.812731 ], [ 105.915076, 56.812486 ], [ 105.917506, 56.810836 ], [ 105.918351, 56.810372 ], [ 105.918983, 56.810073 ], [ 105.92206, 56.809216 ], [ 105.924057, 56.809022 ], [ 105.928998, 56.806156 ], [ 105.929360874991147, 56.805997432776977 ], [ 105.931949816080476, 56.806928157822703 ], [ 105.932961, 56.808428 ], [ 105.933089, 56.808601 ], [ 105.933327, 56.808819 ], [ 105.933586, 56.809053 ], [ 105.934262510488992, 56.809573468653575 ], [ 105.934280409699397, 56.809571471358588 ] ] ] } },
{ "type": "Feature", "properties": { "AA_MINS": 45 }, "geometry": { "type": "Polygon", "coordinates": [ [ [ 105.9691945, 56.8246673 ], [ 105.9698402, 56.8245507 ], [ 105.970315049332498, 56.823024762779667 ], [ 105.967970702076968, 56.824669936000511 ], [ 105.9691945, 56.8246673 ] ] ] } },
{ "type": "Feature", "properties": { "AA_MINS": 45 }, "geometry": { "type": "Polygon", "coordinates": [ [ [ 105.9719897, 56.8223197 ], [ 105.972628928318287, 56.82222998085669 ], [ 105.971616, 56.822282 ], [ 105.971392, 56.822269 ], [ 105.971382554468292, 56.822275628512806 ], [ 105.9719897, 56.8223197 ] ] ] } },
{ "type": "Feature", "properties": { "AA_MINS": 45 }, "geometry": { "type": "Polygon", "coordinates": [ [ [ 105.9769783, 56.8219751 ], [ 105.9891427, 56.8232399 ], [ 105.989169, 56.8231714 ], [ 105.9947078, 56.8237056 ], [ 105.9947451, 56.8236347 ], [ 105.9956961, 56.8237332 ], [ 105.9956732, 56.8238076 ], [ 105.997659, 56.8239858 ], [ 106.0022813, 56.8239786 ], [ 106.0038759, 56.8237834 ], [ 106.0038606, 56.8235767 ], [ 106.0053101, 56.823501 ], [ 106.0063348, 56.8234099 ], [ 106.0071647, 56.8231925 ], [ 106.007896, 56.8229351 ], [ 106.0082724, 56.8227373 ], [ 106.0093042, 56.8222304 ], [ 106.0084101, 56.8218977 ], [ 106.0073988, 56.8224423 ], [ 106.0063697, 56.8228266 ], [ 106.0050034, 56.8231324 ], [ 106.0038394, 56.8232763 ], [ 106.0022883, 56.8232604 ], [ 106.0022847, 56.8232174 ], [ 106.0017497, 56.8231852 ], [ 106.0017139, 56.823239 ], [ 106.000451129316758, 56.823176982303401 ], [ 106.000429, 56.823508 ], [ 106.000425007467825, 56.82350788829384 ], [ 106.000425, 56.823508 ], [ 105.998356, 56.82345 ], [ 105.997736, 56.823417 ], [ 105.997126, 56.823384 ], [ 105.995357, 56.823252 ], [ 105.993593, 56.82312 ], [ 105.992767, 56.823048 ], [ 105.991943, 56.822977 ], [ 105.991246, 56.822768 ], [ 105.990586, 56.822567 ], [ 105.987838169951345, 56.821851368199958 ], [ 105.9852496, 56.8214131 ], [ 105.9847011, 56.821315 ], [ 105.984049, 56.8212257 ], [ 105.9827022, 56.8209931 ], [ 105.983033, 56.8209187 ], [ 105.9830938, 56.8208394 ], [ 105.983366820477869, 56.820576549782231 ], [ 105.983057, 56.820467 ], [ 105.98238, 56.820126 ], [ 105.976862, 56.821907 ], [ 105.976713850668247, 56.821960753297361 ], [ 105.9769783, 56.8219751 ] ] ] } },
{ "type": "Feature", "properties": { "AA_MINS": 45 }, "geometry": { "type": "Polygon", "coordinates": [ [ [ 105.8248852, 56.7916658 ], [ 105.8222256, 56.7919587 ], [ 105.8218678, 56.7918155 ], [ 105.8179216, 56.7903189 ], [ 105.8178176, 56.7873681 ], [ 105.8176277, 56.7871697 ], [ 105.8174874, 56.7868276 ], [ 105.8173165, 56.7866062 ], [ 105.817544866024889, 56.78549331443871 ], [ 105.816135, 56.785316 ], [ 105.81442465216567, 56.785094999998933 ], [ 105.812569, 56.784855 ], [ 105.811263, 56.784707 ], [ 105.81118, 56.784699 ], [ 105.810936, 56.788291 ], [ 105.809117, 56.788168 ], [ 105.806342, 56.788142 ], [ 105.806052328932495, 56.788651721056098 ], [ 105.805741, 56.791235 ], [ 105.805405, 56.794819 ], [ 105.808686, 56.796666 ], [ 105.811058, 56.796736 ], [ 105.811759, 56.796736 ], [ 105.811759, 56.796736858017134 ], [ 105.811875, 56.796737 ], [ 105.816955, 56.797922 ], [ 105.819636629973417, 56.79847231291361 ], [ 105.822208, 56.794722 ], [ 105.822991, 56.794723 ], [ 105.824619, 56.794685 ], [ 105.826285081233792, 56.791665573710851 ], [ 105.8248852, 56.7916658 ] ] ] } },
{ "type": "Feature", "properties": { "AA_MINS": 45 }, "geometry": { "type": "Polygon", "coordinates": [ [ [ 105.798171857079041, 56.782049878047879 ], [ 105.798216429681204, 56.782084432379733 ], [ 105.799232, 56.78258 ], [ 105.801671, 56.782694 ], [ 105.804111, 56.782808 ], [ 105.809361, 56.784576 ], [ 105.806838489580329, 56.782591838006603 ], [ 105.798171857079041, 56.782049878047879 ] ] ] } },
{ "type": "Feature", "properties": { "AA_MINS": 45 }, "geometry": { "type": "Polygon", "coordinates": [ [ [ 105.791730147365485, 56.778370501236843 ], [ 105.790711, 56.777647 ], [ 105.789575107227876, 56.777465722822605 ], [ 105.789345, 56.777429 ], [ 105.787307080553802, 56.776776106258772 ], [ 105.787300312453851, 56.776712359952384 ], [ 105.786709, 56.771143 ], [ 105.78830468362068, 56.7696071545151 ], [ 105.785864142056127, 56.769552865774784 ], [ 105.784722, 56.771223 ], [ 105.784042, 56.772111 ], [ 105.787342, 56.777105 ], [ 105.787701, 56.777083 ], [ 105.790574, 56.779443 ], [ 105.791880399440601, 56.779689108241698 ], [ 105.791730147365485, 56.778370501236843 ] ] ] } },
{ "type": "Feature", "properties": { "AA_MINS": 45 }, "geometry": { "type": "Polygon", "coordinates": [ [ [ 105.7395489, 56.7741748 ], [ 105.7335804, 56.7741567 ], [ 105.7252629, 56.7738574 ], [ 105.72308994838896, 56.773710342211622 ], [ 105.723017, 56.775973 ], [ 105.725451, 56.776052 ], [ 105.727225, 56.776044 ], [ 105.729015, 56.776035 ], [ 105.731301, 56.776053 ], [ 105.731339264115817, 56.776052760849275 ], [ 105.734661, 56.776032 ], [ 105.737996, 56.776012 ], [ 105.743097, 56.77646 ], [ 105.743288, 56.77647 ], [ 105.74340271824768, 56.774043371654919 ], [ 105.7395489, 56.7741748 ] ] ] } },
{ "type": "Feature", "properties": { "AA_MINS": 45 }, "geometry": { "type": "Polygon", "coordinates": [ [ [ 105.820509, 56.810743 ], [ 105.820871821481077, 56.810581043857418 ], [ 105.819329, 56.809935 ], [ 105.818787, 56.809718 ], [ 105.816448513193436, 56.809085401545268 ], [ 105.812944, 56.810269 ], [ 105.81182, 56.810193 ], [ 105.811688816595009, 56.810179234079584 ], [ 105.811684, 56.81018 ], [ 105.814446, 56.810705 ], [ 105.816467, 56.810718 ], [ 105.81772561600809, 56.810725473227166 ], [ 105.81781, 56.810726 ], [ 105.817810061591146, 56.810725974635872 ], [ 105.818488, 56.81073 ], [ 105.820509, 56.810743 ] ] ] } },
{ "type": "Feature", "properties": { "AA_MINS": 45 }, "geometry": { "type": "Polygon", "coordinates": [ [ [ 105.823962, 56.811295 ], [ 105.824007755823416, 56.811294760691304 ], [ 105.823868910687324, 56.811287782339576 ], [ 105.823962, 56.811295 ] ] ] } },
{ "type": "Feature", "properties": { "AA_MINS": 45 }, "geometry": { "type": "Polygon", "coordinates": [ [ [ 105.823602, 56.801964 ], [ 105.823627, 56.802683 ], [ 105.821972920404107, 56.804368215211824 ], [ 105.822839, 56.805188 ], [ 105.824879, 56.805366 ], [ 105.827619, 56.805635 ], [ 105.823602, 56.801964 ] ] ] } },
{ "type": "Feature", "properties": { "AA_MINS": 45 }, "geometry": { "type": "Polygon", "coordinates": [ [ [ 105.75964, 56.780896 ], [ 105.764577, 56.780256 ], [ 105.766181, 56.780147 ], [ 105.767669, 56.780382 ], [ 105.76854392439617, 56.781552520322101 ], [ 105.769951, 56.781338 ], [ 105.77032827430925, 56.780772182996394 ], [ 105.768507, 56.780092 ], [ 105.768192, 56.779951 ], [ 105.76669, 56.779383 ], [ 105.76531, 56.778892 ], [ 105.764392, 56.778501 ], [ 105.759834, 56.777291 ], [ 105.75702, 56.776799 ], [ 105.755886, 56.776711 ], [ 105.754517990000011, 56.776711 ], [ 105.754518, 56.776715 ], [ 105.752676050362481, 56.778623896123172 ], [ 105.7527, 56.778621 ], [ 105.754457637494156, 56.778891117181594 ], [ 105.754458, 56.778891 ], [ 105.756449, 56.779197 ], [ 105.75964, 56.780896 ] ] ] } },
{ "type": "Feature", "properties": { "AA_MINS": 45 }, "geometry": { "type": "Polygon", "coordinates": [ [ [ 105.751801, 56.778045 ], [ 105.750058, 56.777769 ], [ 105.746405563800408, 56.778974127947158 ], [ 105.748251363613576, 56.779158953816548 ], [ 105.752666772438715, 56.778625018061234 ], [ 105.751801, 56.778045 ] ] ] } },
{ "type": "Feature", "properties": { "AA_MINS": 45 }, "geometry": { "type": "Polygon", "coordinates": [ [ [ 105.731384, 56.77705 ], [ 105.731337638731674, 56.777393188807885 ], [ 105.733335, 56.777314 ], [ 105.734677560547894, 56.777285380234289 ], [ 105.733126, 56.77674 ], [ 105.731384, 56.77705 ] ] ] } },
{ "type": "Feature", "properties": { "AA_MINS": 45 }, "geometry": { "type": "Polygon", "coordinates": [ [ [ 105.714524404004123, 56.775860692916552 ], [ 105.712862, 56.77561 ], [ 105.712817519322329, 56.775604528170604 ], [ 105.714524404004123, 56.775860692916552 ] ] ] } },
{ "type": "Feature", "properties": { "AA_MINS": 45 }, "geometry": { "type": "Polygon", "coordinates": [ [ [ 105.693772030991255, 56.769012693421345 ], [ 105.692714442951029, 56.768358342280642 ], [ 105.693734309881251, 56.768992926148343 ], [ 105.693772030991255, 56.769012693421345 ] ] ] } },
{ "type": "Feature", "properties": { "AA_MINS": 45 }, "geometry": { "type": "Polygon", "coordinates": [ [ [ 105.620794, 56.804126 ], [ 105.620947, 56.803896 ], [ 105.62108, 56.803691 ], [ 105.621312, 56.803198 ], [ 105.621531, 56.802727 ], [ 105.624913943513363, 56.799554013485995 ], [ 105.624951295328145, 56.799539312334403 ], [ 105.625253, 56.799236 ], [ 105.625716, 56.799048 ], [ 105.626202, 56.798848 ], [ 105.626496, 56.798675 ], [ 105.626813, 56.798487 ], [ 105.626971, 56.798357 ], [ 105.627139, 56.798219 ], [ 105.627517, 56.797862 ], [ 105.627898, 56.797502 ], [ 105.629072, 56.796334 ], [ 105.630249, 56.795164 ], [ 105.6305, 56.794904 ], [ 105.630689, 56.794665 ], [ 105.630804, 56.794462 ], [ 105.630919, 56.79426 ], [ 105.629622, 56.790771 ], [ 105.629296, 56.790619 ], [ 105.629066, 56.791109 ], [ 105.628835, 56.7916 ], [ 105.62879, 56.791792 ], [ 105.6267, 56.795597 ], [ 105.623822091757319, 56.79695094789264 ], [ 105.623991593506318, 56.797382887330571 ], [ 105.622724, 56.797925 ], [ 105.621955, 56.797981 ], [ 105.621554, 56.798018 ], [ 105.621155, 56.798054 ], [ 105.618831, 56.7982 ], [ 105.615766, 56.796983 ], [ 105.615175, 56.796791 ], [ 105.61829, 56.798234 ], [ 105.618313, 56.798593 ], [ 105.615998, 56.800195 ], [ 105.614992108061145, 56.799864089398191 ], [ 105.616176, 56.800366 ], [ 105.616378, 56.800529 ], [ 105.616656, 56.8007 ], [ 105.618145, 56.806508 ], [ 105.618018, 56.806813 ], [ 105.618017, 56.806816 ], [ 105.617892, 56.807118 ], [ 105.618224, 56.807256 ], [ 105.620794, 56.804126 ] ] ] } },
{ "type": "Feature", "properties": { "AA_MINS": 60 }, "geometry": { "type": "Polygon", "coordinates": [ [ [ 105.600212431631533, 56.814518443950973 ], [ 105.599536, 56.813199 ], [ 105.599666625096503, 56.814593134761594 ], [ 105.600212431631533, 56.814518443950973 ] ] ] } },
{ "type": "Feature", "properties": { "AA_MINS": 60 }, "geometry": { "type": "Polygon", "coordinates": [ [ [ 105.6279175300715, 56.812181940484642 ], [ 105.627862, 56.812164 ], [ 105.627021, 56.811937 ], [ 105.62619, 56.811713 ], [ 105.624977, 56.81136 ], [ 105.623762, 56.811007 ], [ 105.623106, 56.810746 ], [ 105.622434, 56.81048 ], [ 105.621302, 56.809972 ], [ 105.620794, 56.804126 ], [ 105.618224, 56.807256 ], [ 105.617892, 56.807118 ], [ 105.617875, 56.807198 ], [ 105.617882, 56.807447 ], [ 105.617892, 56.807728 ], [ 105.617943, 56.80797 ], [ 105.618012, 56.808259 ], [ 105.61814, 56.808498 ], [ 105.618319, 56.808795 ], [ 105.618639, 56.809033 ], [ 105.618987, 56.809289 ], [ 105.619499, 56.809538 ], [ 105.620016, 56.809789 ], [ 105.621155, 56.8103 ], [ 105.622301, 56.810814 ], [ 105.622973, 56.811081 ], [ 105.623661, 56.811352 ], [ 105.624877, 56.811706 ], [ 105.625691791035109, 56.811943285330159 ], [ 105.6279175300715, 56.812181940484642 ] ] ] } },
{ "type": "Feature", "properties": { "AA_MINS": 60 }, "geometry": { "type": "Polygon", "coordinates": [ [ [ 105.6285049, 56.7975359 ], [ 105.632413, 56.7936442 ], [ 105.6327583, 56.7907627 ], [ 105.6330658654161, 56.790579050154044 ], [ 105.63177, 56.788798 ], [ 105.631797447323734, 56.788557454131308 ], [ 105.628932, 56.787531 ], [ 105.627349, 56.784132 ], [ 105.623769, 56.78375 ], [ 105.623994, 56.781648 ], [ 105.624218, 56.779546 ], [ 105.623993725640759, 56.781648328341355 ], [ 105.620787, 56.785486 ], [ 105.616274, 56.786873 ], [ 105.61362, 56.788207 ], [ 105.613622, 56.791807 ], [ 105.614375, 56.792566 ], [ 105.616203, 56.792477 ], [ 105.618088, 56.789983 ], [ 105.619409417409742, 56.789864259026082 ], [ 105.619402, 56.790606 ], [ 105.620119, 56.790613 ], [ 105.621214364503089, 56.79003711093722 ], [ 105.621339, 56.790156 ], [ 105.62251, 56.790468 ], [ 105.622941978208488, 56.790624395030221 ], [ 105.626095, 56.793884 ], [ 105.625039, 56.794996 ], [ 105.624051, 56.795922 ], [ 105.623538, 56.796227 ], [ 105.623822091757319, 56.79695094789264 ], [ 105.6267, 56.795597 ], [ 105.62879, 56.791792 ], [ 105.628835, 56.7916 ], [ 105.629066, 56.791109 ], [ 105.629296, 56.790619 ], [ 105.629622, 56.790771 ], [ 105.630919, 56.79426 ], [ 105.630804, 56.794462 ], [ 105.630689, 56.794665 ], [ 105.6305, 56.794904 ], [ 105.630249, 56.795164 ], [ 105.629072, 56.796334 ], [ 105.627898, 56.797502 ], [ 105.627517, 56.797862 ], [ 105.627139, 56.798219 ], [ 105.626971, 56.798357 ], [ 105.626813, 56.798487 ], [ 105.626496, 56.798675 ], [ 105.626202, 56.798848 ], [ 105.625716, 56.799048 ], [ 105.625253, 56.799236 ], [ 105.624951295328145, 56.799539312334403 ], [ 105.625196, 56.799443 ], [ 105.625335462991728, 56.799368068641158 ], [ 105.625888, 56.800727 ], [ 105.626789, 56.80036 ], [ 105.627611, 56.799899 ], [ 105.628150926815692, 56.799485122275478 ], [ 105.6285049, 56.7975359 ] ] ] } },
{ "type": "Feature", "properties": { "AA_MINS": 60 }, "geometry": { "type": "Polygon", "coordinates": [ [ [ 105.7076511, 56.7837395 ], [ 105.708793, 56.7839991 ], [ 105.7117239, 56.7850413 ], [ 105.7172428, 56.7890769 ], [ 105.7178304, 56.7896055 ], [ 105.717784475065812, 56.790432219001055 ], [ 105.7178, 56.790434 ], [ 105.718342, 56.790463 ], [ 105.718873, 56.79047 ], [ 105.718898952442188, 56.788346618366376 ], [ 105.719856, 56.789057 ], [ 105.721176801044805, 56.791243202373849 ], [ 105.721744106524895, 56.790715436746027 ], [ 105.720234, 56.788844 ], [ 105.71725, 56.784553 ], [ 105.716206, 56.784289 ], [ 105.713328, 56.783349 ], [ 105.711128, 56.780993 ], [ 105.706483, 56.782775 ], [ 105.704708055382198, 56.783077037296728 ], [ 105.7076511, 56.7837395 ] ] ] } },
{ "type": "Feature", "properties": { "AA_MINS": 60 }, "geometry": { "type": "Polygon", "coordinates": [ [ [ 105.75334615049313, 56.802433728008431 ], [ 105.753246521556619, 56.804335033777555 ], [ 105.753570052062713, 56.804418838341896 ], [ 105.753394767273733, 56.80242098564586 ], [ 105.75334615049313, 56.802433728008431 ] ] ] } },
{ "type": "Feature", "properties": { "AA_MINS": 60 }, "geometry": { "type": "Polygon", "coordinates": [ [ [ 105.8092035, 56.8117491 ], [ 105.8132612, 56.8129532 ], [ 105.8134984, 56.8129977 ], [ 105.8138432, 56.8130278 ], [ 105.8141617, 56.8129652 ], [ 105.8151851, 56.8131035 ], [ 105.8165336, 56.8131492 ], [ 105.8201338, 56.8130084 ], [ 105.8211946, 56.8128701 ], [ 105.8215921, 56.8128388 ], [ 105.8218183, 56.8128016 ], [ 105.8227675, 56.8125469 ], [ 105.823255, 56.8124495 ], [ 105.8235558, 56.8123289 ], [ 105.8261705, 56.8118394 ], [ 105.8284716, 56.812127 ], [ 105.830587, 56.813496 ], [ 105.8294757, 56.8144719 ], [ 105.8291056, 56.8150422 ], [ 105.828979552380787, 56.81639729805179 ], [ 105.830097, 56.817483 ], [ 105.831151, 56.818954 ], [ 105.83237956325631, 56.819811069128811 ], [ 105.832745971293335, 56.820066682354643 ], [ 105.8327758, 56.8200414 ], [ 105.833546692418736, 56.819242278619384 ], [ 105.832544, 56.819074 ], [ 105.83197, 56.817947 ], [ 105.832075, 56.817287 ], [ 105.832681, 56.816456 ], [ 105.831161, 56.811442 ], [ 105.828761, 56.811111 ], [ 105.828273, 56.81117 ], [ 105.827674, 56.811177 ], [ 105.82683, 56.81128 ], [ 105.825653816838042, 56.811286151585577 ], [ 105.825646, 56.811289 ], [ 105.824112, 56.8113 ], [ 105.824007755823416, 56.811294760691304 ], [ 105.823962, 56.811295 ], [ 105.823868910687267, 56.811287782339569 ], [ 105.822381, 56.811213 ], [ 105.820871821481077, 56.810581043857418 ], [ 105.820509, 56.810743 ], [ 105.818488, 56.81073 ], [ 105.817810061591146, 56.810725974635872 ], [ 105.81781, 56.810726 ], [ 105.81772561600809, 56.810725473227166 ], [ 105.816467, 56.810718 ], [ 105.814446, 56.810705 ], [ 105.811684, 56.81018 ], [ 105.808437, 56.809838 ], [ 105.80699772850069, 56.811228348893515 ], [ 105.8092035, 56.8117491 ] ] ] } },
{ "type": "Feature", "properties": { "AA_MINS": 60 }, "geometry": { "type": "Polygon", "coordinates": [ [ [ 105.858311153049826, 56.815567900662671 ], [ 105.858308868884976, 56.815571340493051 ], [ 105.85831104571902, 56.815569609310074 ], [ 105.858311153049826, 56.815567900662671 ] ] ] } },
{ "type": "Feature", "properties": { "AA_MINS": 60 }, "geometry": { "type": "Polygon", "coordinates": [ [ [ 105.858982730772709, 56.815035434582335 ], [ 105.859148, 56.814904 ], [ 105.86280433826532, 56.812401356144967 ], [ 105.862356, 56.812357 ], [ 105.860351, 56.812496 ], [ 105.858668375014588, 56.815029943444756 ], [ 105.858982730772709, 56.815035434582335 ] ] ] } },
{ "type": "Feature", "properties": { "AA_MINS": 60 }, "geometry": { "type": "Polygon", "coordinates": [ [ [ 105.9210204, 56.8145496 ], [ 105.9246705, 56.8139583 ], [ 105.924042924301645, 56.813319483481955 ], [ 105.923121, 56.813969 ], [ 105.920939380901316, 56.81450133248979 ], [ 105.9210204, 56.8145496 ] ] ] } },
{ "type": "Feature", "properties": { "AA_MINS": 60 }, "geometry": { "type": "Polygon", "coordinates": [ [ [ 105.9308272, 56.8099568 ], [ 105.934262510488992, 56.809573468653575 ], [ 105.933586, 56.809053 ], [ 105.933327, 56.808819 ], [ 105.933089, 56.808601 ], [ 105.932961, 56.808428 ], [ 105.931949816080476, 56.806928157822703 ], [ 105.929360874991147, 56.805997432776977 ], [ 105.928998, 56.806156 ], [ 105.924057, 56.809022 ], [ 105.924221, 56.809005 ], [ 105.92587, 56.808788 ], [ 105.927147937271755, 56.809854175793539 ], [ 105.927438084680091, 56.8109683264898 ], [ 105.9308272, 56.8099568 ] ] ] } },
{ "type": "Feature", "properties": { "AA_MINS": 60 }, "geometry": { "type": "Polygon", "coordinates": [ [ [ 105.9345033, 56.8095466 ], [ 105.9370392, 56.8099183 ], [ 105.9399714, 56.8099765 ], [ 105.940079, 56.8099993 ], [ 105.9401567, 56.8101256 ], [ 105.9405389, 56.8101437 ], [ 105.940582030360588, 56.810152296660277 ], [ 105.942397908232451, 56.809088566127201 ], [ 105.945268693289179, 56.808576849984505 ], [ 105.944764, 56.808338 ], [ 105.944146, 56.808046 ], [ 105.943326, 56.807652 ], [ 105.942495, 56.807253 ], [ 105.942107, 56.807038 ], [ 105.941718, 56.806822 ], [ 105.936746, 56.803968 ], [ 105.934538, 56.809338 ], [ 105.934280409699397, 56.809571471358588 ], [ 105.9345033, 56.8095466 ] ] ] } },
{ "type": "Feature", "properties": { "AA_MINS": 60 }, "geometry": { "type": "Polygon", "coordinates": [ [ [ 105.8387586, 56.7929749 ], [ 105.8348872, 56.7919164 ], [ 105.834195, 56.7918459 ], [ 105.8293597, 56.7918322 ], [ 105.8273597, 56.7916654 ], [ 105.826285081233792, 56.791665573710851 ], [ 105.824619, 56.794685 ], [ 105.822991, 56.794723 ], [ 105.822208, 56.794722 ], [ 105.819636629973417, 56.79847231291361 ], [ 105.822515, 56.799063 ], [ 105.82309, 56.799119 ], [ 105.823602, 56.801964 ], [ 105.827619, 56.805635 ], [ 105.827649732639316, 56.805637496705209 ], [ 105.831361, 56.803088 ], [ 105.832072, 56.802772 ], [ 105.835936, 56.802626 ], [ 105.838991, 56.802486 ], [ 105.842491, 56.801216 ], [ 105.843332, 56.800788 ], [ 105.844709, 56.800439 ], [ 105.846226, 56.800517 ], [ 105.847934, 56.800618 ], [ 105.847200238590887, 56.800574407802117 ], [ 105.84407, 56.799522 ], [ 105.843396, 56.799498 ], [ 105.84295, 56.799505 ], [ 105.841694688309673, 56.800014058083725 ], [ 105.83882041028491, 56.79627183614776 ], [ 105.839897, 56.796503 ], [ 105.839898209662834, 56.796502029534388 ], [ 105.839987, 56.796521 ], [ 105.84074, 56.796713 ], [ 105.841717, 56.796992 ], [ 105.842387, 56.797235 ], [ 105.845022205680408, 56.794943075387032 ], [ 105.8387586, 56.7929749 ] ] ] } },
{ "type": "Feature", "properties": { "AA_MINS": 60 }, "geometry": { "type": "Polygon", "coordinates": [ [ [ 105.806838489580329, 56.782591838006603 ], [ 105.809361, 56.784576 ], [ 105.806895813356462, 56.782595422696659 ], [ 105.806838489580329, 56.782591838006603 ] ] ] } },
{ "type": "Feature", "properties": { "AA_MINS": 60 }, "geometry": { "type": "Polygon", "coordinates": [ [ [ 105.776441193704414, 56.773151433146026 ], [ 105.775969430258669, 56.77322773635801 ], [ 105.7755608, 56.7734565 ], [ 105.77497290262869, 56.773388915143038 ], [ 105.774527661202754, 56.773460928672733 ], [ 105.776008, 56.773917 ], [ 105.776908426155444, 56.773250086085113 ], [ 105.776441193704414, 56.773151433146026 ] ] ] } },
{ "type": "Feature", "properties": { "AA_MINS": 60 }, "geometry": { "type": "Polygon", "coordinates": [ [ [ 105.7220875, 56.7736425 ], [ 105.7204894, 56.7733522 ], [ 105.7170131, 56.7725725 ], [ 105.7132162, 56.7720387 ], [ 105.7106345, 56.771888 ], [ 105.7090775, 56.7718468 ], [ 105.704123861404881, 56.770726026577748 ], [ 105.703731, 56.772839 ], [ 105.706853, 56.773556 ], [ 105.7076, 56.77369 ], [ 105.708738, 56.773906 ], [ 105.709051, 56.773957 ], [ 105.710771, 56.774011 ], [ 105.71538, 56.774248 ], [ 105.719266, 56.775352 ], [ 105.72032, 56.775678 ], [ 105.722549, 56.775951 ], [ 105.723017, 56.775973 ], [ 105.72308994838896, 56.773710342211622 ], [ 105.7220875, 56.7736425 ] ] ] } },
{ "type": "Feature", "properties": { "AA_MINS": 60 }, "geometry": { "type": "Polygon", "coordinates": [ [ [ 105.8637949159843, 56.812375369266363 ], [ 105.866475, 56.812865 ], [ 105.866862, 56.812844 ], [ 105.868063339543852, 56.8121208154191 ], [ 105.8637949159843, 56.812375369266363 ] ] ] } },
{ "type": "Feature", "properties": { "AA_MINS": 60 }, "geometry": { "type": "Polygon", "coordinates": [ [ [ 105.913334, 56.813236 ], [ 105.913415422512855, 56.813203262445072 ], [ 105.91459, 56.812731 ], [ 105.912938, 56.812777 ], [ 105.909612, 56.810686 ], [ 105.905975, 56.81477 ], [ 105.90990339502217, 56.812966159951031 ], [ 105.911617, 56.812702 ], [ 105.911831463418338, 56.81250056821299 ], [ 105.913334, 56.813236 ] ] ] } },
{ "type": "Feature", "properties": { "AA_MINS": 60 }, "geometry": { "type": "Polygon", "coordinates": [ [ [ 105.950578, 56.811881 ], [ 105.951410063622362, 56.810519199548253 ], [ 105.947937, 56.809324 ], [ 105.945975480781271, 56.808771059685384 ], [ 105.947216, 56.809908 ], [ 105.949431, 56.81118 ], [ 105.950578, 56.811881 ] ] ] } },
{ "type": "Feature", "properties": { "AA_MINS": 60 }, "geometry": { "type": "Polygon", "coordinates": [ [ [ 105.950407, 56.805134 ], [ 105.948028, 56.803873 ], [ 105.946394, 56.803035 ], [ 105.945405, 56.802657 ], [ 105.940412, 56.800399 ], [ 105.93727, 56.79942 ], [ 105.932819, 56.797364 ], [ 105.930928, 56.796797 ], [ 105.925316, 56.7953 ], [ 105.929029, 56.79646 ], [ 105.932515, 56.79888 ], [ 105.936837, 56.800863 ], [ 105.9373, 56.801032 ], [ 105.937269700052781, 56.801114975240026 ], [ 105.938345, 56.801448 ], [ 105.939797, 56.801898 ], [ 105.93998, 56.801971 ], [ 105.940149, 56.802038 ], [ 105.945577, 56.804437 ], [ 105.947276, 56.805308 ], [ 105.948349, 56.805865 ], [ 105.949416, 56.806418 ], [ 105.950118, 56.806938 ], [ 105.952434205033114, 56.808380703662849 ], [ 105.952403, 56.807738 ], [ 105.95169, 56.806088 ], [ 105.950407, 56.805134 ] ] ] } },
{ "type": "Feature", "properties": { "AA_MINS": 60 }, "geometry": { "type": "Polygon", "coordinates": [ [ [ 105.789345, 56.777429 ], [ 105.789575107227876, 56.777465722822605 ], [ 105.789339, 56.77733 ], [ 105.787300312453851, 56.776712359952384 ], [ 105.787307080553802, 56.776776106258772 ], [ 105.789345, 56.777429 ] ] ] } },
{ "type": "Feature", "properties": { "AA_MINS": 60 }, "geometry": { "type": "Polygon", "coordinates": [ [ [ 105.729041, 56.776547 ], [ 105.728066213069226, 56.776576829992017 ], [ 105.727274, 56.77608 ], [ 105.726975, 56.776048 ], [ 105.726054818745922, 56.776638381778056 ], [ 105.72427, 56.776693 ], [ 105.723758385033122, 56.776694273826308 ], [ 105.725855952311832, 56.777256049318964 ], [ 105.72824, 56.777516 ], [ 105.731337638731674, 56.777393188807885 ], [ 105.731384, 56.77705 ], [ 105.733126, 56.77674 ], [ 105.734677560547894, 56.777285380234289 ], [ 105.736994, 56.777236 ], [ 105.739608, 56.77733 ], [ 105.739781, 56.777363 ], [ 105.740007, 56.777439 ], [ 105.741768, 56.778059 ], [ 105.744367, 56.77877 ], [ 105.746405563800408, 56.778974127947158 ], [ 105.750058, 56.777769 ], [ 105.751801, 56.778045 ], [ 105.752666772438715, 56.778625018061234 ], [ 105.752676050362481, 56.778623896123172 ], [ 105.754518, 56.776715 ], [ 105.754517990000011, 56.776711 ], [ 105.754264, 56.776711 ], [ 105.752333, 56.776582 ], [ 105.747055, 56.776077 ], [ 105.745948, 56.776262 ], [ 105.744293, 56.776518 ], [ 105.743288, 56.77647 ], [ 105.743097, 56.77646 ], [ 105.737996, 56.776012 ], [ 105.734661, 56.776032 ], [ 105.731339264115817, 56.776052760849275 ], [ 105.73025, 56.776111 ], [ 105.729277346095444, 56.776574109164422 ], [ 105.729041, 56.776547 ] ] ] } },
{ "type": "Feature", "properties": { "AA_MINS": 60 }, "geometry": { "type": "Polygon", "coordinates": [ [ [ 105.712862, 56.77561 ], [ 105.714524404004123, 56.775860692916552 ], [ 105.714753, 56.775895 ], [ 105.712862, 56.77561 ] ] ] } },
{ "type": "Feature", "properties": { "AA_MINS": 60 }, "geometry": { "type": "Polygon", "coordinates": [ [ [ 105.71163457158336, 56.775458833655541 ], [ 105.711670208147495, 56.775463350798624 ], [ 105.712814, 56.775604 ], [ 105.71163457158336, 56.775458833655541 ] ] ] } },
{ "type": "Feature", "properties": { "AA_MINS": 60 }, "geometry": { "type": "Polygon", "coordinates": [ [ [ 105.683240677546664, 56.762618967361156 ], [ 105.684223, 56.763124 ], [ 105.688337934059277, 56.765559624748732 ], [ 105.688208, 56.765474 ], [ 105.684005, 56.762995 ], [ 105.683240677546664, 56.762618967361156 ] ] ] } },
{ "type": "Feature", "properties": { "AA_MINS": 60 }, "geometry": { "type": "Polygon", "coordinates": [ [ [ 105.682348226595593, 56.76217989784972 ], [ 105.682259, 56.762136 ], [ 105.678230335085885, 56.760642674413639 ], [ 105.678244, 56.76065 ], [ 105.682348226595593, 56.76217989784972 ] ] ] } },
{ "type": "Feature", "properties": { "AA_MINS": 60 }, "geometry": { "type": "Polygon", "coordinates": [ [ [ 105.624771, 56.778254 ], [ 105.624870676498887, 56.778104122351792 ], [ 105.624866, 56.778101 ], [ 105.624771, 56.778254 ] ] ] } },
{ "type": "Feature", "properties": { "AA_MINS": 60 }, "geometry": { "type": "Polygon", "coordinates": [ [ [ 105.624218, 56.779546 ], [ 105.62449484247125, 56.778899199868235 ], [ 105.624433, 56.778865 ], [ 105.624218, 56.779546 ] ] ] } },
{ "type": "Feature", "properties": { "AA_MINS": 90 }, "geometry": { "type": "Polygon", "coordinates": [ [ [ 105.571087492794604, 56.787596502615777 ], [ 105.570967665711819, 56.786073133471227 ], [ 105.568641, 56.785288 ], [ 105.569018789485327, 56.786145254631904 ], [ 105.571087492794604, 56.787596502615777 ] ] ] } },
{ "type": "Feature", "properties": { "AA_MINS": 90 }, "geometry": { "type": "Polygon", "coordinates": [ [ [ 105.571391044452213, 56.791528216936186 ], [ 105.571398, 56.791544 ], [ 105.571396546249247, 56.791525518376446 ], [ 105.571391044452213, 56.791528216936186 ] ] ] } },
{ "type": "Feature", "properties": { "AA_MINS": 90 }, "geometry": { "type": "Polygon", "coordinates": [ [ [ 105.5708163, 56.7930012 ], [ 105.571066777309099, 56.793467581395774 ], [ 105.571286, 56.793082 ], [ 105.571398, 56.791544 ], [ 105.570793493184354, 56.792903422524788 ], [ 105.5708163, 56.7930012 ] ] ] } },
{ "type": "Feature", "properties": { "AA_MINS": 90 }, "geometry": { "type": "Polygon", "coordinates": [ [ [ 105.56907089943158, 56.79677721300645 ], [ 105.568661, 56.797699 ], [ 105.569269507125895, 56.79662872289515 ], [ 105.56907089943158, 56.79677721300645 ] ] ] } },
{ "type": "Feature", "properties": { "AA_MINS": 90 }, "geometry": { "type": "Polygon", "coordinates": [ [ [ 105.566500358024939, 56.800294409130267 ], [ 105.568661, 56.797699 ], [ 105.566792004034042, 56.799690967122778 ], [ 105.566500358024939, 56.800294409130267 ] ] ] } },
{ "type": "Feature", "properties": { "AA_MINS": 90 }, "geometry": { "type": "Polygon", "coordinates": [ [ [ 105.5654053, 56.8013319 ], [ 105.5651591, 56.8018 ], [ 105.565202283036626, 56.801842472125678 ], [ 105.565222, 56.80183 ], [ 105.565827090048231, 56.801103152954568 ], [ 105.5654053, 56.8013319 ] ] ] } },
{ "type": "Feature", "properties": { "AA_MINS": 90 }, "geometry": { "type": "Polygon", "coordinates": [ [ [ 105.575661, 56.8043343 ], [ 105.577317445097194, 56.804268230049324 ], [ 105.576753, 56.803469 ], [ 105.575947, 56.803446 ], [ 105.575044, 56.803442 ], [ 105.574137, 56.803438 ], [ 105.573867, 56.803391 ], [ 105.574763690977335, 56.804067256295923 ], [ 105.574942836650905, 56.80420236236111 ], [ 105.575661, 56.8043343 ] ] ] } },
{ "type": "Feature", "properties": { "AA_MINS": 90 }, "geometry": { "type": "Polygon", "coordinates": [ [ [ 105.584854931049492, 56.80729732926104 ], [ 105.590087, 56.80342 ], [ 105.584927, 56.805407 ], [ 105.584356872362989, 56.806647710530022 ], [ 105.584854931049492, 56.80729732926104 ] ] ] } },
{ "type": "Feature", "properties": { "AA_MINS": 90 }, "geometry": { "type": "Polygon", "coordinates": [ [ [ 105.599666625096503, 56.814593134761594 ], [ 105.599536, 56.813199 ], [ 105.598668555222162, 56.81472971547872 ], [ 105.599666625096503, 56.814593134761594 ] ] ] } },
{ "type": "Feature", "properties": { "AA_MINS": 90 }, "geometry": { "type": "Polygon", "coordinates": [ [ [ 105.6202585, 56.8113607 ], [ 105.625691791035109, 56.811943285330159 ], [ 105.624877, 56.811706 ], [ 105.623661, 56.811352 ], [ 105.622973, 56.811081 ], [ 105.622301, 56.810814 ], [ 105.621155, 56.8103 ], [ 105.620016, 56.809789 ], [ 105.619499, 56.809538 ], [ 105.618987, 56.809289 ], [ 105.618639, 56.809033 ], [ 105.618319, 56.808795 ], [ 105.61814, 56.808498 ], [ 105.618012, 56.808259 ], [ 105.617943, 56.80797 ], [ 105.617892, 56.807728 ], [ 105.617882, 56.807447 ], [ 105.617875, 56.807198 ], [ 105.617892, 56.807118 ], [ 105.618018, 56.806813 ], [ 105.618145, 56.806508 ], [ 105.616656, 56.8007 ], [ 105.616378, 56.800529 ], [ 105.616176, 56.800366 ], [ 105.614992108061145, 56.799864089398191 ], [ 105.610724, 56.79846 ], [ 105.606607473762892, 56.799814329897337 ], [ 105.60671, 56.799844 ], [ 105.60727, 56.799961 ], [ 105.60780302863742, 56.80008064735528 ], [ 105.613664061647995, 56.801396256029321 ], [ 105.615819280828831, 56.804638714130796 ], [ 105.616256, 56.80724 ], [ 105.616307, 56.808064 ], [ 105.616585, 56.809026 ], [ 105.617351, 56.810094 ], [ 105.618279, 56.810746 ], [ 105.619353, 56.811266 ], [ 105.619526027144502, 56.81134374787991 ], [ 105.6202585, 56.8113607 ] ] ] } },
{ "type": "Feature", "properties": { "AA_MINS": 90 }, "geometry": { "type": "Polygon", "coordinates": [ [ [ 105.6295483, 56.8123568 ], [ 105.631161469172909, 56.811536271422291 ], [ 105.630375, 56.811274 ], [ 105.62836, 56.810623 ], [ 105.626611, 56.810149 ], [ 105.623175293952272, 56.80374081848187 ], [ 105.623182728321254, 56.803241245225834 ], [ 105.625888, 56.800727 ], [ 105.625335462991728, 56.799368068641158 ], [ 105.625196, 56.799443 ], [ 105.624951295328145, 56.799539312334403 ], [ 105.621312, 56.803198 ], [ 105.62108, 56.803691 ], [ 105.620947, 56.803896 ], [ 105.620794, 56.804126 ], [ 105.621302, 56.809972 ], [ 105.622434, 56.81048 ], [ 105.623106, 56.810746 ], [ 105.623762, 56.811007 ], [ 105.624977, 56.81136 ], [ 105.62619, 56.811713 ], [ 105.627021, 56.811937 ], [ 105.627862, 56.812164 ], [ 105.6279175300715, 56.812181940484642 ], [ 105.6295483, 56.8123568 ] ] ] } },
{ "type": "Feature", "properties": { "AA_MINS": 90 }, "geometry": { "type": "Polygon", "coordinates": [ [ [ 105.71771491847619, 56.791684343915797 ], [ 105.719273, 56.793637 ], [ 105.72076, 56.792989 ], [ 105.721214494036943, 56.79263290467204 ], [ 105.7213792, 56.7922882 ], [ 105.7211581, 56.7912606 ], [ 105.721176801044805, 56.791243202373849 ], [ 105.719856, 56.789057 ], [ 105.718898952442188, 56.788346618366376 ], [ 105.718873, 56.79047 ], [ 105.718342, 56.790463 ], [ 105.7178, 56.790434 ], [ 105.717784475065812, 56.790432219001055 ], [ 105.71771491847619, 56.791684343915797 ] ] ] } },
{ "type": "Feature", "properties": { "AA_MINS": 90 }, "geometry": { "type": "Polygon", "coordinates": [ [ [ 105.753001361076855, 56.802524096636269 ], [ 105.75302333460013, 56.804277221344719 ], [ 105.753246521556619, 56.804335033777555 ], [ 105.75334615049313, 56.802433728008431 ], [ 105.753001361076855, 56.802524096636269 ] ] ] } },
{ "type": "Feature", "properties": { "AA_MINS": 90 }, "geometry": { "type": "Polygon", "coordinates": [ [ [ 105.8289227, 56.8170085 ], [ 105.828911700761267, 56.817040657010082 ], [ 105.829701377525154, 56.817335357259097 ], [ 105.830097, 56.817483 ], [ 105.828979552380787, 56.81639729805179 ], [ 105.8289227, 56.8170085 ] ] ] } },
{ "type": "Feature", "properties": { "AA_MINS": 90 }, "geometry": { "type": "Polygon", "coordinates": [ [ [ 105.8582944, 56.8158346 ], [ 105.85831104571902, 56.815569609310074 ], [ 105.858308868884976, 56.815571340493051 ], [ 105.858128668081662, 56.815842713287509 ], [ 105.8582944, 56.8158346 ] ] ] } },
{ "type": "Feature", "properties": { "AA_MINS": 90 }, "geometry": { "type": "Polygon", "coordinates": [ [ [ 105.8603318, 56.815059 ], [ 105.8616254, 56.8144026 ], [ 105.8645005, 56.8141152 ], [ 105.8678697, 56.812501 ], [ 105.8693566, 56.8120971 ], [ 105.8701911, 56.8120827 ], [ 105.887213, 56.8137275 ], [ 105.8897961, 56.8138417 ], [ 105.8919157, 56.8140232 ], [ 105.8946275, 56.8135308 ], [ 105.895237570262125, 56.813371800768628 ], [ 105.894925, 56.811542 ], [ 105.891664, 56.810685 ], [ 105.888458, 56.810677 ], [ 105.885798, 56.808903 ], [ 105.881576, 56.811337 ], [ 105.878278, 56.811469 ], [ 105.876093, 56.811658 ], [ 105.870168, 56.81204 ], [ 105.868295, 56.812107 ], [ 105.868063339543852, 56.8121208154191 ], [ 105.866862, 56.812844 ], [ 105.866475, 56.812865 ], [ 105.8637949159843, 56.812375369266363 ], [ 105.863013, 56.812422 ], [ 105.86280433826532, 56.812401356144967 ], [ 105.859148, 56.814904 ], [ 105.858982730772709, 56.815035434582335 ], [ 105.8603318, 56.815059 ] ] ] } },
{ "type": "Feature", "properties": { "AA_MINS": 90 }, "geometry": { "type": "Polygon", "coordinates": [ [ [ 105.9059385, 56.817141 ], [ 105.907909, 56.815289 ], [ 105.909057237045502, 56.81570609637609 ], [ 105.910708809161648, 56.814752210845761 ], [ 105.9107799, 56.8145661 ], [ 105.9103614, 56.8136084 ], [ 105.9106645, 56.8132093 ], [ 105.912430975754063, 56.813757552618455 ], [ 105.913334, 56.813236 ], [ 105.911831463418338, 56.81250056821299 ], [ 105.911617, 56.812702 ], [ 105.90990339502217, 56.812966159951031 ], [ 105.905975, 56.81477 ], [ 105.905834002411154, 56.817186733062414 ], [ 105.9059385, 56.817141 ] ] ] } },
{ "type": "Feature", "properties": { "AA_MINS": 90 }, "geometry": { "type": "Polygon", "coordinates": [ [ [ 105.9201724, 56.8140444 ], [ 105.920939380901316, 56.81450133248979 ], [ 105.923121, 56.813969 ], [ 105.924042924301645, 56.813319483481955 ], [ 105.9238163, 56.8130888 ], [ 105.9243068, 56.8119029 ], [ 105.927438084680091, 56.8109683264898 ], [ 105.927147937271755, 56.809854175793539 ], [ 105.92587, 56.808788 ], [ 105.924221, 56.809005 ], [ 105.924057, 56.809022 ], [ 105.92206, 56.809216 ], [ 105.917506, 56.810836 ], [ 105.915076, 56.812486 ], [ 105.91459, 56.812731 ], [ 105.913415422512855, 56.813203262445072 ], [ 105.915954619563635, 56.813910996091138 ], [ 105.9201724, 56.8140444 ] ] ] } },
{ "type": "Feature", "properties": { "AA_MINS": 90 }, "geometry": { "type": "Polygon", "coordinates": [ [ [ 105.9415654, 56.8103483 ], [ 105.9415894, 56.8118605 ], [ 105.9420946, 56.8121093 ], [ 105.9445419, 56.8135911 ], [ 105.945563, 56.8140869 ], [ 105.9475774, 56.8154042 ], [ 105.9479391, 56.8158157 ], [ 105.954497534357699, 56.818504970069618 ], [ 105.955537, 56.815924 ], [ 105.952995, 56.811501 ], [ 105.952458, 56.811146 ], [ 105.951986, 56.810851 ], [ 105.951517, 56.810556 ], [ 105.951410063622362, 56.810519199548253 ], [ 105.950578, 56.811881 ], [ 105.949431, 56.81118 ], [ 105.947216, 56.809908 ], [ 105.945975480781271, 56.808771059685384 ], [ 105.945656, 56.808681 ], [ 105.945381, 56.80863 ], [ 105.945268693289179, 56.808576849984505 ], [ 105.942397908232451, 56.809088566127201 ], [ 105.940582030360588, 56.810152296660277 ], [ 105.9415654, 56.8103483 ] ] ] } },
{ "type": "Feature", "properties": { "AA_MINS": 90 }, "geometry": { "type": "Polygon", "coordinates": [ [ [ 105.983977, 56.8199891 ], [ 105.983945649676343, 56.819991591312423 ], [ 105.983966351573244, 56.819999351763215 ], [ 105.983977, 56.8199891 ] ] ] } },
{ "type": "Feature", "properties": { "AA_MINS": 90 }, "geometry": { "type": "Polygon", "coordinates": [ [ [ 105.9831028, 56.8194948 ], [ 105.983433555718051, 56.819283626992934 ], [ 105.977233, 56.816797 ], [ 105.976943, 56.816724 ], [ 105.972852852988495, 56.815480044987389 ], [ 105.97521, 56.816533 ], [ 105.980586, 56.818694 ], [ 105.981226, 56.818953 ], [ 105.981866, 56.819212 ], [ 105.983066718798312, 56.81966210943645 ], [ 105.9831028, 56.8194948 ] ] ] } },
{ "type": "Feature", "properties": { "AA_MINS": 90 }, "geometry": { "type": "Polygon", "coordinates": [ [ [ 105.8865771, 56.7993702 ], [ 105.8840625, 56.7998158 ], [ 105.8796897, 56.800251 ], [ 105.8750278, 56.8003395 ], [ 105.866018, 56.8000988 ], [ 105.8560076, 56.7992384 ], [ 105.8550446, 56.7991217 ], [ 105.8555388, 56.7984124 ], [ 105.8546157, 56.798112 ], [ 105.8528632, 56.7975466 ], [ 105.8507555, 56.7966408 ], [ 105.84867, 56.7960893 ], [ 105.845022205680408, 56.794943075387032 ], [ 105.842387, 56.797235 ], [ 105.841717, 56.796992 ], [ 105.84074, 56.796713 ], [ 105.839987, 56.796521 ], [ 105.839898209662834, 56.796502029534388 ], [ 105.839897, 56.796503 ], [ 105.83882041028491, 56.79627183614776 ], [ 105.841694688309673, 56.800014058083725 ], [ 105.84295, 56.799505 ], [ 105.843396, 56.799498 ], [ 105.84407, 56.799522 ], [ 105.847200238590887, 56.800574407802117 ], [ 105.847934, 56.800618 ], [ 105.852594, 56.800035 ], [ 105.853011, 56.799958 ], [ 105.853848, 56.799937 ], [ 105.855764, 56.800135 ], [ 105.860439, 56.800732 ], [ 105.862917, 56.800892 ], [ 105.865755, 56.801017 ], [ 105.870801, 56.801172 ], [ 105.873739, 56.801243 ], [ 105.8797, 56.80115 ], [ 105.880634, 56.801206 ], [ 105.881681, 56.801328 ], [ 105.882988, 56.801546 ], [ 105.883921, 56.801891 ], [ 105.889272, 56.801478 ], [ 105.890401, 56.800298 ], [ 105.891185, 56.799857 ], [ 105.889907808085098, 56.800120166663937 ], [ 105.887308032415007, 56.799182749065487 ], [ 105.8865771, 56.7993702 ] ] ] } },
{ "type": "Feature", "properties": { "AA_MINS": 90 }, "geometry": { "type": "Polygon", "coordinates": [ [ [ 105.806895813356462, 56.782595422696659 ], [ 105.809361, 56.784576 ], [ 105.81118, 56.784699 ], [ 105.811263, 56.784707 ], [ 105.812569, 56.784855 ], [ 105.807987392277312, 56.782663683588851 ], [ 105.806895813356462, 56.782595422696659 ] ] ] } },
{ "type": "Feature", "properties": { "AA_MINS": 90 }, "geometry": { "type": "Polygon", "coordinates": [ [ [ 105.78830468362068, 56.7696071545151 ], [ 105.786709, 56.771143 ], [ 105.787300312453851, 56.776712359952384 ], [ 105.789339, 56.77733 ], [ 105.789575107227876, 56.777465722822605 ], [ 105.790711, 56.777647 ], [ 105.789078682338442, 56.769624371765566 ], [ 105.78830468362068, 56.7696071545151 ] ] ] } },
{ "type": "Feature", "properties": { "AA_MINS": 90 }, "geometry": { "type": "Polygon", "coordinates": [ [ [ 105.7761976, 56.7731 ], [ 105.775969430258669, 56.77322773635801 ], [ 105.776441193704414, 56.773151433146026 ], [ 105.7761976, 56.7731 ] ] ] } },
{ "type": "Feature", "properties": { "AA_MINS": 90 }, "geometry": { "type": "Polygon", "coordinates": [ [ [ 105.7741377, 56.7732929 ], [ 105.774081404301754, 56.773323443269042 ], [ 105.774527661202754, 56.773460928672733 ], [ 105.77497290262869, 56.773388915143038 ], [ 105.7741377, 56.7732929 ] ] ] } },
{ "type": "Feature", "properties": { "AA_MINS": 90 }, "geometry": { "type": "Polygon", "coordinates": [ [ [ 105.7030758, 56.7704889 ], [ 105.6966701, 56.7664769 ], [ 105.6949253, 56.7648413 ], [ 105.6948752, 56.7646869 ], [ 105.696875, 56.7631105 ], [ 105.6970341, 56.7624315 ], [ 105.6936584, 56.7617698 ], [ 105.6918823, 56.7621874 ], [ 105.6890799, 56.7607094 ], [ 105.6888133, 56.7605118 ], [ 105.6811767, 56.7582498 ], [ 105.6758381, 56.7557747 ], [ 105.675628235235436, 56.755411815527843 ], [ 105.674685, 56.757498 ], [ 105.677556, 56.758795 ], [ 105.679291, 56.759592 ], [ 105.681343, 56.760365 ], [ 105.683268, 56.760955 ], [ 105.685097, 56.761514 ], [ 105.692340721248513, 56.766444271230753 ], [ 105.690103681913172, 56.766702570694932 ], [ 105.691132035557885, 56.767373733236013 ], [ 105.692714442951029, 56.768358342280642 ], [ 105.693772030991255, 56.769012693421345 ], [ 105.697696, 56.771069 ], [ 105.702555, 56.772992 ], [ 105.70287, 56.773112 ], [ 105.705502123528902, 56.774112028894301 ], [ 105.710816859830231, 56.7753551839049 ], [ 105.71163457158336, 56.775458833655541 ], [ 105.712814, 56.775604 ], [ 105.712817519322329, 56.775604528170604 ], [ 105.712862, 56.77561 ], [ 105.714753, 56.775895 ], [ 105.720268, 56.775891 ], [ 105.720865, 56.775923 ], [ 105.721476, 56.776083 ], [ 105.723758385033122, 56.776694273826308 ], [ 105.72427, 56.776693 ], [ 105.726054818745922, 56.776638381778056 ], [ 105.726975, 56.776048 ], [ 105.727274, 56.77608 ], [ 105.728066213069226, 56.776576829992017 ], [ 105.729041, 56.776547 ], [ 105.729277346095444, 56.776574109164422 ], [ 105.73025, 56.776111 ], [ 105.731339264115817, 56.776052760849275 ], [ 105.731301, 56.776053 ], [ 105.729015, 56.776035 ], [ 105.727225, 56.776044 ], [ 105.725451, 56.776052 ], [ 105.723017, 56.775973 ], [ 105.722549, 56.775951 ], [ 105.72032, 56.775678 ], [ 105.719266, 56.775352 ], [ 105.71538, 56.774248 ], [ 105.710771, 56.774011 ], [ 105.709051, 56.773957 ], [ 105.708738, 56.773906 ], [ 105.7076, 56.77369 ], [ 105.706853, 56.773556 ], [ 105.703731, 56.772839 ], [ 105.704123861404881, 56.770726026577748 ], [ 105.7030758, 56.7704889 ] ] ] } },
{ "type": "Feature", "properties": { "AA_MINS": 90 }, "geometry": { "type": "Polygon", "coordinates": [ [ [ 105.633870902346487, 56.765348473367148 ], [ 105.634609145799402, 56.764506731719415 ], [ 105.634593333954086, 56.764369537608246 ], [ 105.634387791759949, 56.764589936008548 ], [ 105.633870902346487, 56.765348473367148 ] ] ] } },
{ "type": "Feature", "properties": { "AA_MINS": 90 }, "geometry": { "type": "Polygon", "coordinates": [ [ [ 105.6280401, 56.7739052 ], [ 105.627747670536422, 56.773737584622857 ], [ 105.626575191484548, 56.775536374663872 ], [ 105.626884561434878, 56.775743264311089 ], [ 105.630458, 56.775492 ], [ 105.632361, 56.771702 ], [ 105.631494788410279, 56.768835430425959 ], [ 105.6280401, 56.7739052 ] ] ] } },
{ "type": "Feature", "properties": { "AA_MINS": 90 }, "geometry": { "type": "Polygon", "coordinates": [ [ [ 105.5897027, 56.7877667 ], [ 105.5881239, 56.7871763 ], [ 105.5850903, 56.7871943 ], [ 105.5809429, 56.7856995 ], [ 105.5795746, 56.7868348 ], [ 105.5782275, 56.7876706 ], [ 105.5771756, 56.7869928 ], [ 105.5745485, 56.7850346 ], [ 105.574520507158439, 56.785015981894752 ], [ 105.574214, 56.785007 ], [ 105.576272, 56.78653 ], [ 105.580379, 56.789017 ], [ 105.580958, 56.789357 ], [ 105.585746786944526, 56.791443599987517 ], [ 105.585753578358762, 56.791445704047973 ], [ 105.590614, 56.792402 ], [ 105.593001, 56.793634 ], [ 105.594528766350564, 56.79372486220003 ], [ 105.599541, 56.792597 ], [ 105.603342, 56.792582 ], [ 105.604588, 56.792585 ], [ 105.605199, 56.792637 ], [ 105.606031, 56.79285 ], [ 105.606122, 56.792973 ], [ 105.610954, 56.796441 ], [ 105.612626, 56.796732 ], [ 105.614266, 56.796744 ], [ 105.615175, 56.796791 ], [ 105.615766, 56.796983 ], [ 105.621155, 56.798054 ], [ 105.621554, 56.798018 ], [ 105.623822091757319, 56.79695094789264 ], [ 105.623538, 56.796227 ], [ 105.624051, 56.795922 ], [ 105.625039, 56.794996 ], [ 105.626095, 56.793884 ], [ 105.622941978208488, 56.790624395030221 ], [ 105.62251, 56.790468 ], [ 105.621339, 56.790156 ], [ 105.621214364503089, 56.79003711093722 ], [ 105.620119, 56.790613 ], [ 105.619402, 56.790606 ], [ 105.619409417409742, 56.789864259026082 ], [ 105.618088, 56.789983 ], [ 105.616203, 56.792477 ], [ 105.614375, 56.792566 ], [ 105.613622, 56.791807 ], [ 105.61362, 56.788207 ], [ 105.616274, 56.786873 ], [ 105.620787, 56.785486 ], [ 105.623993725640759, 56.781648328341355 ], [ 105.624218, 56.779546 ], [ 105.621366018639435, 56.784483560268676 ], [ 105.617234, 56.783257 ], [ 105.616884, 56.78334 ], [ 105.612495330847963, 56.787450270784781 ], [ 105.610193, 56.787802 ], [ 105.606423, 56.787163 ], [ 105.604917, 56.786968 ], [ 105.60155, 56.787834 ], [ 105.594307, 56.787674 ], [ 105.592081, 56.787207 ], [ 105.589808082092887, 56.787000721866619 ], [ 105.5897027, 56.7877667 ] ] ] } },
{ "type": "Feature", "properties": { "AA_MINS": 90 }, "geometry": { "type": "Polygon", "coordinates": [ [ [ 105.971304, 56.814822 ], [ 105.970995303635092, 56.814710904659513 ], [ 105.971098023281158, 56.814755312363481 ], [ 105.971304, 56.814822 ] ] ] } },
{ "type": "Feature", "properties": { "AA_MINS": 90 }, "geometry": { "type": "Polygon", "coordinates": [ [ [ 105.960529, 56.810528 ], [ 105.952403, 56.807738 ], [ 105.952434205033114, 56.808380703662849 ], [ 105.953528, 56.809062 ], [ 105.954549, 56.809793 ], [ 105.957709893803042, 56.81131134040487 ], [ 105.957747443715292, 56.81131903846115 ], [ 105.960104159879933, 56.81180002575266 ], [ 105.963147947178058, 56.812355625286919 ], [ 105.963232106840152, 56.812360583333479 ], [ 105.963343, 56.812367 ], [ 105.964019, 56.812406 ], [ 105.964308, 56.812438 ], [ 105.964587, 56.81247 ], [ 105.965366, 56.812685 ], [ 105.965991678648933, 56.812937948913252 ], [ 105.967964, 56.813595 ], [ 105.970225, 56.814414 ], [ 105.970355361365847, 56.814463221990643 ], [ 105.96421, 56.810797 ], [ 105.961413, 56.810632 ], [ 105.960529, 56.810528 ] ] ] } },
{ "type": "Feature", "properties": { "AA_MINS": 90 }, "geometry": { "type": "Polygon", "coordinates": [ [ [ 105.946394, 56.803035 ], [ 105.940412, 56.800399 ], [ 105.945405, 56.802657 ], [ 105.946394, 56.803035 ] ] ] } },
{ "type": "Feature", "properties": { "AA_MINS": 90 }, "geometry": { "type": "Polygon", "coordinates": [ [ [ 105.940412, 56.800399 ], [ 105.932819, 56.797364 ], [ 105.93727, 56.79942 ], [ 105.940412, 56.800399 ] ] ] } },
{ "type": "Feature", "properties": { "AA_MINS": 90 }, "geometry": { "type": "Polygon", "coordinates": [ [ [ 105.930928, 56.796797 ], [ 105.927561090871095, 56.795858587082343 ], [ 105.923293, 56.794669 ], [ 105.925316, 56.7953 ], [ 105.930928, 56.796797 ] ] ] } },
{ "type": "Feature", "properties": { "AA_MINS": 90 }, "geometry": { "type": "Polygon", "coordinates": [ [ [ 105.894015, 56.79871 ], [ 105.893246429889899, 56.799021501737201 ], [ 105.893245, 56.799019 ], [ 105.891185, 56.799857 ], [ 105.896809, 56.799496 ], [ 105.899848, 56.797996 ], [ 105.894612019452268, 56.799120802008467 ], [ 105.894342, 56.798603 ], [ 105.894015, 56.79871 ] ] ] } },
{ "type": "Feature", "properties": { "AA_MINS": 90 }, "geometry": { "type": "Polygon", "coordinates": [ [ [ 105.673935, 56.75834 ], [ 105.678230335085885, 56.760642674413639 ], [ 105.682259, 56.762136 ], [ 105.674567, 56.758534 ], [ 105.673972250919206, 56.758357386694279 ], [ 105.673935, 56.75834 ] ] ] } },
{ "type": "Feature", "properties": { "AA_MINS": 90 }, "geometry": { "type": "Polygon", "coordinates": [ [ [ 105.673859634944534, 56.758323944894698 ], [ 105.673779, 56.7583 ], [ 105.673726337796069, 56.758295548448338 ], [ 105.673859634944534, 56.758323944894698 ] ] ] } },
{ "type": "Feature", "properties": { "AA_MINS": 90 }, "geometry": { "type": "Polygon", "coordinates": [ [ [ 105.664611050709127, 56.758004089412864 ], [ 105.665301, 56.757557 ], [ 105.665624, 56.757457 ], [ 105.66599, 56.757349 ], [ 105.661471209826587, 56.757043846868207 ], [ 105.658112, 56.756817 ], [ 105.662308014392636, 56.758856827164827 ], [ 105.664611050709127, 56.758004089412864 ] ] ] } },
{ "type": "Feature", "properties": { "AA_MINS": 90 }, "geometry": { "type": "Polygon", "coordinates": [ [ [ 105.647574, 56.753154 ], [ 105.649905693525824, 56.755924426557094 ], [ 105.650806752264913, 56.756087697204038 ], [ 105.655502, 56.756757 ], [ 105.656768, 56.75675 ], [ 105.656921693238516, 56.756754080351463 ], [ 105.656839635514515, 56.75670062086018 ], [ 105.654547, 56.755207 ], [ 105.652568557531794, 56.755353014627232 ], [ 105.647574, 56.753154 ] ] ] } },
{ "type": "Feature", "properties": { "AA_MINS": 90 }, "geometry": { "type": "Polygon", "coordinates": [ [ [ 105.645922, 56.751362 ], [ 105.63903, 56.746284 ], [ 105.642611, 56.749167 ], [ 105.645922, 56.751362 ] ] ] } },
{ "type": "Feature", "properties": { "AA_MINS": 90 }, "geometry": { "type": "Polygon", "coordinates": [ [ [ 105.595057, 56.802416 ], [ 105.599233, 56.807463 ], [ 105.598107, 56.803955 ], [ 105.595057, 56.802416 ] ] ] } },
{ "type": "Feature", "properties": { "AA_MINS": 90 }, "geometry": { "type": "Polygon", "coordinates": [ [ [ 105.605034, 56.800332 ], [ 105.602945925053675, 56.805656739765823 ], [ 105.603042, 56.806373 ], [ 105.605034, 56.800332 ] ] ] } }
]
}
