{
"type": "FeatureCollection",
"name": "quarter_2",
"crs": { "type": "name", "properties": { "name": "urn:ogc:def:crs:OGC:1.3:CRS84" } },
"features": [
{ "type": "Feature", "properties": { "quarter": null }, "geometry": { "type": "MultiPolygon", "coordinates": [ [ [ [ 105.576121343538958, 56.798952131605624 ], [ 105.573294514069474, 56.798495693498268 ], [ 105.571029426353533, 56.799190271021118 ], [ 105.571147210914759, 56.798738797094856 ], [ 105.572877737929744, 56.796054647568674 ], [ 105.568673735128954, 56.797682029178446 ], [ 105.567042871973484, 56.800777828472185 ], [ 105.566843544254453, 56.801194551164429 ], [ 105.568220717585746, 56.802305789032502 ], [ 105.570685133020675, 56.801690643568293 ], [ 105.571862978632993, 56.801338418637336 ], [ 105.572005679159119, 56.801301211585191 ], [ 105.572107608106322, 56.801450039572217 ], [ 105.572229922842979, 56.801526313686594 ], [ 105.572365828105944, 56.801524453344186 ], [ 105.572848291789427, 56.801375625652561 ], [ 105.573205043104664, 56.801680721784528 ], [ 105.573667120998707, 56.801539336080836 ], [ 105.574122403629659, 56.801226797370141 ], [ 105.575034101435278, 56.800301568295041 ], [ 105.576121343538958, 56.798952131605624 ] ] ] ] } },
{ "type": "Feature", "properties": { "quarter": null }, "geometry": { "type": "MultiPolygon", "coordinates": [ [ [ [ 105.574910654154735, 56.803578215157096 ], [ 105.574883473102147, 56.804032111101534 ], [ 105.576228935205407, 56.804113960605008 ], [ 105.57637843099468, 56.803905616062835 ], [ 105.57757439730868, 56.803890734265522 ], [ 105.577601578361268, 56.803548451296606 ], [ 105.580360455199283, 56.803594027198372 ], [ 105.580414817304472, 56.803735405153354 ], [ 105.581264225197984, 56.803727034105094 ], [ 105.582096644933571, 56.803722383521901 ], [ 105.582079656775733, 56.803258252418416 ], [ 105.581671940986865, 56.803168960003944 ], [ 105.581671940986809, 56.802406245296709 ], [ 105.581291406250529, 56.802376480505743 ], [ 105.581298201513675, 56.802179288168674 ], [ 105.582215562038641, 56.801915123223779 ], [ 105.582854316774529, 56.801915123223779 ], [ 105.583316394668572, 56.801944888381044 ], [ 105.583425118878949, 56.801647235744987 ], [ 105.582813545195648, 56.801423994717119 ], [ 105.580435203093899, 56.801632353051154 ], [ 105.579388732569143, 56.801632353051154 ], [ 105.579171284148444, 56.80157282221672 ], [ 105.57925282730622, 56.801327256525546 ], [ 105.578783954149003, 56.801297490877921 ], [ 105.578118018360541, 56.801389578273714 ], [ 105.578036475202722, 56.801062155394384 ], [ 105.577506444677184, 56.800623106591054 ], [ 105.574883473102133, 56.800742171181405 ], [ 105.574543709944749, 56.801106804137213 ], [ 105.574081632050707, 56.801471433546752 ], [ 105.573864183629965, 56.80163514355668 ], [ 105.573266200472958, 56.801806294166369 ], [ 105.573171066788873, 56.80202209164753 ], [ 105.573510829946287, 56.802253700493196 ], [ 105.573823412051084, 56.802439730658314 ], [ 105.573918545735168, 56.80312431371695 ], [ 105.573877774156259, 56.803578215157096 ], [ 105.574910654154735, 56.803578215157096 ] ], [ [ 105.579028583622275, 56.802282535229217 ], [ 105.579028583622275, 56.803153147783348 ], [ 105.577696712045309, 56.803160588829144 ], [ 105.577696712045309, 56.802282535229217 ], [ 105.579028583622275, 56.802282535229217 ] ] ] ] } },
{ "type": "Feature", "properties": { "quarter": null }, "geometry": { "type": "MultiPolygon", "coordinates": [ [ [ [ 105.578022884676386, 56.80034032667357 ], [ 105.578919859411897, 56.79988638603038 ], [ 105.580441998357031, 56.798918953207583 ], [ 105.581777267565499, 56.798304992507425 ], [ 105.582606289669528, 56.798059405412452 ], [ 105.58462448282441, 56.798163594073444 ], [ 105.586812557557963, 56.798420343466532 ], [ 105.586900895978829, 56.798585927287533 ], [ 105.58664267597922, 56.79879802234958 ], [ 105.588545349660606, 56.799393370499381 ], [ 105.592955475443404, 56.800952393675544 ], [ 105.600729256484485, 56.803664716242473 ], [ 105.606043152266096, 56.799173836969338 ], [ 105.601368011220387, 56.798251037904713 ], [ 105.599275070170862, 56.797596134467923 ], [ 105.597487915963058, 56.796755162143988 ], [ 105.596849161227183, 56.796503983123863 ], [ 105.59679479912198, 56.79628629327879 ], [ 105.595394974913532, 56.795393193507373 ], [ 105.593995150705084, 56.794790339137137 ], [ 105.592479807023139, 56.794481465550767 ], [ 105.591657580182257, 56.794295395897372 ], [ 105.591073187551558, 56.794265624667148 ], [ 105.588008523871906, 56.793912089501553 ], [ 105.587872618608941, 56.794146539509924 ], [ 105.587267840188787, 56.794176310834686 ], [ 105.586608699663458, 56.794615435129565 ], [ 105.586391251242745, 56.794585664153416 ], [ 105.586119440716814, 56.795203407065713 ], [ 105.585324394928548, 56.795155029975973 ], [ 105.585290418612772, 56.795292718452018 ], [ 105.584678844929471, 56.795218292311532 ], [ 105.584407034403569, 56.795746714710312 ], [ 105.585222465981303, 56.795843467300763 ], [ 105.585059379665807, 56.796556079651523 ], [ 105.583938161246408, 56.796476074239997 ], [ 105.582912076511107, 56.796474213647009 ], [ 105.582810147563904, 56.796317923505711 ], [ 105.582205369143736, 56.796451886523862 ], [ 105.582314093354128, 56.796533752577098 ], [ 105.581457890197527, 56.796857493855008 ], [ 105.581369551776589, 56.796779349664526 ], [ 105.581138512829583, 56.796794234284803 ], [ 105.579810038884204, 56.797279841780224 ], [ 105.579551818884596, 56.797406359175476 ], [ 105.578478167307267, 56.797787769327883 ], [ 105.57835585257061, 56.797728232388899 ], [ 105.577832617308232, 56.798033358201977 ], [ 105.576378430994623, 56.799000813874692 ], [ 105.57727540573012, 56.799990569614756 ], [ 105.577316177309044, 56.800273352170201 ], [ 105.577832617308275, 56.800608223490684 ], [ 105.578145199413058, 56.800466833742405 ], [ 105.578022884676386, 56.80034032667357 ] ] ] ] } },
{ "type": "Feature", "properties": { "quarter": null }, "geometry": { "type": "MultiPolygon", "coordinates": [ [ [ [ 105.60201356121928, 56.792583511768214 ], [ 105.601707774377687, 56.792743539030319 ], [ 105.598595543855964, 56.792531409721576 ], [ 105.598541181750832, 56.792631892175287 ], [ 105.59995459648556, 56.793026376242231 ], [ 105.60004973016963, 56.793123135851346 ], [ 105.599886643854092, 56.793242224258336 ], [ 105.599173141223588, 56.793100806732944 ], [ 105.599057621750106, 56.793152907988549 ], [ 105.599023645434343, 56.793484121420832 ], [ 105.598860559118776, 56.793565993953173 ], [ 105.598215009119755, 56.793327818817275 ], [ 105.597171138772865, 56.794071656559176 ], [ 105.597771051927978, 56.794258491973153 ], [ 105.597064344560621, 56.794774523382856 ], [ 105.603066827007325, 56.796621200209273 ], [ 105.603352228059421, 56.796301178094723 ], [ 105.603573074111722, 56.796383044477011 ], [ 105.603766739111464, 56.796337459808925 ], [ 105.604269588584373, 56.7964984013487 ], [ 105.604079321216247, 56.79669841443836 ], [ 105.604293372005401, 56.796770977062977 ], [ 105.604279781479107, 56.796873308730824 ], [ 105.605390807003744, 56.797163557033024 ], [ 105.605917439897667, 56.79674120779805 ], [ 105.606175659897289, 56.796778419375492 ], [ 105.606542604107275, 56.796711438509512 ], [ 105.607259504369424, 56.796163493321437 ], [ 105.606923138843598, 56.795864864474488 ], [ 105.606882367264717, 56.79574392376643 ], [ 105.607042055948639, 56.795448082544219 ], [ 105.607667220158234, 56.795269460298925 ], [ 105.607361433316598, 56.795079673231044 ], [ 105.607538110158444, 56.794871278481502 ], [ 105.607470157526947, 56.794741031174951 ], [ 105.607089622790681, 56.794528913164598 ], [ 105.607939030684193, 56.793866501829648 ], [ 105.606280986476122, 56.792995673621739 ], [ 105.605180153846177, 56.792623518647737 ], [ 105.603161960691267, 56.792597467661246 ], [ 105.60201356121928, 56.792583511768214 ] ] ] ] } },
{ "type": "Feature", "properties": { "quarter": null }, "geometry": { "type": "MultiPolygon", "coordinates": [ [ [ [ 105.58317029651036, 56.791183244097553 ], [ 105.583564421772948, 56.791451206341279 ], [ 105.583469288088864, 56.79162984677351 ], [ 105.58399252335127, 56.79201131568135 ], [ 105.583863413351452, 56.792121103574814 ], [ 105.584869112297326, 56.792418831837878 ], [ 105.58583403966432, 56.792671899003167 ], [ 105.586581518610586, 56.792828204340417 ], [ 105.58693487229425, 56.792597467661224 ], [ 105.587444517030377, 56.792712836178282 ], [ 105.58783184702979, 56.792351843184754 ], [ 105.583156705984109, 56.790814792886437 ], [ 105.582993619668571, 56.790889227766293 ], [ 105.583197477563004, 56.791071592597625 ], [ 105.58317029651036, 56.791183244097553 ] ] ] ] } },
{ "type": "Feature", "properties": { "quarter": null }, "geometry": { "type": "MultiPolygon", "coordinates": [ [ [ [ 105.570318611258202, 56.784146971857503 ], [ 105.5699722, 56.7842995 ], [ 105.5700446, 56.7843602 ], [ 105.569196117709978, 56.784801021799254 ], [ 105.569143174557425, 56.784838120407947 ], [ 105.569421780346474, 56.785024236982686 ], [ 105.569228115346775, 56.78510612798307 ], [ 105.569489732977956, 56.785269909447521 ], [ 105.570216826134782, 56.784923734147 ], [ 105.57047844376595, 56.785128461861234 ], [ 105.570138680608565, 56.785255020253025 ], [ 105.570267790608369, 56.785563969827926 ], [ 105.570954112186314, 56.786051583859496 ], [ 105.570971100344181, 56.786071125511114 ], [ 105.57085897850223, 56.786144639252193 ], [ 105.571151174817587, 56.786390304379793 ], [ 105.571458660475017, 56.786630384654657 ], [ 105.571370322054079, 56.786682494898969 ], [ 105.571716880474625, 56.786905823697523 ], [ 105.571832399948107, 56.786879768739531 ], [ 105.572416792578821, 56.787415752803639 ], [ 105.572950220736743, 56.787738021942644 ], [ 105.57344400985879, 56.787544474687977 ], [ 105.573081595824249, 56.787107749008477 ], [ 105.573335285648426, 56.786998566794139 ], [ 105.573099716525974, 56.786720646996379 ], [ 105.573507432314827, 56.786606500768649 ], [ 105.572647831525842, 56.785856166783475 ], [ 105.572252007447531, 56.785973417151247 ], [ 105.57171518165886, 56.78553419166645 ], [ 105.571613252711643, 56.785329466166409 ], [ 105.571186849949157, 56.784937692890296 ], [ 105.570318611258202, 56.784146971857503 ] ] ] ] } },
{ "type": "Feature", "properties": { "quarter": null }, "geometry": { "type": "MultiPolygon", "coordinates": [ [ [ [ 105.6372462, 56.746286 ], [ 105.6367414, 56.7465145 ], [ 105.6369345, 56.7467239 ], [ 105.6368621, 56.7467604 ], [ 105.6365101, 56.7465254 ], [ 105.636344, 56.7465597 ], [ 105.6361721, 56.7468008 ], [ 105.636462147746983, 56.746968400403112 ], [ 105.636292266168269, 56.747203143809436 ], [ 105.636305856694563, 56.747724790572143 ], [ 105.636713572483444, 56.748134650804403 ], [ 105.637297965114158, 56.748648832772083 ], [ 105.637868767218563, 56.74915555594184 ], [ 105.638888056690718, 56.750064659790979 ], [ 105.640070432478424, 56.750884324728212 ], [ 105.641028564582228, 56.751631321968347 ], [ 105.642496341422145, 56.752748995832299 ], [ 105.64377385089395, 56.75392624300423 ], [ 105.64434465299837, 56.754820330126321 ], [ 105.644473762998189, 56.755520683505821 ], [ 105.644378629314133, 56.755952809926974 ], [ 105.644351448261517, 56.756988403010475 ], [ 105.643427292473419, 56.758836008953352 ], [ 105.642285688264579, 56.760176956335997 ], [ 105.640926635635026, 56.760921906413202 ], [ 105.639948117741739, 56.761756232682096 ], [ 105.640450967214662, 56.762098897412663 ], [ 105.640464557740984, 56.762318647974013 ], [ 105.640235355980579, 56.762445464635547 ], [ 105.640075528925749, 56.762367998558823 ], [ 105.639681403663175, 56.762658513894216 ], [ 105.639124192085049, 56.762457388132212 ], [ 105.638872767348573, 56.762669687516073 ], [ 105.639192144716489, 56.762917368613394 ], [ 105.638757247875034, 56.763349409925041 ], [ 105.637901044718376, 56.763759099679881 ], [ 105.637972394981503, 56.763828001608594 ], [ 105.637802513402804, 56.763906214455517 ], [ 105.638135481297041, 56.764051466453253 ], [ 105.637782127613363, 56.76433452001379 ], [ 105.63809470971816, 56.764468597271332 ], [ 105.637483136034774, 56.764874550492593 ], [ 105.636504618141501, 56.764561706196254 ], [ 105.636001768668564, 56.7650533174915 ], [ 105.636151264457808, 56.76514270067176 ], [ 105.635621233932298, 56.765503955523805 ], [ 105.636229409984026, 56.765738583101758 ], [ 105.636066323668388, 56.766055141795817 ], [ 105.635135372617157, 56.766583975071526 ], [ 105.634737849722995, 56.766777630463935 ], [ 105.634146661829135, 56.766565354308071 ], [ 105.633868056040015, 56.766736664983462 ], [ 105.633908827618953, 56.766792526991203 ], [ 105.633501111830071, 56.767183558717896 ], [ 105.634323338670967, 56.767474036792457 ], [ 105.633800103408575, 56.767991678045959 ], [ 105.633609836040392, 56.767954437906305 ], [ 105.633117179462175, 56.768365939398237 ], [ 105.63344674972484, 56.768475796499715 ], [ 105.633086600778043, 56.768848191061821 ], [ 105.632675487357588, 56.769170309378154 ], [ 105.631883839200881, 56.768937565207018 ], [ 105.631129564991454, 56.770021209785604 ], [ 105.630884935518111, 56.770423379195329 ], [ 105.630643703676384, 56.770762240815998 ], [ 105.629831669730166, 56.771956610540634 ], [ 105.630701463413075, 56.772254498860448 ], [ 105.632135263937329, 56.771115995559668 ], [ 105.633039033935987, 56.770490407011351 ], [ 105.632916719199329, 56.770434550506302 ], [ 105.633222506040994, 56.770203676070302 ], [ 105.633541883408938, 56.770311665902625 ], [ 105.634105890250197, 56.769950457314103 ], [ 105.634044732881847, 56.769875980884244 ], [ 105.635903237352892, 56.768628478716998 ], [ 105.638121890770677, 56.767071835783042 ], [ 105.639667813136839, 56.765891276452152 ], [ 105.64109142076633, 56.764556119667276 ], [ 105.642557498790481, 56.763439728673937 ], [ 105.644242724051139, 56.761815826997562 ], [ 105.645547414575546, 56.760743119742529 ], [ 105.64742290720433, 56.759074403098907 ], [ 105.64856451141317, 56.757860076363272 ], [ 105.649882792463842, 56.756101817884868 ], [ 105.650317689305311, 56.755401475342239 ], [ 105.651092349304179, 56.755021496795614 ], [ 105.65070501930478, 56.754827780762923 ], [ 105.650195374568682, 56.754805428848698 ], [ 105.648768369307632, 56.754052906640567 ], [ 105.648489763518569, 56.753851735105549 ], [ 105.648639259307771, 56.753807029779836 ], [ 105.647470474046372, 56.753151350281996 ], [ 105.645105722470916, 56.751661127036321 ], [ 105.643583583525853, 56.750722256034216 ], [ 105.641334351423964, 56.749040053467823 ], [ 105.641470256686887, 56.748969261453361 ], [ 105.640532510372495, 56.748246430091697 ], [ 105.64019274721511, 56.748238978149551 ], [ 105.639418087216242, 56.747694982380821 ], [ 105.638684198796284, 56.747076457073916 ], [ 105.638235711428536, 56.746860343421496 ], [ 105.637787224060801, 56.746606967211349 ], [ 105.637596956692661, 56.746599514943995 ], [ 105.6372462, 56.746286 ] ] ] ] } },
{ "type": "Feature", "properties": { "quarter": null }, "geometry": { "type": "MultiPolygon", "coordinates": [ [ [ [ 105.627303831839185, 56.775836420759255 ], [ 105.627833862364724, 56.775940671162438 ], [ 105.629084190783928, 56.774004544993197 ], [ 105.628431845521717, 56.773907736062739 ], [ 105.627697957101759, 56.77495028063943 ], [ 105.627303831839185, 56.775836420759255 ] ] ] ] } },
{ "type": "Feature", "properties": { "quarter": null }, "geometry": { "type": "MultiPolygon", "coordinates": [ [ [ [ 105.64870891075482, 56.74699262002872 ], [ 105.646643150757853, 56.747484461356237 ], [ 105.651834731802793, 56.750360858957059 ], [ 105.653384051800515, 56.749839248797642 ], [ 105.64870891075482, 56.74699262002872 ] ] ] ] } },
{ "type": "Feature", "properties": { "quarter": null }, "geometry": { "type": "MultiPolygon", "coordinates": [ [ [ [ 105.655164410745115, 56.752150113055954 ], [ 105.655881311007235, 56.752353156808937 ], [ 105.656700140216628, 56.752566444706886 ], [ 105.656954962584578, 56.752129622341016 ], [ 105.657355883110299, 56.75220413397814 ], [ 105.657532559952131, 56.751891184108949 ], [ 105.657773791793957, 56.751723531320792 ], [ 105.65871833337151, 56.750969084513805 ], [ 105.658398956003538, 56.7508610390393 ], [ 105.65831911166147, 56.750695244517203 ], [ 105.659005433239415, 56.750464248682121 ], [ 105.660119856395667, 56.74999852695376 ], [ 105.659202495870687, 56.749611042075337 ], [ 105.658740417976645, 56.749968720566557 ], [ 105.658482197977023, 56.750132655403533 ], [ 105.658196796924813, 56.750408362379595 ], [ 105.658032011793566, 56.750518272028877 ], [ 105.657576729162727, 56.750421402524289 ], [ 105.657515571794434, 56.750209965334086 ], [ 105.65776689999997, 56.749797250056154 ], [ 105.657299432312229, 56.749707438514264 ], [ 105.6572067, 56.7498701 ], [ 105.657108612743897, 56.749895145774083 ], [ 105.656832647848063, 56.750008772893914 ], [ 105.655884708638951, 56.750243497302684 ], [ 105.655565331271021, 56.750321738446345 ], [ 105.655769189165397, 56.750597444034611 ], [ 105.656047794954461, 56.750912267535789 ], [ 105.654933371798236, 56.751210322856856 ], [ 105.654213073904558, 56.75170210896615 ], [ 105.654946962324374, 56.752046727971035 ], [ 105.655164410745115, 56.752150113055954 ] ] ] ] } },
{ "type": "Feature", "properties": { "quarter": null }, "geometry": { "type": "MultiPolygon", "coordinates": [ [ [ [ 105.661526475867234, 56.753180222773487 ], [ 105.662206002182003, 56.753217477568477 ], [ 105.662423450602731, 56.75301630123657 ], [ 105.662736032707528, 56.752830025894426 ], [ 105.662953481128284, 56.752561787778802 ], [ 105.662042915866479, 56.752360607934946 ], [ 105.661526475867234, 56.753180222773487 ] ] ] ] } },
{ "type": "Feature", "properties": { "quarter": null }, "geometry": { "type": "MultiPolygon", "coordinates": [ [ [ [ 105.674994687426221, 56.75534839033508 ], [ 105.675171364268053, 56.755236632180107 ], [ 105.674614152689955, 56.754729991039937 ], [ 105.673622044270346, 56.754081778439023 ], [ 105.672358125324877, 56.753590023485948 ], [ 105.671121387431981, 56.75306845816683 ], [ 105.67033313690682, 56.75278531967485 ], [ 105.668974084277252, 56.752546885605106 ], [ 105.665739539018915, 56.75133978990015 ], [ 105.665386185335208, 56.75173470819658 ], [ 105.665331823230048, 56.751913537757495 ], [ 105.665073603230425, 56.75255433669269 ], [ 105.66463870638897, 56.752517081239958 ], [ 105.664475620073404, 56.752777868633082 ], [ 105.663170929549011, 56.752531983425477 ], [ 105.662953481128284, 56.752561787778802 ], [ 105.662736032707528, 56.752830025894426 ], [ 105.662871937970536, 56.752949242219806 ], [ 105.663864046390088, 56.753098262094433 ], [ 105.663809684284914, 56.753187673735447 ], [ 105.665426956914089, 56.753366496378888 ], [ 105.667370402174384, 56.753545318170971 ], [ 105.668049928489168, 56.753627277874465 ], [ 105.670822395853492, 56.754141384662475 ], [ 105.674994687426221, 56.75534839033508 ] ] ] ] } },
{ "type": "Feature", "properties": { "quarter": null }, "geometry": { "type": "MultiPolygon", "coordinates": [ [ [ [ 105.697045316340947, 56.768027056144383 ], [ 105.699036328443228, 56.769181481062056 ], [ 105.699457634758389, 56.768943151083995 ], [ 105.699457634758389, 56.76883515731452 ], [ 105.699314934232291, 56.768243048022349 ], [ 105.698261668444388, 56.767546655959883 ], [ 105.697045316340947, 56.768027056144383 ] ] ] ] } },
{ "type": "Feature", "properties": { "quarter": null }, "geometry": { "type": "MultiPolygon", "coordinates": [ [ [ [ 105.705437466328462, 56.771300316993901 ], [ 105.70494820738179, 56.771836523643032 ], [ 105.707584769483177, 56.772566348162151 ], [ 105.710928038951906, 56.773162112758989 ], [ 105.714760567367264, 56.773459991511089 ], [ 105.719163897887029, 56.773906805206387 ], [ 105.720794761042498, 56.774025954626758 ], [ 105.722588710513506, 56.774100422822393 ], [ 105.72506218629934, 56.774249358770383 ], [ 105.7252629, 56.7738574 ], [ 105.7220875, 56.7736425 ], [ 105.718751249999983, 56.772962352024713 ], [ 105.716778951190918, 56.772539581619142 ], [ 105.7132162, 56.7720387 ], [ 105.709786434743052, 56.772253567963098 ], [ 105.707340140009819, 56.771821629117341 ], [ 105.705437466328462, 56.771300316993901 ] ] ] ] } },
{ "type": "Feature", "properties": { "quarter": null }, "geometry": { "type": "MultiPolygon", "coordinates": [ [ [ [ 105.734004752601862, 56.774837649986765 ], [ 105.734358106285569, 56.774882329955531 ], [ 105.73441246839073, 56.77447276158415 ], [ 105.734018343128184, 56.774450421362609 ], [ 105.734004752601862, 56.774837649986765 ] ] ] ] } },
{ "type": "Feature", "properties": { "quarter": null }, "geometry": { "type": "MultiPolygon", "coordinates": [ [ [ [ 105.737063375023581, 56.774167262428456 ], [ 105.737008258913207, 56.775016369542662 ], [ 105.742281383115895, 56.775209981434458 ], [ 105.742814811273021, 56.775161578555156 ], [ 105.74383410074519, 56.775169025156039 ], [ 105.745403806532309, 56.775152270301987 ], [ 105.746531820214855, 56.775182056704018 ], [ 105.748420903369947, 56.775129930484937 ], [ 105.748640900014337, 56.775131792136861 ], [ 105.748734522911974, 56.774986949166532 ], [ 105.750236371175646, 56.77502505727751 ], [ 105.750924957841278, 56.774766906594451 ], [ 105.751328426589311, 56.774722226487945 ], [ 105.752850565534388, 56.774711056453086 ], [ 105.753693178164724, 56.774752013231293 ], [ 105.754517054397112, 56.774814450716946 ], [ 105.754528995531871, 56.774629142762542 ], [ 105.75777713131653, 56.77480041663884 ], [ 105.759802119734573, 56.774956796451939 ], [ 105.76098449552228, 56.775046156052582 ], [ 105.762792035519595, 56.775165301855779 ], [ 105.763009483940323, 56.774830203320143 ], [ 105.760223426049734, 56.774584462492356 ], [ 105.7590682313146, 56.774465314845109 ], [ 105.754610538689633, 56.77423446520217 ], [ 105.754631303885148, 56.774062251045095 ], [ 105.7517703, 56.7739106 ], [ 105.7511847, 56.7741693 ], [ 105.7488511, 56.7736497 ], [ 105.7483626, 56.7737552 ], [ 105.747493349950233, 56.77357541889198 ], [ 105.745654550718342, 56.773880817993742 ], [ 105.74561785732142, 56.774148827070313 ], [ 105.744007379955463, 56.774197231255805 ], [ 105.743083224167364, 56.774193507859145 ], [ 105.742675508378483, 56.77423446520217 ], [ 105.740901944696915, 56.774465314845123 ], [ 105.740473843118608, 56.774558398976843 ], [ 105.737063375023581, 56.774167262428456 ] ] ] ] } },
{ "type": "Feature", "properties": { "quarter": null }, "geometry": { "type": "MultiPolygon", "coordinates": [ [ [ [ 105.641238368331528, 56.773809996023807 ], [ 105.641673265172969, 56.773988720473518 ], [ 105.640966557805584, 56.774413187630508 ], [ 105.642298429382564, 56.775061049298657 ], [ 105.642882822013263, 56.774733396519473 ], [ 105.643575938854369, 56.775299340432234 ], [ 105.645369888325362, 56.774465314845109 ], [ 105.647653096742999, 56.773392968997989 ], [ 105.649338322003658, 56.772499324053193 ], [ 105.650683784106931, 56.771933337916046 ], [ 105.652341828314974, 56.771389685300697 ], [ 105.653639723576191, 56.770810649369139 ], [ 105.657200441465648, 56.770080790710708 ], [ 105.658899257252571, 56.769656274555139 ], [ 105.659877775145873, 56.769417947591627 ], [ 105.661182465670251, 56.768583791302994 ], [ 105.662803985340403, 56.767279764312292 ], [ 105.662405329902384, 56.767021560354117 ], [ 105.662115398674757, 56.766673975298261 ], [ 105.662242243586846, 56.766485284920215 ], [ 105.663420089199136, 56.765700720020668 ], [ 105.663377335667008, 56.765530025327038 ], [ 105.66322104461463, 56.765098009108158 ], [ 105.665082946717106, 56.764762820685945 ], [ 105.665159676564983, 56.764479149628009 ], [ 105.66568517691509, 56.764379833214832 ], [ 105.665467728494349, 56.764022291952053 ], [ 105.666047590949631, 56.763823656445901 ], [ 105.667515367789562, 56.763778963312198 ], [ 105.668022747437931, 56.76377399740516 ], [ 105.668965023927768, 56.764002428448727 ], [ 105.668382046975253, 56.765138976376733 ], [ 105.673084369073521, 56.765950863932503 ], [ 105.675204491175663, 56.766494595322612 ], [ 105.677868234329566, 56.767652791413383 ], [ 105.678360890907754, 56.767336246191071 ], [ 105.678180816434406, 56.767258040489658 ], [ 105.678493398539189, 56.766807423512468 ], [ 105.676699449068167, 56.766017899734962 ], [ 105.676252457905065, 56.765944406348879 ], [ 105.676553350910424, 56.765518852556376 ], [ 105.675333601175396, 56.765351260598003 ], [ 105.675741316964263, 56.76486710184907 ], [ 105.676842149594222, 56.765053317491414 ], [ 105.676882921173103, 56.764747923353248 ], [ 105.679179720117048, 56.765276775043027 ], [ 105.679509290379727, 56.76519111647211 ], [ 105.679784498537273, 56.764997452895685 ], [ 105.67466087012383, 56.76350769967835 ], [ 105.672187394338025, 56.762807495245426 ], [ 105.671032199602891, 56.762673412055825 ], [ 105.667688930134176, 56.762315854542642 ], [ 105.666098838557588, 56.762159422059902 ], [ 105.664467975402104, 56.762189218773528 ], [ 105.663438493035329, 56.762379172267046 ], [ 105.661644543564293, 56.762580302540179 ], [ 105.657832400938275, 56.763798206195396 ], [ 105.658060042253751, 56.763991875957977 ], [ 105.658362431463843, 56.763887592363801 ], [ 105.658906052515633, 56.764371763744393 ], [ 105.6590691388312, 56.764490943434311 ], [ 105.658423588832179, 56.76466598791793 ], [ 105.658610458568774, 56.764816823467307 ], [ 105.658763351989663, 56.764896896413944 ], [ 105.658365829095501, 56.765014212283177 ], [ 105.657802671663617, 56.764697644812209 ], [ 105.657494619734251, 56.764796960384665 ], [ 105.657530861137715, 56.764901241452982 ], [ 105.65720468850661, 56.764936001744729 ], [ 105.657068783243659, 56.765070076854251 ], [ 105.656869455524642, 56.765139597092919 ], [ 105.656896636577258, 56.764995590741407 ], [ 105.656606705349603, 56.764583431579084 ], [ 105.656144627455546, 56.764687713240505 ], [ 105.655918118683957, 56.764399696518481 ], [ 105.655392901468332, 56.76456170619619 ], [ 105.656072427783101, 56.765515128298794 ], [ 105.655700670263244, 56.765581544171106 ], [ 105.654269134826777, 56.766048314087705 ], [ 105.652837599390296, 56.766515078200854 ], [ 105.65226291676386, 56.766067506407737 ], [ 105.649691675687322, 56.767353004534492 ], [ 105.648322430163063, 56.767846441292313 ], [ 105.647163837796327, 56.76836593939818 ], [ 105.647490010427433, 56.768485106408733 ], [ 105.646511492534145, 56.768902187966582 ], [ 105.646022233587487, 56.769066040167857 ], [ 105.644391370432032, 56.769885290445984 ], [ 105.642418635589507, 56.770912712356058 ], [ 105.642683211159607, 56.771081860237267 ], [ 105.644411756221459, 56.770304218337877 ], [ 105.645478612535683, 56.770898156979996 ], [ 105.644285078752603, 56.771442845508645 ], [ 105.643309566888846, 56.772051499363862 ], [ 105.643686249687732, 56.772332006078891 ], [ 105.642230476751124, 56.773121154245665 ], [ 105.641238368331528, 56.773809996023807 ] ], [ [ 105.653286831792485, 56.767433422394298 ], [ 105.652813563660558, 56.766798226961818 ], [ 105.653480002458565, 56.766533559026186 ], [ 105.653528295125085, 56.766740000176071 ], [ 105.653634538991469, 56.766660599868167 ], [ 105.653933953523889, 56.766994080032887 ], [ 105.653528295125085, 56.767094652834466 ], [ 105.653663514591372, 56.767348730290941 ], [ 105.653286831792485, 56.767433422394298 ] ], [ [ 105.654725953254925, 56.767891285769309 ], [ 105.654378246055941, 56.767483708240263 ], [ 105.654957758054195, 56.767356670183759 ], [ 105.655199221386823, 56.767774835498273 ], [ 105.654725953254925, 56.767891285769309 ] ], [ [ 105.6480422482081, 56.772146766030467 ], [ 105.648370638340495, 56.771956232455437 ], [ 105.648689369939532, 56.772136180857224 ], [ 105.64870868700612, 56.772220862159543 ], [ 105.648834247939078, 56.772289665576992 ], [ 105.648612101673081, 56.772411394391192 ], [ 105.6480422482081, 56.772146766030467 ] ], [ [ 105.659231659041524, 56.766671186585569 ], [ 105.659019171308827, 56.766374757369171 ], [ 105.659912585639503, 56.76617625435324 ], [ 105.66026512210513, 56.766186841207258 ], [ 105.660395512304717, 56.76642504463323 ], [ 105.659231659041524, 56.766671186585569 ] ], [ [ 105.659738732040054, 56.766070385648923 ], [ 105.659352390707866, 56.765244599508804 ], [ 105.659313756574633, 56.764821112391026 ], [ 105.659642146707014, 56.76471523986519 ], [ 105.661284097368778, 56.764376445776179 ], [ 105.66215336536618, 56.764154110493791 ], [ 105.662443121365328, 56.764492906589119 ], [ 105.662230633632646, 56.764630541629558 ], [ 105.662095414166359, 56.764948159027938 ], [ 105.662288584832467, 56.76496933342564 ], [ 105.661882926433663, 56.765297535062658 ], [ 105.662249950699248, 56.765710429821041 ], [ 105.659738732040054, 56.766070385648923 ] ], [ [ 105.661776682567265, 56.763804723818396 ], [ 105.661622146034404, 56.763540034778522 ], [ 105.661892584966921, 56.763481802939324 ], [ 105.661989170299989, 56.763762373697425 ], [ 105.661776682567265, 56.763804723818396 ] ] ] ] } },
{ "type": "Feature", "properties": { "quarter": null }, "geometry": { "type": "MultiPolygon", "coordinates": [ [ [ [ 105.679026826696145, 56.765630580112997 ], [ 105.678938488275222, 56.765697616487373 ], [ 105.6785103866969, 56.765548646603982 ], [ 105.678557953538927, 56.765518852556376 ], [ 105.67795997038192, 56.765407124667256 ], [ 105.677586230908759, 56.765287947885682 ], [ 105.677457120908969, 56.765451815862797 ], [ 105.677450325645808, 56.765611958876647 ], [ 105.678014332487123, 56.765835413103204 ], [ 105.677470711435291, 56.766189212908543 ], [ 105.678605520380984, 56.766662182177079 ], [ 105.679556857221641, 56.765794446594576 ], [ 105.679026826696145, 56.765630580112997 ] ] ] ] } },
{ "type": "Feature", "properties": { "quarter": null }, "geometry": { "type": "MultiPolygon", "coordinates": [ [ [ [ 105.681126563008732, 56.766010451318365 ], [ 105.68233611984904, 56.766300938470145 ], [ 105.682716654585334, 56.766003002900305 ], [ 105.682203612217648, 56.765876379567146 ], [ 105.68213565958618, 56.765928518638404 ], [ 105.682084695112565, 56.765911759659112 ], [ 105.681415361692515, 56.765708789204794 ], [ 105.680871740640697, 56.765541198094297 ], [ 105.680593134851605, 56.765457402258498 ], [ 105.680773209325025, 56.765312155700052 ], [ 105.680706955509351, 56.765267464338244 ], [ 105.680134454589151, 56.765122217044969 ], [ 105.67969616011608, 56.765531887455104 ], [ 105.679932295510511, 56.765766514858505 ], [ 105.679409060248119, 56.766250662008567 ], [ 105.679871138142175, 56.766392180765472 ], [ 105.680565953799061, 56.765775825439498 ], [ 105.681126563008732, 56.766010451318365 ] ] ] ] } },
{ "type": "Feature", "properties": { "quarter": null }, "geometry": { "type": "MultiPolygon", "coordinates": [ [ [ [ 105.637251247679075, 56.771285422255325 ], [ 105.637604601362781, 56.771345001173827 ], [ 105.639643180307132, 56.768917083650742 ], [ 105.639520865570461, 56.768842605170569 ], [ 105.638447213993132, 56.769728889501032 ], [ 105.637890002415006, 56.77051088770893 ], [ 105.637251247679075, 56.771285422255325 ] ] ] ] } },
{ "type": "Feature", "properties": { "quarter": null }, "geometry": { "type": "MultiPolygon", "coordinates": [ [ [ [ 105.64024116346414, 56.770555572828734 ], [ 105.640445021358587, 56.770652390405829 ], [ 105.64391060556396, 56.768812813737128 ], [ 105.643750916879981, 56.768695509738066 ], [ 105.643220886354442, 56.768926393450386 ], [ 105.643047607144197, 56.768822123562622 ], [ 105.643761109774715, 56.768395731186239 ], [ 105.644957076088716, 56.767740306386195 ], [ 105.644287742668681, 56.767038318837628 ], [ 105.643981955826973, 56.767153765967677 ], [ 105.643954774774443, 56.767321349879538 ], [ 105.643275248459659, 56.767321349879538 ], [ 105.643193705301883, 56.767250592319115 ], [ 105.642932087670658, 56.76733810822958 ], [ 105.641980750829973, 56.767740306386195 ], [ 105.641097366620755, 56.768291459824425 ], [ 105.640173210832643, 56.768902187966539 ], [ 105.639656770833426, 56.769349055921765 ], [ 105.639996533990811, 56.769438428874437 ], [ 105.639792676096377, 56.769699098770985 ], [ 105.639330598202335, 56.770302356446443 ], [ 105.639629589780839, 56.770406622222495 ], [ 105.639317007676041, 56.770600257895346 ], [ 105.639738313991188, 56.770741760255326 ], [ 105.640608107674112, 56.770064033585022 ], [ 105.640771193989679, 56.770153404835384 ], [ 105.64024116346414, 56.770555572828734 ] ] ] ] } },
{ "type": "Feature", "properties": { "quarter": null }, "geometry": { "type": "MultiPolygon", "coordinates": [ [ [ [ 105.640930882673601, 56.76793209380466 ], [ 105.641960365040518, 56.767399555449046 ], [ 105.643159728986078, 56.766911698996459 ], [ 105.643319417670028, 56.766598871675534 ], [ 105.643564047143286, 56.766293490109717 ], [ 105.643903810300685, 56.766032796563685 ], [ 105.644284345036965, 56.765705064966006 ], [ 105.644467817141958, 56.765786998133649 ], [ 105.643903810300685, 56.76642011203603 ], [ 105.644257163984364, 56.766505767802833 ], [ 105.64529004398284, 56.766055141795711 ], [ 105.647124765032757, 56.765317742116537 ], [ 105.650169042922968, 56.764125954439123 ], [ 105.652896491670816, 56.76300179086995 ], [ 105.652552198337986, 56.762788251854488 ], [ 105.65220790500517, 56.762574711624552 ], [ 105.651881732374065, 56.762773353738311 ], [ 105.651392473427421, 56.76229661089971 ], [ 105.651011938691141, 56.762395932823615 ], [ 105.650613283253136, 56.762167492005858 ], [ 105.649095391345554, 56.763235813337666 ], [ 105.64769556713712, 56.763980702729583 ], [ 105.646204006876161, 56.763412726145049 ], [ 105.645538071087685, 56.763924836537804 ], [ 105.645154138719889, 56.764304725002539 ], [ 105.64482456845721, 56.764608260572004 ], [ 105.644923099772853, 56.764625020133174 ], [ 105.64432511661586, 56.765198565051236 ], [ 105.644039715563636, 56.765466712916151 ], [ 105.643713542932559, 56.765742307337099 ], [ 105.643400960827748, 56.766003002900305 ], [ 105.643224283985901, 56.766181764525939 ], [ 105.642938882933748, 56.766416387867828 ], [ 105.642578733986923, 56.766591423374223 ], [ 105.642041908198237, 56.766997353641642 ], [ 105.641715735567161, 56.767284109074879 ], [ 105.64136238188344, 56.767511277408602 ], [ 105.641196657035749, 56.76771266829622 ], [ 105.64087312293681, 56.767887405561709 ], [ 105.640930882673601, 56.76793209380466 ] ], [ [ 105.645444102749082, 56.765268420517295 ], [ 105.645854590414544, 56.76503020975246 ], [ 105.646187809813568, 56.765252539846657 ], [ 105.645777322148092, 56.765469575097171 ], [ 105.645444102749082, 56.765268420517295 ] ] ] ] } },
{ "type": "Feature", "properties": { "quarter": null }, "geometry": { "type": "MultiPolygon", "coordinates": [ [ [ [ 105.645235681877594, 56.767675135681131 ], [ 105.647002450296014, 56.766863285414907 ], [ 105.647686789924208, 56.766418249952331 ], [ 105.648692488870083, 56.766011072020177 ], [ 105.648497408188533, 56.765716237681225 ], [ 105.648742037661876, 56.7656510634623 ], [ 105.648815086740726, 56.765689236947104 ], [ 105.649355611953169, 56.765464230954464 ], [ 105.649491215423922, 56.765557957238997 ], [ 105.649671289897356, 56.765614752062682 ], [ 105.650432359369916, 56.76526094684354 ], [ 105.649997462528461, 56.765002108281827 ], [ 105.650174139370293, 56.764927622034122 ], [ 105.650935208842839, 56.764603605137012 ], [ 105.651213814631916, 56.764499323241964 ], [ 105.651356515158014, 56.764573810339407 ], [ 105.651734328925031, 56.764384241716719 ], [ 105.651650693427101, 56.764330174909716 ], [ 105.652188535191428, 56.764093517796702 ], [ 105.65271393590298, 56.763917022868618 ], [ 105.653285137156104, 56.763740069989197 ], [ 105.653544306757624, 56.763659781362186 ], [ 105.653367913049792, 56.763158530217062 ], [ 105.65246414305112, 56.763523528616965 ], [ 105.651539987263021, 56.76389969672438 ], [ 105.651125476211007, 56.764071019563758 ], [ 105.650609036211762, 56.764283309823668 ], [ 105.65029645410695, 56.76440248979435 ], [ 105.649528589371258, 56.764722784090942 ], [ 105.649120873582376, 56.76486989509052 ], [ 105.648483817662239, 56.765112906301873 ], [ 105.647410166084896, 56.765515128298759 ], [ 105.646676277664938, 56.765805619283178 ], [ 105.645561854508685, 56.766282317566301 ], [ 105.644488202931342, 56.766736664983355 ], [ 105.644352297668377, 56.766811147641867 ], [ 105.644610517668013, 56.767049491156058 ], [ 105.644732832404657, 56.767362314721986 ], [ 105.645235681877594, 56.767675135681131 ] ] ] ] } },
{ "type": "Feature", "properties": { "quarter": null }, "geometry": { "type": "MultiPolygon", "coordinates": [ [ [ [ 105.65377562883863, 56.763501181878105 ], [ 105.654247899627407, 56.763479766240913 ], [ 105.654298864101037, 56.76349745742035 ], [ 105.654414383574519, 56.763474179550947 ], [ 105.654582566337425, 56.763439728277724 ], [ 105.65463522962682, 56.763516079705489 ], [ 105.654879859100149, 56.763439728277724 ], [ 105.655229815152254, 56.763337305386891 ], [ 105.65493082357375, 56.762979754195975 ], [ 105.654699784626715, 56.762726486708956 ], [ 105.654563879363764, 56.762666894110772 ], [ 105.654156163574882, 56.762845671621534 ], [ 105.653598951996784, 56.76304679530363 ], [ 105.653571770944168, 56.763255366873054 ], [ 105.65377562883863, 56.763501181878105 ] ] ] ] } },
{ "type": "Feature", "properties": { "quarter": null }, "geometry": { "type": "MultiPolygon", "coordinates": [ [ [ [ 105.655863473440832, 56.762282333351159 ], [ 105.654939317652719, 56.762535603834202 ], [ 105.655102403968243, 56.762807495245404 ], [ 105.655156766073446, 56.762867087620407 ], [ 105.655387805020453, 56.762785148080397 ], [ 105.655530505546565, 56.762751627307921 ], [ 105.655700387125279, 56.76274045371045 ], [ 105.656352732387461, 56.762576573898855 ], [ 105.656223622387643, 56.762442489884606 ], [ 105.655890654493405, 56.762420142502343 ], [ 105.655863473440832, 56.762282333351159 ] ] ] ] } },
{ "type": "Feature", "properties": { "quarter": null }, "geometry": { "type": "MultiPolygon", "coordinates": [ [ [ [ 105.655775135019837, 56.760047519752881 ], [ 105.654579168705837, 56.76019651146423 ], [ 105.653818099233291, 56.760345502584407 ], [ 105.653274478181459, 56.760271007098225 ], [ 105.652459046603738, 56.760271007098225 ], [ 105.65120871818452, 56.76050939213382 ], [ 105.650094295028268, 56.760799921849774 ], [ 105.650801002395653, 56.761209639423718 ], [ 105.651045631868939, 56.761101623406354 ], [ 105.650984474500632, 56.760982432957626 ], [ 105.651140765553038, 56.760926562304554 ], [ 105.651283466079136, 56.761042028229276 ], [ 105.651936094479254, 56.761372904423801 ], [ 105.652262267110359, 56.761680809107311 ], [ 105.652824008863888, 56.761511958464496 ], [ 105.65300521588118, 56.761621214849491 ], [ 105.653766285353726, 56.761521890876267 ], [ 105.654056216581381, 56.761859591313282 ], [ 105.653277026407082, 56.761978778977664 ], [ 105.653367629915721, 56.76232640750446 ], [ 105.652950853776005, 56.762525050931899 ], [ 105.653256165420075, 56.762842123359469 ], [ 105.653733158443927, 56.762654789352702 ], [ 105.654314153443067, 56.762422004784689 ], [ 105.654640326074144, 56.762293507084962 ], [ 105.654976691599941, 56.762166871240467 ], [ 105.655798918440837, 56.761921047499584 ], [ 105.656845388965607, 56.761772062630918 ], [ 105.657511324754097, 56.761623077171109 ], [ 105.65734823843853, 56.761131420959437 ], [ 105.657022065807425, 56.760654657272802 ], [ 105.65683859370246, 56.760449796016822 ], [ 105.657851087911496, 56.760224447344328 ], [ 105.657817111595719, 56.760166713169284 ], [ 105.65789865475351, 56.760021446142638 ], [ 105.6584184923843, 56.759911564300452 ], [ 105.65853401185781, 56.760079180541027 ], [ 105.658802424752153, 56.760028895747418 ], [ 105.658693700541789, 56.75974580972678 ], [ 105.656831798439299, 56.759917151520533 ], [ 105.655775135019837, 56.760047519752881 ] ] ] ] } },
{ "type": "Feature", "properties": { "quarter": null }, "geometry": { "type": "MultiPolygon", "coordinates": [ [ [ [ 105.657905450016543, 56.76191546057769 ], [ 105.657552096332864, 56.76196760514982 ], [ 105.657497734227675, 56.762205979414531 ], [ 105.657035656333619, 56.762280471061878 ], [ 105.656954113175829, 56.762399657390262 ], [ 105.657307466859535, 56.76284660275217 ], [ 105.657723676727343, 56.762730211243181 ], [ 105.657616651332759, 56.762600783461522 ], [ 105.658017571858494, 56.762518843340317 ], [ 105.658119500805711, 56.762626855280757 ], [ 105.658330153963291, 56.76257098707449 ], [ 105.658642736068074, 56.762500220560554 ], [ 105.65934264817227, 56.762306543103527 ], [ 105.659186357119893, 56.76194153287279 ], [ 105.659091223435823, 56.761725504738223 ], [ 105.65875146027841, 56.761785098830515 ], [ 105.658268996594927, 56.761900562115194 ], [ 105.658415094752598, 56.76216780238795 ], [ 105.658506830805109, 56.762172458124972 ], [ 105.658567988173445, 56.762354962561446 ], [ 105.658160272384606, 56.762466699533711 ], [ 105.657956414490172, 56.762172458124979 ], [ 105.657905450016543, 56.76191546057769 ] ] ] ] } },
{ "type": "Feature", "properties": { "quarter": null }, "geometry": { "type": "MultiPolygon", "coordinates": [ [ [ [ 105.660570891986211, 56.759437578770871 ], [ 105.660108814092169, 56.759526975320689 ], [ 105.660061247250155, 56.759601472282959 ], [ 105.660380624618085, 56.759795163693191 ], [ 105.660468963039023, 56.759884559391722 ], [ 105.659979704092393, 56.759996303715603 ], [ 105.659891365671413, 56.760316635601072 ], [ 105.659402106724784, 56.760420929113636 ], [ 105.659945727776616, 56.761270165504513 ], [ 105.661495047774324, 56.760972190010804 ], [ 105.66286769093017, 56.760763605758228 ], [ 105.664226743559723, 56.760644414236552 ], [ 105.664838317243024, 56.760584818333825 ], [ 105.667705918291404, 56.760584818333818 ], [ 105.668901884605404, 56.760555020346992 ], [ 105.669051380394663, 56.760331534692021 ], [ 105.669265431183774, 56.760376232053545 ], [ 105.669442108025635, 56.7603836814638 ], [ 105.669387745920446, 56.760584818333797 ], [ 105.669985729077467, 56.760569919343347 ], [ 105.670678845918545, 56.760659313197429 ], [ 105.671766088022181, 56.760785954126405 ], [ 105.673315408019846, 56.761001987666539 ], [ 105.673485289598531, 56.760731014364069 ], [ 105.673831848019091, 56.76057457527849 ], [ 105.673974548545189, 56.760269144709149 ], [ 105.673594013808909, 56.760138777246219 ], [ 105.67355324223, 56.760488905979237 ], [ 105.67285333012579, 56.760466557434242 ], [ 105.672846534862643, 56.760254245593437 ], [ 105.672425228547482, 56.760227240931144 ], [ 105.67236407117916, 56.760085698935235 ], [ 105.67182045012737, 56.760076386943119 ], [ 105.671752497495916, 56.760003753325336 ], [ 105.671403591415213, 56.760001346083456 ], [ 105.671368565128063, 56.759925532349058 ], [ 105.670967644602342, 56.759921807536593 ], [ 105.670950656444461, 56.759839861569034 ], [ 105.670746798550013, 56.759843586389628 ], [ 105.670515759602978, 56.75981751263776 ], [ 105.670407035392614, 56.759467377644441 ], [ 105.670053681708922, 56.759445028491463 ], [ 105.669727509077831, 56.759750465764107 ], [ 105.669224659604879, 56.759646170389352 ], [ 105.669564422762292, 56.758692599245954 ], [ 105.670339082761132, 56.758811796963116 ], [ 105.670529350129286, 56.758543601567425 ], [ 105.668015102764599, 56.757955054957741 ], [ 105.667984524080424, 56.757418650013371 ], [ 105.667678737238802, 56.757522951574842 ], [ 105.665830425662591, 56.75761980276539 ], [ 105.665368347768549, 56.757768804109254 ], [ 105.664933450927094, 56.757783704211128 ], [ 105.663900570928604, 56.758223254556732 ], [ 105.663221044613834, 56.758565951256905 ], [ 105.662956029351065, 56.758692599245954 ], [ 105.663248225666422, 56.75870004911436 ], [ 105.663248225666422, 56.759020392057742 ], [ 105.664287900928031, 56.758923544479337 ], [ 105.665327576189654, 56.75882669665117 ], [ 105.665246033031892, 56.759392880416151 ], [ 105.665110127768941, 56.759772814735307 ], [ 105.664063657244185, 56.759810062991058 ], [ 105.663995704612717, 56.759482277072387 ], [ 105.662813328824996, 56.759646170389381 ], [ 105.662133802510212, 56.759899458654111 ], [ 105.660978607775078, 56.759795163693191 ], [ 105.660700001986044, 56.759653620068612 ], [ 105.660570891986211, 56.759437578770871 ] ], [ [ 105.663844816011164, 56.758834213909111 ], [ 105.663579206345261, 56.758614493053955 ], [ 105.664042815943887, 56.758439774347949 ], [ 105.664052474477202, 56.758402712699748 ], [ 105.664134572010269, 56.75839212365068 ], [ 105.664429157276075, 56.758429185309332 ], [ 105.664564376742319, 56.758439774347949 ], [ 105.664458132876007, 56.758585373326078 ], [ 105.664424328009417, 56.758789210947064 ], [ 105.663844816011164, 56.758834213909111 ] ] ] ] } },
{ "type": "Feature", "properties": { "quarter": null }, "geometry": { "type": "MultiPolygon", "coordinates": [ [ [ [ 105.662076042773307, 56.761643562706837 ], [ 105.664838317242925, 56.761362351193902 ], [ 105.665623170136499, 56.761420083530602 ], [ 105.666401227766883, 56.761340003168762 ], [ 105.667325383554981, 56.761466641802016 ], [ 105.668371854079751, 56.761556033521273 ], [ 105.669323190920437, 56.761645425027723 ], [ 105.671144321444061, 56.761854004381796 ], [ 105.672204382495138, 56.76201043813699 ], [ 105.673318805651377, 56.762353100275718 ], [ 105.674976849859448, 56.762800046339613 ], [ 105.67552047091128, 56.762286057929423 ], [ 105.676662075120106, 56.762576573898805 ], [ 105.676118454068288, 56.763127803148961 ], [ 105.676879523540848, 56.763366170047981 ], [ 105.677416349329519, 56.762788872608766 ], [ 105.677586230908219, 56.762427591631202 ], [ 105.674922487754259, 56.76159328000815 ], [ 105.674460409860217, 56.761466641802009 ], [ 105.673726521440244, 56.761369800532655 ], [ 105.672326697231782, 56.761138870343956 ], [ 105.669730906709319, 56.760840893808336 ], [ 105.669051380394535, 56.760848343250551 ], [ 105.667919969080444, 56.760839031447546 ], [ 105.664794148032456, 56.76085393033123 ], [ 105.663299190139938, 56.761017817661553 ], [ 105.661858594352609, 56.761181704276574 ], [ 105.662076042773307, 56.761643562706837 ] ] ] ] } },
{ "type": "Feature", "properties": { "quarter": null }, "geometry": { "type": "MultiPolygon", "coordinates": [ [ [ [ 105.673848836176902, 56.761071825829596 ], [ 105.675370975122007, 56.761377249869923 ], [ 105.676594122488609, 56.761779511888328 ], [ 105.677368782487463, 56.762025336555858 ], [ 105.678007537223351, 56.762300956238931 ], [ 105.6788229688011, 56.762628717552808 ], [ 105.679842258273268, 56.762993721103214 ], [ 105.680616918272108, 56.763291680554595 ], [ 105.681948789849073, 56.76370881981407 ], [ 105.682390481953689, 56.763965805086478 ], [ 105.683280661426053, 56.764409007438026 ], [ 105.683851463530445, 56.764759096353217 ], [ 105.684626123529327, 56.765220910779718 ], [ 105.684802800371159, 56.765109182003918 ], [ 105.684000959319704, 56.764416456172334 ], [ 105.683566062478278, 56.764140852018514 ], [ 105.683158346689396, 56.763798206195297 ], [ 105.682438048795731, 56.763243262304648 ], [ 105.682247781427591, 56.763343823215472 ], [ 105.681704160375759, 56.763105456174571 ], [ 105.681812884586122, 56.762934128929189 ], [ 105.680834366692849, 56.762576573898798 ], [ 105.680317926693604, 56.7628894347366 ], [ 105.679937391957324, 56.762688310211566 ], [ 105.680195611956947, 56.762427591631194 ], [ 105.679543266694765, 56.762181769597234 ], [ 105.67853756774889, 56.761749714849572 ], [ 105.67720569617191, 56.761302756430631 ], [ 105.676145635120875, 56.760930287017281 ], [ 105.675221479332762, 56.760632308826409 ], [ 105.674215780386859, 56.760334328270872 ], [ 105.673848836176902, 56.761071825829596 ] ], [ [ 105.674309836846703, 56.760726936712011 ], [ 105.676164275241192, 56.761203411337071 ], [ 105.676029055774947, 56.761341058436443 ], [ 105.675536470576418, 56.761356940761608 ], [ 105.67504388537786, 56.761224587846741 ], [ 105.675034226844545, 56.76112399931943 ], [ 105.674126324713939, 56.760906938947628 ], [ 105.674309836846703, 56.760726936712011 ] ] ] ] } },
{ "type": "Feature", "properties": { "quarter": null }, "geometry": { "type": "MultiPolygon", "coordinates": [ [ [ [ 105.677640593013336, 56.763574739843229 ], [ 105.678918102485127, 56.763939734196988 ], [ 105.679380180379169, 56.76348535292999 ], [ 105.679488904589547, 56.763533770867738 ], [ 105.679760715115464, 56.763287956076041 ], [ 105.679257865642512, 56.763131527643381 ], [ 105.678374481433295, 56.762811219771535 ], [ 105.677640593013336, 56.763574739843229 ] ] ] ] } },
{ "type": "Feature", "properties": { "quarter": null }, "geometry": { "type": "MultiPolygon", "coordinates": [ [ [ [ 105.680956681429421, 56.763705095376899 ], [ 105.680127659325379, 56.7643010006244 ], [ 105.682696268795269, 56.76501607443673 ], [ 105.683267070899689, 56.765217186492549 ], [ 105.683810691951521, 56.76541829747103 ], [ 105.684327131950738, 56.765626855866373 ], [ 105.684517399318892, 56.765582164879191 ], [ 105.684286360371857, 56.765403400398462 ], [ 105.683756329846318, 56.765090560508938 ], [ 105.683131165636723, 56.76468833396337 ], [ 105.681989561427898, 56.764129678834465 ], [ 105.680956681429421, 56.763705095376899 ] ] ] ] } },
{ "type": "Feature", "properties": { "quarter": null }, "geometry": { "type": "MultiPolygon", "coordinates": [ [ [ [ 105.694125901409805, 56.773089504454603 ], [ 105.692359132991385, 56.77238947872678 ], [ 105.691570882466252, 56.77291077572275 ], [ 105.693256107726896, 56.773878879506086 ], [ 105.694411302462044, 56.774563984017227 ], [ 105.694255011409638, 56.774753874901798 ], [ 105.6947034987774, 56.774904669919792 ], [ 105.695094226408386, 56.775020092857524 ], [ 105.695218239960838, 56.775047087006953 ], [ 105.695038165487347, 56.775198811544577 ], [ 105.694920947198071, 56.775809427303862 ], [ 105.694779945487696, 56.776105423441052 ], [ 105.695861241736111, 56.776454472489768 ], [ 105.695426344894642, 56.776811895351258 ], [ 105.694760409106138, 56.776715093662418 ], [ 105.69423717384376, 56.776491704196673 ], [ 105.693890615423228, 56.776737432535846 ], [ 105.694400260159298, 56.776949651170256 ], [ 105.694271150159494, 56.777061344706304 ], [ 105.695439935420922, 56.777560238441907 ], [ 105.695941086078093, 56.77775383720968 ], [ 105.695876531078213, 56.777848774701958 ], [ 105.696472815419369, 56.778152200762776 ], [ 105.696063400814722, 56.778141031748795 ], [ 105.69561491344696, 56.778565451942185 ], [ 105.697286548181324, 56.779127615158927 ], [ 105.696865241866149, 56.779466398195886 ], [ 105.697551563444065, 56.779753058376521 ], [ 105.698278656600877, 56.780032270732761 ], [ 105.698699962916052, 56.779659987129385 ], [ 105.69933192238878, 56.779298868504959 ], [ 105.699372693967689, 56.7790233736091 ], [ 105.700133763440235, 56.778546837122079 ], [ 105.701000159491571, 56.778811166702155 ], [ 105.701706866858927, 56.779034542360428 ], [ 105.702522298436676, 56.778334627520159 ], [ 105.701475827911906, 56.777798513706529 ], [ 105.701489418438214, 56.777433654092135 ], [ 105.701346717912116, 56.777288453871037 ], [ 105.700544876860661, 56.777146976192121 ], [ 105.700103184756074, 56.776979436145673 ], [ 105.700361404755668, 56.776789556522118 ], [ 105.702005858437474, 56.777143253088106 ], [ 105.7020500276479, 56.776983159265953 ], [ 105.701343320280543, 56.776797002799974 ], [ 105.701598142648521, 56.776543828524261 ], [ 105.702648010804921, 56.776849126703524 ], [ 105.702919821330795, 56.776514043203072 ], [ 105.701883543700731, 56.776145447896731 ], [ 105.70193790580592, 56.776033751634593 ], [ 105.700415766860814, 56.775519944546765 ], [ 105.700245885282129, 56.775601856292994 ], [ 105.699009147389219, 56.775196019071615 ], [ 105.699063509494422, 56.77509921321456 ], [ 105.698451935811107, 56.774942833994892 ], [ 105.697989857917051, 56.775300271253798 ], [ 105.699267367388842, 56.775657705108351 ], [ 105.700076003703444, 56.77601513555858 ], [ 105.699848362388067, 56.77621246549446 ], [ 105.698747529758123, 56.775899715681213 ], [ 105.69831008469302, 56.776002104299913 ], [ 105.698354253903474, 56.775808496494712 ], [ 105.698123214956425, 56.775707968971147 ], [ 105.698055262324957, 56.775770333299896 ], [ 105.697848006798949, 56.775707038159496 ], [ 105.697674727588662, 56.775904369715406 ], [ 105.697226240220914, 56.775762886818328 ], [ 105.696995201273879, 56.77589692326044 ], [ 105.696736981274256, 56.775755440335281 ], [ 105.697465773246947, 56.774979136371861 ], [ 105.696606172458743, 56.774513718622238 ], [ 105.696541617458848, 56.77453978216878 ], [ 105.695722788249569, 56.774150688565705 ], [ 105.695515532723519, 56.774230741809014 ], [ 105.695430591934226, 56.774221433324968 ], [ 105.695185962460897, 56.774057603627767 ], [ 105.695036466671638, 56.774109731336274 ], [ 105.693718185620966, 56.773372489872706 ], [ 105.694125901409805, 56.773089504454603 ] ] ] ] } },
{ "type": "Feature", "properties": { "quarter": null }, "geometry": { "type": "MultiPolygon", "coordinates": [ [ [ [ 105.703133872119864, 56.778133585737635 ], [ 105.702814494751919, 56.778278782688616 ], [ 105.702705770541542, 56.778446316933923 ], [ 105.703038738435779, 56.778658525904198 ], [ 105.703281102824292, 56.778409397415054 ], [ 105.703133872119864, 56.778133585737635 ] ] ] ] } },
{ "type": "Feature", "properties": { "quarter": null }, "geometry": { "type": "MultiPolygon", "coordinates": [ [ [ [ 105.702230102121206, 56.78022585674676 ], [ 105.702963990541164, 56.78031520380096 ], [ 105.703113486330395, 56.780479006181146 ], [ 105.703507611592954, 56.780002488180408 ], [ 105.70377942211887, 56.779957814307565 ], [ 105.704078413697374, 56.779511072653783 ], [ 105.703874555802969, 56.779339820276242 ], [ 105.703643516855919, 56.779280254048665 ], [ 105.703398887382619, 56.779317482951988 ], [ 105.703330934751122, 56.779168567117104 ], [ 105.702828085278199, 56.779004759016139 ], [ 105.703018352646339, 56.778796274944312 ], [ 105.702637817910045, 56.778565451942157 ], [ 105.701210812649023, 56.77974188983903 ], [ 105.70201265370045, 56.780002488180408 ], [ 105.702230102121206, 56.78022585674676 ] ] ] ] } },
{ "type": "Feature", "properties": { "quarter": null }, "geometry": { "type": "MultiPolygon", "coordinates": [ [ [ [ 105.701136064754337, 56.781026249856815 ], [ 105.702114582647638, 56.781554872223069 ], [ 105.702943604751681, 56.78104114072962 ], [ 105.702399983699848, 56.780787995087891 ], [ 105.701788410016547, 56.780624194056642 ], [ 105.701136064754337, 56.781026249856815 ] ] ] ] } },
{ "type": "Feature", "properties": { "quarter": null }, "geometry": { "type": "MultiPolygon", "coordinates": [ [ [ [ 105.703283367909052, 56.781733559789359 ], [ 105.703922122644968, 56.781986699051508 ], [ 105.70419393317087, 56.781770786258555 ], [ 105.704384200539025, 56.781845239086131 ], [ 105.704764735275305, 56.781517645539644 ], [ 105.703854170013486, 56.781227276141301 ], [ 105.703392092119444, 56.781070922457566 ], [ 105.70308290764622, 56.78114537667394 ], [ 105.702943604751681, 56.78104114072962 ], [ 105.702768554222516, 56.781149617276888 ], [ 105.703011557383149, 56.781458082769348 ], [ 105.703541587908703, 56.781487864166316 ], [ 105.703283367909052, 56.781733559789359 ] ] ] ] } },
{ "type": "Feature", "properties": { "quarter": null }, "geometry": { "type": "MultiPolygon", "coordinates": [ [ [ [ 105.704234704749723, 56.779418000806402 ], [ 105.704832687906745, 56.779656264274657 ], [ 105.705172451064129, 56.779432892317509 ], [ 105.705186041590437, 56.779261639583147 ], [ 105.704710373170059, 56.77906060276726 ], [ 105.704234704749723, 56.779418000806402 ] ] ] ] } },
{ "type": "Feature", "properties": { "quarter": null }, "geometry": { "type": "MultiPolygon", "coordinates": [ [ [ [ 105.707792025007535, 56.780566491250305 ], [ 105.708104607112318, 56.780581382305606 ], [ 105.708444370269731, 56.780358015855718 ], [ 105.709477250268193, 56.779769811176443 ], [ 105.708899652900584, 56.779628342852753 ], [ 105.709297175794816, 56.779445922384859 ], [ 105.709623348425893, 56.779490596867149 ], [ 105.709847592109796, 56.779436615194349 ], [ 105.710194150530327, 56.779499904044279 ], [ 105.710391213161614, 56.779445922384859 ], [ 105.710656228424355, 56.779103416253498 ], [ 105.710638107725629, 56.778915719086079 ], [ 105.709170330885698, 56.778548388357997 ], [ 105.709605227727167, 56.778051989769175 ], [ 105.707836194218018, 56.77771288370743 ], [ 105.707679903165641, 56.7779474349786 ], [ 105.7067081805355, 56.777668207108611 ], [ 105.706490732114773, 56.777928819851908 ], [ 105.706973195798255, 56.778103801678228 ], [ 105.70706832948234, 56.778083325123696 ], [ 105.707584769481556, 56.778308566460225 ], [ 105.706986786324563, 56.77853008368298 ], [ 105.706687794746045, 56.779118307889426 ], [ 105.706534901325213, 56.779585529965431 ], [ 105.706412586588556, 56.779883357734626 ], [ 105.706222319220444, 56.779942923004782 ], [ 105.705862170273605, 56.779901971891704 ], [ 105.70571267448436, 56.780110449820157 ], [ 105.705964099220793, 56.780166291925731 ], [ 105.705739855536933, 56.780512511125337 ], [ 105.705128281853618, 56.780430610097774 ], [ 105.704706975538443, 56.780907122661453 ], [ 105.70439439343366, 56.780892231735436 ], [ 105.704258488170694, 56.781234721538553 ], [ 105.705699083958038, 56.781502754855921 ], [ 105.70544086395843, 56.781681442670411 ], [ 105.706854278693157, 56.782128158483502 ], [ 105.708376417638277, 56.782559978713756 ], [ 105.709123896584543, 56.782664210438504 ], [ 105.70935493553155, 56.782351514395529 ], [ 105.708879267111215, 56.782143048919018 ], [ 105.709055943953047, 56.781755895675282 ], [ 105.708892857637508, 56.781733559789345 ], [ 105.709076329742516, 56.78145994410734 ], [ 105.709246211321201, 56.780862449865694 ], [ 105.708288079217311, 56.780819638386504 ], [ 105.707187246587367, 56.780983438564519 ], [ 105.707194041850528, 56.780760074508116 ], [ 105.707792025007535, 56.780566491250305 ] ] ] ] } },
{ "type": "Feature", "properties": { "quarter": null }, "geometry": { "type": "MultiPolygon", "coordinates": [ [ [ [ 105.710163571846039, 56.783213283493673 ], [ 105.712609866579257, 56.783868438116023 ], [ 105.712378827632222, 56.78413645261854 ], [ 105.712895267631467, 56.784382130897178 ], [ 105.713194259209871, 56.784088061252767 ], [ 105.713642746577733, 56.784225790360551 ], [ 105.714254320261077, 56.784411909973144 ], [ 105.715015389733608, 56.784836259237238 ], [ 105.715579396574825, 56.78507634945786 ], [ 105.716829724994028, 56.785299687818494 ], [ 105.717128716572518, 56.785091238723268 ], [ 105.717339369730126, 56.785111711453553 ], [ 105.717617975519147, 56.785039126268487 ], [ 105.719174090780001, 56.785240131052326 ], [ 105.719221657622057, 56.785121017236357 ], [ 105.719106138148575, 56.785065182504916 ], [ 105.719568216042589, 56.784249985962411 ], [ 105.718956642359288, 56.78417553790684 ], [ 105.719160500253722, 56.783995000758573 ], [ 105.719011004464463, 56.783808879077654 ], [ 105.719146909727456, 56.783406853095599 ], [ 105.719303200779862, 56.783457106578958 ], [ 105.719398334463932, 56.783434771705778 ], [ 105.719581806568925, 56.783486886389191 ], [ 105.71962597577938, 56.783168613443706 ], [ 105.719500263411135, 56.783155584669117 ], [ 105.719269224464128, 56.782597204362986 ], [ 105.719445901305974, 56.782109545430828 ], [ 105.719377948674506, 56.781636770796574 ], [ 105.719201271832645, 56.78108953602549 ], [ 105.719357562885023, 56.78093318176775 ], [ 105.71879355604375, 56.780635362331481 ], [ 105.718610083938771, 56.780549738806045 ], [ 105.718732398675428, 56.780311481011289 ], [ 105.718202368149889, 56.780281698680561 ], [ 105.718514950254686, 56.779834960882994 ], [ 105.716354056573678, 56.779477566815309 ], [ 105.715525034469636, 56.779030819443669 ], [ 105.713595179735648, 56.778695755424351 ], [ 105.712752567105355, 56.778822335516608 ], [ 105.711326694391289, 56.778419325356623 ], [ 105.710978060122756, 56.778809646412249 ], [ 105.712249717632403, 56.779075494420184 ], [ 105.71203226921169, 56.779321205840269 ], [ 105.711624553422823, 56.779254193794351 ], [ 105.711216837633941, 56.77957436137811 ], [ 105.71080912184506, 56.780222133948207 ], [ 105.70947725026808, 56.779976428427709 ], [ 105.708770542900709, 56.780415718982667 ], [ 105.70991214710952, 56.780676312644161 ], [ 105.709613155531017, 56.781286839278003 ], [ 105.709884966056933, 56.78138362917349 ], [ 105.709395707110303, 56.782172829772293 ], [ 105.710306272372094, 56.782440856388035 ], [ 105.710163571846039, 56.783213283493673 ] ] ] ] } },
{ "type": "Feature", "properties": { "quarter": null }, "geometry": { "type": "MultiPolygon", "coordinates": [ [ [ [ 105.716632662362642, 56.786023667196346 ], [ 105.717094740256726, 56.786142778146285 ], [ 105.717312188677425, 56.785755666176257 ], [ 105.71682292973081, 56.785658887559563 ], [ 105.716632662362642, 56.786023667196346 ] ] ] ] } },
{ "type": "Feature", "properties": { "quarter": null }, "geometry": { "type": "MultiPolygon", "coordinates": [ [ [ [ 105.720393840514959, 56.777485777111359 ], [ 105.721084692271589, 56.77750594373687 ], [ 105.721192283934855, 56.777230745934808 ], [ 105.720533143409483, 56.777225161291106 ], [ 105.720434612093868, 56.777307069315356 ], [ 105.720380249988679, 56.77739642331975 ], [ 105.720393840514959, 56.777485777111359 ] ] ] ] } },
{ "type": "Feature", "properties": { "quarter": null }, "geometry": { "type": "MultiPolygon", "coordinates": [ [ [ [ 105.72221836867017, 56.778617573389312 ], [ 105.722707627616799, 56.778634326696242 ], [ 105.722806158932443, 56.778364411396289 ], [ 105.722687241827359, 56.778323458560457 ], [ 105.722687241827359, 56.778267613712295 ], [ 105.722310104722681, 56.778265752215916 ], [ 105.72221836867017, 56.778617573389312 ] ] ] ] } },
{ "type": "Feature", "properties": { "quarter": null }, "geometry": { "type": "MultiPolygon", "coordinates": [ [ [ [ 105.722286321301624, 56.778232245265464 ], [ 105.722605698669597, 56.778232245265464 ], [ 105.722758592090415, 56.778090771144782 ], [ 105.723152717352974, 56.777818990416442 ], [ 105.723027004984729, 56.777792929147282 ], [ 105.72308476472152, 56.777530453927355 ], [ 105.722826544721883, 56.777537900058192 ], [ 105.722398443143589, 56.777511838593817 ], [ 105.722286321301624, 56.778232245265464 ] ] ] ] } },
{ "type": "Feature", "properties": { "quarter": null }, "geometry": { "type": "MultiPolygon", "coordinates": [ [ [ [ 105.72654355366376, 56.777370361757086 ], [ 105.727284237346865, 56.777433654092093 ], [ 105.727358985241494, 56.777243776766852 ], [ 105.727297827873173, 56.777098575811038 ], [ 105.726672663663578, 56.777132083773786 ], [ 105.726516372611187, 56.777199099609525 ], [ 105.72654355366376, 56.777370361757086 ] ] ] ] } },
{ "type": "Feature", "properties": { "quarter": null }, "geometry": { "type": "MultiPolygon", "coordinates": [ [ [ [ 105.733614024969029, 56.777603053639957 ], [ 105.732703459707224, 56.777536038525625 ], [ 105.732683073917769, 56.77769985303825 ], [ 105.732832569707043, 56.777718468278515 ], [ 105.732798593391266, 56.777848774701887 ], [ 105.733532481811238, 56.777889728055783 ], [ 105.733614024969029, 56.777603053639957 ] ] ] ] } },
{ "type": "Feature", "properties": { "quarter": null }, "geometry": { "type": "MultiPolygon", "coordinates": [ [ [ [ 105.718786760780432, 56.788394648376119 ], [ 105.719303200779649, 56.788320208545599 ], [ 105.719982727094447, 56.788052223932553 ], [ 105.720227356567747, 56.788037335842354 ], [ 105.720716615514405, 56.787724684583246 ], [ 105.720798158672167, 56.787605578656198 ], [ 105.720988426040321, 56.787575802115349 ], [ 105.721069969198084, 56.786578274337614 ], [ 105.721559228144741, 56.786563385662411 ], [ 105.722401840775078, 56.786622940327781 ], [ 105.722483383932826, 56.786369832346935 ], [ 105.722483383932826, 56.785833833338202 ], [ 105.722809556563959, 56.785774277420032 ], [ 105.723027004984672, 56.786072056065365 ], [ 105.724440419719414, 56.785670054335746 ], [ 105.72400552287796, 56.785416939925518 ], [ 105.724467600772016, 56.785208491481804 ], [ 105.724114247088309, 56.784895816644529 ], [ 105.723190091300225, 56.785208491481804 ], [ 105.722102849196574, 56.785223380694767 ], [ 105.722102849196574, 56.784315127889791 ], [ 105.723135729195036, 56.784017335298216 ], [ 105.723570626036476, 56.783741875046445 ], [ 105.723842436562421, 56.783533417295295 ], [ 105.72427733340389, 56.783101608269 ], [ 105.723190091300225, 56.782714464916587 ], [ 105.722483383932811, 56.782483666017342 ], [ 105.722252344985776, 56.782684684493219 ], [ 105.722130030249119, 56.782922927218131 ], [ 105.721749495512853, 56.783295178447091 ], [ 105.721844629196909, 56.783362183276068 ], [ 105.721368960776573, 56.783659981068048 ], [ 105.720716615514391, 56.783950331639325 ], [ 105.720798158672167, 56.78403222498391 ], [ 105.720308899725524, 56.784300238316348 ], [ 105.72053993867253, 56.784434244264567 ], [ 105.720349671304405, 56.784784146428194 ], [ 105.720512757619943, 56.784836259237188 ], [ 105.720512757619943, 56.78500004187984 ], [ 105.72034967130439, 56.785119156079922 ], [ 105.719846821831439, 56.785655165300057 ], [ 105.719629373410712, 56.785610498157567 ], [ 105.719303200779606, 56.786235833312716 ], [ 105.719140114464082, 56.786593163006913 ], [ 105.719099342885187, 56.786943045034327 ], [ 105.718705217622599, 56.786883490877145 ], [ 105.71859649341225, 56.787248258605942 ], [ 105.718800351306683, 56.787292923798368 ], [ 105.718691627096305, 56.787598134523193 ], [ 105.718854713411844, 56.787598134523193 ], [ 105.718678036570026, 56.788029891795041 ], [ 105.718786760780432, 56.788394648376119 ] ] ] ] } },
{ "type": "Feature", "properties": { "quarter": null }, "geometry": { "type": "MultiPolygon", "coordinates": [ [ [ [ 105.72628873129554, 56.783257953490406 ], [ 105.726710037610673, 56.783317513403375 ], [ 105.727240068136211, 56.783272843477505 ], [ 105.727756508135457, 56.783071828152927 ], [ 105.727946775503582, 56.782662349160191 ], [ 105.727838051293219, 56.782573007695134 ], [ 105.726465408137386, 56.782520891742266 ], [ 105.72628873129554, 56.783257953490406 ] ] ] ] } },
{ "type": "Feature", "properties": { "quarter": null }, "geometry": { "type": "MultiPolygon", "coordinates": [ [ [ [ 105.721613590249802, 56.781605128187039 ], [ 105.722184392354222, 56.781962501989909 ], [ 105.722945461826811, 56.782304982023454 ], [ 105.724100656561944, 56.782774025692341 ], [ 105.724970450244868, 56.783027157934526 ], [ 105.725109753139392, 56.782803806044768 ], [ 105.725228670244462, 56.781969947241279 ], [ 105.725517468928274, 56.781560456222337 ], [ 105.727066788925953, 56.781943888855047 ], [ 105.727311418399267, 56.782241697904908 ], [ 105.728493794186988, 56.782331040158908 ], [ 105.728887919449562, 56.781966224615779 ], [ 105.730138247868751, 56.782122574568625 ], [ 105.731347804709074, 56.782130019788227 ], [ 105.731565253129801, 56.781832209851913 ], [ 105.726302321821876, 56.780730292134493 ], [ 105.72485153313977, 56.780514372510204 ], [ 105.723638578667916, 56.780354293070239 ], [ 105.723108548142349, 56.780369184209746 ], [ 105.723427925510322, 56.780655837493356 ], [ 105.723604602352168, 56.781013220338181 ], [ 105.723951160772685, 56.78124775098015 ], [ 105.724521962877077, 56.781277532544067 ], [ 105.723679350246769, 56.781396658563374 ], [ 105.722891099721608, 56.781121179069757 ], [ 105.722605698669398, 56.78132220484563 ], [ 105.721613590249802, 56.781605128187039 ] ] ] ] } },
{ "type": "Feature", "properties": { "quarter": null }, "geometry": { "type": "MultiPolygon", "coordinates": [ [ [ [ 105.733916414178893, 56.782308704615325 ], [ 105.734405673125522, 56.782427827360614 ], [ 105.734759026809186, 56.782025786579382 ], [ 105.734161043652179, 56.781772647580944 ], [ 105.733916414178893, 56.782070457990045 ], [ 105.733916414178893, 56.782308704615325 ] ] ] ] } },
{ "type": "Feature", "properties": { "quarter": null }, "geometry": { "type": "MultiPolygon", "coordinates": [ [ [ [ 105.737061786338018, 56.783244639642106 ], [ 105.736722857858879, 56.783380795707266 ], [ 105.736505409438166, 56.783663703525455 ], [ 105.737728556804754, 56.783946609210275 ], [ 105.738244996803999, 56.784065726755138 ], [ 105.739223514697301, 56.784140175028618 ], [ 105.740827196800197, 56.784557082629874 ], [ 105.74199598206161, 56.784973985598107 ], [ 105.7425396031134, 56.785137767639483 ], [ 105.742458059955652, 56.785256881402269 ], [ 105.742920137849694, 56.785316438141848 ], [ 105.743490939954114, 56.78491442831487 ], [ 105.74368120732224, 56.784765534693129 ], [ 105.745094622056996, 56.785137767639483 ], [ 105.746263407318423, 56.784095506082259 ], [ 105.745638243108843, 56.783991278333922 ], [ 105.744714087320745, 56.783633923855575 ], [ 105.743654026269652, 56.783351015812833 ], [ 105.742797823113037, 56.783190948475244 ], [ 105.742865775744534, 56.783049493050335 ], [ 105.741472746799218, 56.782781470782631 ], [ 105.741364022588883, 56.782915482155829 ], [ 105.741200936273302, 56.782997377759358 ], [ 105.740888354168547, 56.782989932711878 ], [ 105.740847582589652, 56.782651181488667 ], [ 105.739753545222854, 56.78242410478056 ], [ 105.737599446804978, 56.781955056737033 ], [ 105.736777219964068, 56.781783815513926 ], [ 105.735554072597452, 56.781746589057654 ], [ 105.735431757860781, 56.781873158858282 ], [ 105.735200718913774, 56.782215639707367 ], [ 105.735200718913774, 56.782357098276201 ], [ 105.735024042071942, 56.782625123575571 ], [ 105.735907426281159, 56.782774025692305 ], [ 105.736138465228166, 56.782632568695426 ], [ 105.738734255750629, 56.783243063497345 ], [ 105.738842979961007, 56.783391963161584 ], [ 105.738598350487678, 56.783637646315604 ], [ 105.737061786338018, 56.783244639642106 ] ] ] ] } },
{ "type": "Feature", "properties": { "quarter": null }, "geometry": { "type": "MultiPolygon", "coordinates": [ [ [ [ 105.743983596532303, 56.785364827923118 ], [ 105.744826209162596, 56.7855062746182 ], [ 105.745002886004443, 56.785282937487459 ], [ 105.744092320742638, 56.785096822196174 ], [ 105.743983596532303, 56.785364827923118 ] ] ] ] } },
{ "type": "Feature", "properties": { "quarter": null }, "geometry": { "type": "MultiPolygon", "coordinates": [ [ [ [ 105.747986006526318, 56.786185583551422 ], [ 105.750017790207551, 56.786704827838257 ], [ 105.750289600733467, 56.786913267967499 ], [ 105.750459482312138, 56.786993293780831 ], [ 105.750656544943425, 56.787017487597808 ], [ 105.750914764943062, 56.786675050582375 ], [ 105.751308890205635, 56.786369832346878 ], [ 105.751213756521551, 56.786198611273782 ], [ 105.750751678627509, 56.786139055934747 ], [ 105.750058561786417, 56.7859678338083 ], [ 105.747748172316193, 56.785536052801824 ], [ 105.747856896526528, 56.785364827923118 ], [ 105.74796562073692, 56.785245714503077 ], [ 105.748210250210235, 56.785268048298143 ], [ 105.748563603893913, 56.784851148597831 ], [ 105.748781052314627, 56.784903261313737 ], [ 105.749039272314249, 56.784709699432611 ], [ 105.749311082840165, 56.784746922948848 ], [ 105.749419807050558, 56.784531026040526 ], [ 105.74826461231541, 56.784255569560514 ], [ 105.74672888284401, 56.783890772730913 ], [ 105.746307576528849, 56.784322572674235 ], [ 105.745505735477408, 56.78500004187979 ], [ 105.745125200741143, 56.785454162739946 ], [ 105.744765051794246, 56.786185583551422 ], [ 105.746810426001787, 56.78667505058236 ], [ 105.747523928632262, 56.78693746183604 ], [ 105.749616869681802, 56.787488333389817 ], [ 105.75001099494439, 56.787108679536757 ], [ 105.747741377053003, 56.786475914576123 ], [ 105.747986006526318, 56.786185583551422 ] ] ] ] } },
{ "type": "Feature", "properties": { "quarter": null }, "geometry": { "type": "MultiPolygon", "coordinates": [ [ [ [ 105.751587495994656, 56.786219083399722 ], [ 105.751465181257984, 56.786427526228053 ], [ 105.752090345467565, 56.786688078134716 ], [ 105.752715509677188, 56.786903962629275 ], [ 105.75316399704495, 56.787015626535499 ], [ 105.753503760202321, 56.786628523572752 ], [ 105.751587495994656, 56.786219083399722 ] ] ] ] } },
{ "type": "Feature", "properties": { "quarter": null }, "geometry": { "type": "MultiPolygon", "coordinates": [ [ [ [ 105.75064974968025, 56.787365504622528 ], [ 105.750133309681019, 56.78772282355596 ], [ 105.750948741258725, 56.787961034287285 ], [ 105.751410819152809, 56.78806525100655 ], [ 105.752212660204222, 56.787990810522331 ], [ 105.75064974968025, 56.787365504622528 ] ] ] ] } },
{ "type": "Feature", "properties": { "quarter": null }, "geometry": { "type": "MultiPolygon", "coordinates": [ [ [ [ 105.754427915990448, 56.787432502181829 ], [ 105.753829932833398, 56.787410169675361 ], [ 105.753680437044167, 56.787626050014246 ], [ 105.753462988623454, 56.787931258028578 ], [ 105.753884294938615, 56.788035474830586 ], [ 105.754427915990448, 56.787432502181829 ] ] ] ] } },
{ "type": "Feature", "properties": { "quarter": null }, "geometry": { "type": "MultiPolygon", "coordinates": [ [ [ [ 105.748312179157296, 56.790283509641014 ], [ 105.7490630557336, 56.790531938994974 ], [ 105.749319485692794, 56.790278687062461 ], [ 105.748896571786489, 56.790120680519529 ], [ 105.748312179157296, 56.790283509641014 ] ] ] ] } },
{ "type": "Feature", "properties": { "quarter": null }, "geometry": { "type": "MultiPolygon", "coordinates": [ [ [ [ 105.749929451786457, 56.790640800778085 ], [ 105.75047307283829, 56.790782227579605 ], [ 105.750921560206052, 56.790945984262493 ], [ 105.751478771784164, 56.791228835030672 ], [ 105.751995211783381, 56.79140747652206 ], [ 105.752430108624836, 56.790990645051899 ], [ 105.752538832835214, 56.790596139572102 ], [ 105.752022392835997, 56.790357945575252 ], [ 105.750744883364206, 56.789941102440864 ], [ 105.749929451786457, 56.790640800778085 ] ] ] ] } },
{ "type": "Feature", "properties": { "quarter": null }, "geometry": { "type": "MultiPolygon", "coordinates": [ [ [ [ 105.766876838077025, 56.775341227388822 ], [ 105.766605027551137, 56.77559440977781 ], [ 105.766958381234815, 56.775847590458753 ], [ 105.766441941235556, 56.776070983758736 ], [ 105.767882537022899, 56.776547551687564 ], [ 105.768507701232522, 56.776562444337834 ], [ 105.768507701232522, 56.77691986617095 ], [ 105.768038828075305, 56.776860296101844 ], [ 105.767711479467025, 56.776975264772709 ], [ 105.767777210447903, 56.777440169474055 ], [ 105.769140793252873, 56.777941540190056 ], [ 105.769951694655177, 56.778174849031402 ], [ 105.771028743860313, 56.777917650771322 ], [ 105.771898537543237, 56.777872974416283 ], [ 105.772605244910608, 56.777381531000316 ], [ 105.773121684909853, 56.776979436145503 ], [ 105.773665305961657, 56.776309268479672 ], [ 105.774045840697951, 56.775653981856422 ], [ 105.774643823854959, 56.775341227388822 ], [ 105.77475594569691, 56.775169955980651 ], [ 105.774806910170525, 56.774849750816522 ], [ 105.77552720806419, 56.774581669973308 ], [ 105.776247505957841, 56.774038055718201 ], [ 105.775894152274148, 56.773732734669714 ], [ 105.775241807011952, 56.773658265744508 ], [ 105.773893838038418, 56.773425209663571 ], [ 105.772869799999981, 56.773980806304294 ], [ 105.7716019, 56.7746687 ], [ 105.770403579650718, 56.775460372255239 ], [ 105.770247288598355, 56.775966733717567 ], [ 105.766876838077025, 56.775341227388822 ] ] ] ] } },
{ "type": "Feature", "properties": { "quarter": null }, "geometry": { "type": "MultiPolygon", "coordinates": [ [ [ [ 105.770012852019747, 56.778699478374186 ], [ 105.771072913070796, 56.779466398195702 ], [ 105.772323241489971, 56.780374768385443 ], [ 105.772676595173678, 56.78056090710291 ], [ 105.773043539383679, 56.781141653966465 ], [ 105.773492026751427, 56.781551149556229 ], [ 105.773791018329931, 56.781789399479145 ], [ 105.772634124778975, 56.782205402553309 ], [ 105.773177745830807, 56.783009475958259 ], [ 105.774360121618528, 56.78277123378296 ], [ 105.774295566618648, 56.782586967312945 ], [ 105.774606449907679, 56.782504140170531 ], [ 105.774660812012854, 56.782042538364536 ], [ 105.775462653064295, 56.781826625892926 ], [ 105.77576334345855, 56.782043469019015 ], [ 105.776123492405404, 56.782419451554858 ], [ 105.77566820977448, 56.782560909355247 ], [ 105.775151769775249, 56.782776817601253 ], [ 105.775070226617473, 56.783111845178269 ], [ 105.774580967670843, 56.783275635349291 ], [ 105.775274084511906, 56.784310474898582 ], [ 105.775776933984844, 56.785352730483552 ], [ 105.776171059247361, 56.785955736563189 ], [ 105.776633137141431, 56.78667039788391 ], [ 105.777081624509222, 56.786555010779857 ], [ 105.777422894589421, 56.786394666230073 ], [ 105.777781536613404, 56.786713202687103 ], [ 105.778236819244299, 56.786990502185489 ], [ 105.779806525031461, 56.78792846650304 ], [ 105.779594173062009, 56.788009730826793 ], [ 105.779902224991375, 56.7881536488904 ], [ 105.781125372357977, 56.788535773483268 ], [ 105.782565968145306, 56.788664801687425 ], [ 105.785290302391715, 56.789279540545216 ], [ 105.785872996206606, 56.788686823282866 ], [ 105.786097239890481, 56.788675657404681 ], [ 105.786416617258439, 56.788441173194983 ], [ 105.787089348310033, 56.787570219011116 ], [ 105.785716705154172, 56.787406447589554 ], [ 105.785893381996075, 56.787123567995437 ], [ 105.786987419362887, 56.787231509144881 ], [ 105.787437605546401, 56.787329214227853 ], [ 105.787714512519713, 56.787253841757718 ], [ 105.787838526072122, 56.787176608081829 ], [ 105.787981226598262, 56.786942114501166 ], [ 105.784671933445267, 56.78608973659788 ], [ 105.78428460344584, 56.785899903074082 ], [ 105.78433217028784, 56.785836625019364 ], [ 105.783571100815308, 56.785438343048178 ], [ 105.783265313973658, 56.785151726303006 ], [ 105.782959527132007, 56.785051223808857 ], [ 105.782877983974231, 56.784906053064219 ], [ 105.782599378185168, 56.784824161627093 ], [ 105.781953545110056, 56.784265296086545 ], [ 105.782517835027434, 56.783997792576564 ], [ 105.782517835027434, 56.783655327995575 ], [ 105.782184867133239, 56.782944331763723 ], [ 105.783251723447435, 56.782639083174018 ], [ 105.783156589763379, 56.78248645794784 ], [ 105.783537124499659, 56.782400838646673 ], [ 105.783285699763198, 56.78200624282038 ], [ 105.783859899499205, 56.781849892382752 ], [ 105.783696813183667, 56.781537189552864 ], [ 105.784267615288087, 56.781395727892686 ], [ 105.784648150024367, 56.781365946422589 ], [ 105.78481123633992, 56.781261711091062 ], [ 105.784488461340416, 56.78074611421026 ], [ 105.786238241600913, 56.780329164258788 ], [ 105.786156698443122, 56.780135578777774 ], [ 105.786727500547542, 56.780076013813449 ], [ 105.786564414232004, 56.77945057597907 ], [ 105.786017927952344, 56.779467530934909 ], [ 105.785721801601667, 56.778780452444934 ], [ 105.785341266865402, 56.778810235967256 ], [ 105.785558715286129, 56.779361226865987 ], [ 105.784104528972549, 56.779526894844686 ], [ 105.783492955289262, 56.778745084481493 ], [ 105.784090938446255, 56.778599889334842 ], [ 105.783819127920339, 56.778004211057798 ], [ 105.782106721607079, 56.778302051378326 ], [ 105.781807730028589, 56.777989318979721 ], [ 105.783601679499611, 56.777408523324638 ], [ 105.783139601605569, 56.776380939759875 ], [ 105.782269807922631, 56.775561831257313 ], [ 105.782025178449302, 56.775286308924585 ], [ 105.782229036343765, 56.775172748455518 ], [ 105.782623161606338, 56.775042432739731 ], [ 105.782409110817156, 56.774789246626852 ], [ 105.782392122659317, 56.774577015775087 ], [ 105.781974213975744, 56.773990582181661 ], [ 105.781430592923897, 56.773411586374337 ], [ 105.782218843449058, 56.773374351611601 ], [ 105.782028576080904, 56.772205161270399 ], [ 105.780873381345771, 56.772815825737553 ], [ 105.780275398188763, 56.773121154245281 ], [ 105.77967741503177, 56.773433927214263 ], [ 105.778902755032888, 56.773858400645913 ], [ 105.778304771875867, 56.77405946533267 ], [ 105.777081624509265, 56.774349890200746 ], [ 105.777231120298552, 56.774841373319141 ], [ 105.777013671877825, 56.774690578046815 ], [ 105.776836995035964, 56.774876744961965 ], [ 105.776313759773586, 56.775219289672933 ], [ 105.77575654819546, 56.775550661472387 ], [ 105.775365820564474, 56.775621403387653 ], [ 105.774975092933488, 56.775909954555473 ], [ 105.775065130170177, 56.775951840830906 ], [ 105.774687993065498, 56.776202226702381 ], [ 105.774297265434484, 56.77638373214468 ], [ 105.773909935435071, 56.776532659020056 ], [ 105.773760439645798, 56.776823064760634 ], [ 105.774073021750581, 56.776966405231811 ], [ 105.77354638885663, 56.777284730780892 ], [ 105.773301759383301, 56.777552792315312 ], [ 105.772581461489636, 56.778081463618037 ], [ 105.772418375174098, 56.778237829759163 ], [ 105.772051430964112, 56.778133585737478 ], [ 105.771453447807104, 56.778297397641531 ], [ 105.770909826755272, 56.778275059696732 ], [ 105.770556473071593, 56.778364411396161 ], [ 105.770012852019747, 56.778699478374186 ] ], [ [ 105.776313607076602, 56.781372593822212 ], [ 105.778428825870307, 56.780843461605251 ], [ 105.77917253293478, 56.781663613360841 ], [ 105.778274289337446, 56.781922883412079 ], [ 105.778216338137611, 56.781838224000516 ], [ 105.777868630938627, 56.781959921844582 ], [ 105.777578874939522, 56.782039289791072 ], [ 105.77704765560776, 56.782176860500641 ], [ 105.77663233867564, 56.781642448379593 ], [ 105.776313607076602, 56.781372593822212 ] ], [ [ 105.778857020846829, 56.786268476618901 ], [ 105.779037313468507, 56.786145029213287 ], [ 105.77947516697833, 56.786413085920245 ], [ 105.779249801201217, 56.786511843171553 ], [ 105.778857020846829, 56.786268476618901 ] ], [ [ 105.780286483775896, 56.786201462363408 ], [ 105.780756532396751, 56.786448356396988 ], [ 105.780589117819446, 56.786540059481318 ], [ 105.780170581376268, 56.786286111929392 ], [ 105.780286483775896, 56.786201462363408 ] ], [ [ 105.780969020129447, 56.786525951329075 ], [ 105.781561410172131, 56.786857491503675 ], [ 105.781368239506023, 56.786973882572184 ], [ 105.780769410441152, 56.786631762341457 ], [ 105.780969020129447, 56.786525951329075 ] ], [ [ 105.782050775859531, 56.786836329452406 ], [ 105.782752629279656, 56.786480099797693 ], [ 105.783866580120815, 56.787129070101763 ], [ 105.783248433989328, 56.787492347490023 ], [ 105.782050775859531, 56.786836329452406 ] ] ] ] } },
{ "type": "Feature", "properties": { "quarter": null }, "geometry": { "type": "MultiPolygon", "coordinates": [ [ [ [ 105.782683752706518, 56.789657311496413 ], [ 105.783528630420577, 56.789866665679263 ], [ 105.783725693055842, 56.789716861249786 ], [ 105.782919321828999, 56.789409186506276 ], [ 105.782683752706518, 56.789657311496413 ] ] ] ] } },
{ "type": "Feature", "properties": { "quarter": null }, "geometry": { "type": "MultiPolygon", "coordinates": [ [ [ [ 105.786151601995655, 56.779146229690639 ], [ 105.786763175678956, 56.779116446435019 ], [ 105.78687189988932, 56.778781383180309 ], [ 105.787578607256705, 56.778803720823689 ], [ 105.787497064098915, 56.778193153785224 ], [ 105.786110830416774, 56.77823782975905 ], [ 105.786151601995655, 56.779146229690639 ] ] ] ] } },
{ "type": "Feature", "properties": { "quarter": null }, "geometry": { "type": "MultiPolygon", "coordinates": [ [ [ [ 105.785336170417892, 56.774157204721767 ], [ 105.785852610417137, 56.774119970698742 ], [ 105.785798248311934, 56.773658265744388 ], [ 105.785281808312718, 56.773665712643549 ], [ 105.785336170417892, 56.774157204721767 ] ] ] ] } },
{ "type": "Feature", "properties": { "quarter": null }, "geometry": { "type": "MultiPolygon", "coordinates": [ [ [ [ 105.78570311462785, 56.774626350246713 ], [ 105.786396231468927, 56.774626350246713 ], [ 105.786423412521529, 56.774119970698742 ], [ 105.785675248960629, 56.774132758017146 ], [ 105.78570311462785, 56.774626350246713 ] ] ] ] } },
{ "type": "Feature", "properties": { "quarter": null }, "geometry": { "type": "MultiPolygon", "coordinates": [ [ [ [ 105.786110830416774, 56.790335614810374 ], [ 105.786437003047865, 56.790424937789631 ], [ 105.786654451468578, 56.79030584043668 ], [ 105.788067866203335, 56.790678018409032 ], [ 105.788394038834412, 56.790335614810374 ], [ 105.788910478833657, 56.789888996723192 ], [ 105.788747392518118, 56.789862943837306 ], [ 105.789263832517335, 56.789140899512965 ], [ 105.788298905150327, 56.788947359496866 ], [ 105.787211663046691, 56.788731486762323 ], [ 105.786450593574145, 56.789602413982877 ], [ 105.7863010977849, 56.789781063220886 ], [ 105.786110830416774, 56.790335614810374 ] ] ] ] } },
{ "type": "Feature", "properties": { "quarter": null }, "geometry": { "type": "MultiPolygon", "coordinates": [ [ [ [ 105.791343183040595, 56.78930466336196 ], [ 105.792620692512344, 56.789557751540428 ], [ 105.793300218827142, 56.788441173194947 ], [ 105.791968347250176, 56.788158301403939 ], [ 105.791343183040595, 56.78930466336196 ] ] ] ] } },
{ "type": "Feature", "properties": { "quarter": null }, "geometry": { "type": "MultiPolygon", "coordinates": [ [ [ [ 105.793041998827519, 56.789520532797745 ], [ 105.794183603036359, 56.789766175816901 ], [ 105.794808767245939, 56.788805925776643 ], [ 105.793572029353058, 56.788552832525248 ], [ 105.793041998827519, 56.789520532797745 ] ] ] ] } },
{ "type": "Feature", "properties": { "quarter": null }, "geometry": { "type": "MultiPolygon", "coordinates": [ [ [ [ 105.794523366193772, 56.789915049591009 ], [ 105.796820165137703, 56.790235126204429 ], [ 105.797119156716207, 56.789602413982877 ], [ 105.794985444087828, 56.789178118632336 ], [ 105.794523366193772, 56.789915049591009 ] ] ] ] } },
{ "type": "Feature", "properties": { "quarter": null }, "geometry": { "type": "MultiPolygon", "coordinates": [ [ [ [ 105.795039806192989, 56.788999466522512 ], [ 105.797187109347703, 56.789393988796419 ], [ 105.797458919873634, 56.789066461163415 ], [ 105.795257254613745, 56.788679379364403 ], [ 105.795039806192989, 56.788999466522512 ] ] ] ] } },
{ "type": "Feature", "properties": { "quarter": null }, "geometry": { "type": "MultiPolygon", "coordinates": [ [ [ [ 105.793979745141911, 56.788247629568396 ], [ 105.795189301982234, 56.788470949048865 ], [ 105.796344496717367, 56.788649603675957 ], [ 105.797581234610249, 56.788850589114332 ], [ 105.797893816715074, 56.788202965512731 ], [ 105.798219989346165, 56.788091305140973 ], [ 105.798342304082837, 56.78788287155767 ], [ 105.798219989346165, 56.787756322031306 ], [ 105.798016131451718, 56.787786098428867 ], [ 105.798002540925452, 56.787562774871049 ], [ 105.796059095665157, 56.787585107286681 ], [ 105.794360279878191, 56.787585107286681 ], [ 105.794387460930807, 56.78786053931934 ], [ 105.793979745141911, 56.788247629568396 ] ] ] ] } },
{ "type": "Feature", "properties": { "quarter": null }, "geometry": { "type": "MultiPolygon", "coordinates": [ [ [ [ 105.768264770574604, 56.793556690264644 ], [ 105.767233589392077, 56.793294325316857 ], [ 105.767648100444148, 56.793082199123482 ], [ 105.767090888866036, 56.792877514817015 ], [ 105.767253975181575, 56.792750982141548 ], [ 105.766866645182148, 56.792550017603062 ], [ 105.766200709393672, 56.792259733590761 ], [ 105.764936790448161, 56.791842911592489 ], [ 105.763638895186929, 56.791396311453646 ], [ 105.761056695190746, 56.790428659575809 ], [ 105.760241263612997, 56.790517982333469 ], [ 105.758426928356513, 56.790301188189488 ], [ 105.758037333269343, 56.790806108807786 ], [ 105.75775646239255, 56.79093016688752 ], [ 105.757683979585636, 56.791213017775007 ], [ 105.756587677131137, 56.7915851867455 ], [ 105.756143719938805, 56.79165589843241 ], [ 105.755654460992176, 56.791869273240877 ], [ 105.755416626778043, 56.792326722408397 ], [ 105.756055381513931, 56.792773311468224 ], [ 105.756680545723512, 56.793182680101467 ], [ 105.756925175196855, 56.793361312286514 ], [ 105.757659063616813, 56.793577158374909 ], [ 105.758324999405261, 56.793748345768556 ], [ 105.758406542563065, 56.79402373254478 ], [ 105.759317107824899, 56.794373545263547 ], [ 105.759874319402982, 56.794529843508734 ], [ 105.759385060456353, 56.794768011010675 ], [ 105.760200492034073, 56.795006177000033 ], [ 105.760268444665527, 56.795251784092343 ], [ 105.759996634139654, 56.795452734153201 ], [ 105.759480194140437, 56.795370865739876 ], [ 105.759616099403374, 56.795705780846212 ], [ 105.759507375193024, 56.796189541830209 ], [ 105.76047230255999, 56.795966268305385 ], [ 105.760988742559235, 56.796092790132668 ], [ 105.760716932033304, 56.796301178094076 ], [ 105.760458712033696, 56.796249081212316 ], [ 105.760349987823318, 56.796405371640532 ], [ 105.760662569928115, 56.79657654612403 ], [ 105.759602508877066, 56.797179371779187 ], [ 105.758528857299737, 56.79806498776837 ], [ 105.757659063616799, 56.799434300336699 ], [ 105.758053188879387, 56.799523601646349 ], [ 105.757769486642943, 56.799674297124106 ], [ 105.757810258221838, 56.799718947519708 ], [ 105.757236058485859, 56.800291956210202 ], [ 105.757718522169355, 56.800429625824577 ], [ 105.75737196374881, 56.800637989684816 ], [ 105.756835137960138, 56.800920767357248 ], [ 105.756780775854949, 56.801359812674853 ], [ 105.756843632039065, 56.801681651951128 ], [ 105.757263239538474, 56.801623981532551 ], [ 105.758732715194171, 56.801250051827459 ], [ 105.759249155193388, 56.801532824883537 ], [ 105.759695943745299, 56.801270515738629 ], [ 105.760429832165272, 56.801716998292861 ], [ 105.760891910059314, 56.801478874925635 ], [ 105.760830752690978, 56.80142120419513 ], [ 105.761367578479636, 56.801158894269264 ], [ 105.761415145321678, 56.801203542896886 ], [ 105.761693751110769, 56.801065876124262 ], [ 105.761785487163252, 56.800972857748491 ], [ 105.761717534531783, 56.800896582508145 ], [ 105.762223781636251, 56.800634268911757 ], [ 105.762291734267734, 56.800541249465148 ], [ 105.76246841110958, 56.800582178050085 ], [ 105.763025622687692, 56.800407301056602 ], [ 105.764384675317203, 56.801259353606646 ], [ 105.764901115316448, 56.801393298971092 ], [ 105.765240878473861, 56.801285398576105 ], [ 105.766008949894186, 56.800781344914533 ], [ 105.766514990313993, 56.801017506597653 ], [ 105.766987261102798, 56.801073317584354 ], [ 105.767384783996931, 56.801270515738622 ], [ 105.767979369522351, 56.80109936268304 ], [ 105.768482218995302, 56.801024948067351 ], [ 105.768876344257862, 56.800950533303961 ], [ 105.769216107415261, 56.800771937269182 ], [ 105.769705366361904, 56.800600781937554 ], [ 105.769708763993478, 56.80074031079937 ], [ 105.769990767414114, 56.800801703334059 ], [ 105.769617027940996, 56.801062155393659 ], [ 105.769841271624855, 56.801240750045942 ], [ 105.770398483202982, 56.801397019668826 ], [ 105.770830479304834, 56.801457344330615 ], [ 105.770877549254905, 56.80123888968938 ], [ 105.771128973991367, 56.801201682538455 ], [ 105.77112217872822, 56.800831469375311 ], [ 105.771125576359793, 56.800537528682476 ], [ 105.77101685214943, 56.800502181228751 ], [ 105.771047430833619, 56.800437067410961 ], [ 105.770714462939367, 56.80033660587025 ], [ 105.771777921621975, 56.799882665182011 ], [ 105.774006767934466, 56.80051520397874 ], [ 105.781834911080736, 56.802085342397277 ], [ 105.783017286868429, 56.801847221369577 ], [ 105.784648150023898, 56.802397873950888 ], [ 105.785437701538214, 56.801352454668383 ], [ 105.786931554689318, 56.801726171130319 ], [ 105.786034383706067, 56.802933636267056 ], [ 105.785912068969395, 56.803112222004316 ], [ 105.787284712125242, 56.803409863009264 ], [ 105.787855514229662, 56.803008047094302 ], [ 105.788304001597425, 56.802338344332021 ], [ 105.788373895662829, 56.801380659814342 ], [ 105.788090578685882, 56.801126812736797 ], [ 105.788045781597845, 56.800649152001782 ], [ 105.789105842648894, 56.799637088420454 ], [ 105.788453497386712, 56.799011976678365 ], [ 105.788888394228138, 56.798513368174362 ], [ 105.789133023701467, 56.798223130320444 ], [ 105.788888394228167, 56.798118941824896 ], [ 105.781739777396652, 56.79636257789754 ], [ 105.777091817403559, 56.795186661156372 ], [ 105.773721366882242, 56.794576360717791 ], [ 105.773109793198984, 56.795112234805394 ], [ 105.772328337937012, 56.795357846995515 ], [ 105.771475532411941, 56.794998734335763 ], [ 105.770588750571122, 56.794680559056786 ], [ 105.770248987413751, 56.795082464223647 ], [ 105.769990767414114, 56.795551348141025 ], [ 105.769311241099345, 56.79594580149908 ], [ 105.769528689520072, 56.795201546408862 ], [ 105.770090552846469, 56.79453820738685 ], [ 105.768808391626408, 56.793288743063933 ], [ 105.768264770574604, 56.793556690264644 ] ] ] ] } },
{ "type": "Feature", "properties": { "quarter": null }, "geometry": { "type": "MultiPolygon", "coordinates": [ [ [ [ 105.777363627929432, 56.802137431170472 ], [ 105.776996683719432, 56.801973723353846 ], [ 105.77634433845725, 56.801869545280162 ], [ 105.776289976352061, 56.802301138272234 ], [ 105.776208433194299, 56.802494609379949 ], [ 105.776385110036145, 56.802866666396255 ], [ 105.776514220035963, 56.802881548600112 ], [ 105.776371519509851, 56.803238719720163 ], [ 105.77652101529911, 56.803279645360384 ], [ 105.776670511088369, 56.803833997358289 ], [ 105.777384013718887, 56.803759588170458 ], [ 105.777941225296999, 56.803748426779535 ], [ 105.778464460559391, 56.803268483826578 ], [ 105.778933333716594, 56.802814578636259 ], [ 105.778729475822146, 56.802680638349663 ], [ 105.778491641611978, 56.80253553583249 ], [ 105.778165468980902, 56.802412756340843 ], [ 105.77766261950795, 56.802628550331185 ], [ 105.777526714244985, 56.802803416963989 ], [ 105.77739080898202, 56.803008047094302 ], [ 105.776806416351306, 56.802539256416871 ], [ 105.777363627929432, 56.802137431170472 ] ] ] ] } },
{ "type": "Feature", "properties": { "quarter": null }, "geometry": { "type": "MultiPolygon", "coordinates": [ [ [ [ 105.789336881595887, 56.805110091943291 ], [ 105.790614391067663, 56.805586291037429 ], [ 105.790967744751342, 56.805318429791342 ], [ 105.789527148963998, 56.804871990127701 ], [ 105.789336881595887, 56.805110091943291 ] ] ] ] } },
{ "type": "Feature", "properties": { "quarter": null }, "geometry": { "type": "MultiPolygon", "coordinates": [ [ [ [ 105.791022106856516, 56.804604123777409 ], [ 105.79341403948456, 56.805065447968062 ], [ 105.793577125800098, 56.804767820107806 ], [ 105.791158012119467, 56.80432137388668 ], [ 105.791022106856516, 56.804604123777409 ] ] ] ] } },
{ "type": "Feature", "properties": { "quarter": null }, "geometry": { "type": "MultiPolygon", "coordinates": [ [ [ [ 105.794147927904518, 56.80408326706138 ], [ 105.793604306852686, 56.804068385334588 ], [ 105.793454811063427, 56.803681458364245 ], [ 105.793019914221972, 56.803644253637394 ], [ 105.79284323738014, 56.803450788462612 ], [ 105.792517064749049, 56.803815395075141 ], [ 105.792177301591636, 56.803718663054156 ], [ 105.791891900539426, 56.80418743898354 ], [ 105.792068577381258, 56.80432137388668 ], [ 105.792856827906434, 56.804306492254412 ], [ 105.79282964685386, 56.80449251223321 ], [ 105.793617897379022, 56.804645047927046 ], [ 105.794147927904518, 56.80408326706138 ] ] ] ] } },
{ "type": "Feature", "properties": { "quarter": null }, "geometry": { "type": "MultiPolygon", "coordinates": [ [ [ [ 105.793291724747903, 56.799901269416559 ], [ 105.79136187001393, 56.799439881674736 ], [ 105.790709524751719, 56.799246394802957 ], [ 105.790553233699356, 56.799417556317415 ], [ 105.79085222527786, 56.799529182971106 ], [ 105.790675548435985, 56.799722668383573 ], [ 105.792027805802391, 56.800105915387611 ], [ 105.792435521591273, 56.800228702434055 ], [ 105.792095758433902, 56.800615665040851 ], [ 105.792571426854224, 56.800697522003581 ], [ 105.792231663696853, 56.801553288640314 ], [ 105.79435178579898, 56.802126269296558 ], [ 105.794508076851372, 56.801716998292818 ], [ 105.795194398429317, 56.800838910881886 ], [ 105.796641789479779, 56.801151452826119 ], [ 105.796359786059071, 56.801529104199226 ], [ 105.796611210795533, 56.80161467984378 ], [ 105.796414148164246, 56.801852802348449 ], [ 105.796502486585183, 56.801912332738304 ], [ 105.796373376585365, 56.802094643969198 ], [ 105.795741417112623, 56.802049996402779 ], [ 105.795123048166161, 56.801927215320987 ], [ 105.795123048166161, 56.802288116142542 ], [ 105.795659873954847, 56.802422057831521 ], [ 105.79684564737417, 56.802691800058454 ], [ 105.797297532373449, 56.80225091003291 ], [ 105.798089180530212, 56.801943958219454 ], [ 105.798476510529653, 56.801605378152736 ], [ 105.79744363053122, 56.800652872773327 ], [ 105.797593126320464, 56.80045939216118 ], [ 105.795269146323918, 56.799916152797564 ], [ 105.794976950008575, 56.800295677017196 ], [ 105.793291724747903, 56.799901269416559 ] ] ] ] } },
{ "type": "Feature", "properties": { "quarter": null }, "geometry": { "type": "MultiPolygon", "coordinates": [ [ [ [ 105.79657723447977, 56.805893213028781 ], [ 105.794905599745448, 56.805684878375267 ], [ 105.794212482904356, 56.805528626625275 ], [ 105.794212482904356, 56.805476542563873 ], [ 105.794090168167685, 56.805446780210595 ], [ 105.79341064185293, 56.805312849328345 ], [ 105.793125240800677, 56.805342611787978 ], [ 105.792907792379978, 56.805454220801117 ], [ 105.792608800801474, 56.805625353975891 ], [ 105.792486486064803, 56.806027141837461 ], [ 105.792581619748887, 56.806064344199392 ], [ 105.792989335537754, 56.806071784667346 ], [ 105.793465003958104, 56.806108986984974 ], [ 105.794280435535839, 56.806153629717386 ], [ 105.79481046606135, 56.806168510616374 ], [ 105.795218181850231, 56.806198272396621 ], [ 105.796794682900526, 56.806384282987871 ], [ 105.796821863953127, 56.806220593716326 ], [ 105.796740320795351, 56.806056903729953 ], [ 105.79657723447977, 56.805893213028781 ] ] ] ] } },
{ "type": "Feature", "properties": { "quarter": null }, "geometry": { "type": "MultiPolygon", "coordinates": [ [ [ [ 105.796658777637575, 56.80665213661765 ], [ 105.79603361342798, 56.806562852287058 ], [ 105.795109457639853, 56.80645124657476 ], [ 105.794497883956566, 56.806384282987871 ], [ 105.793668861852524, 56.806376842581955 ], [ 105.792853430274789, 56.806414044596806 ], [ 105.7927990681696, 56.806860465895298 ], [ 105.792907792379978, 56.807336642753476 ], [ 105.793233965011055, 56.807388724230343 ], [ 105.793152421853307, 56.807745852407947 ], [ 105.793628090273629, 56.80779793331623 ], [ 105.793560137642146, 56.808177377749388 ], [ 105.794022215536231, 56.808281538294388 ], [ 105.795218181850231, 56.808266658234253 ], [ 105.796495691322022, 56.808169937699397 ], [ 105.797406256583827, 56.808117857308019 ], [ 105.797333207505005, 56.807834203906033 ], [ 105.797931190662013, 56.807785843111823 ], [ 105.798172422503768, 56.807772822887337 ], [ 105.798620909871502, 56.807852804194873 ], [ 105.798797586713363, 56.80757751897734 ], [ 105.797961769346173, 56.807413834916531 ], [ 105.797555752373086, 56.807463126214614 ], [ 105.796522872374624, 56.807522647695698 ], [ 105.796441329216862, 56.807433365438619 ], [ 105.797324713426036, 56.807366403606267 ], [ 105.797365485004946, 56.807195278380064 ], [ 105.796550053427197, 56.807128316122373 ], [ 105.796658777637575, 56.80665213661765 ] ] ] ] } },
{ "type": "Feature", "properties": { "quarter": null }, "geometry": { "type": "MultiPolygon", "coordinates": [ [ [ [ 105.799127156975956, 56.808048106670491 ], [ 105.802728646444308, 56.808754907124175 ], [ 105.802905323286154, 56.80840522856559 ], [ 105.799344605396669, 56.80769098137273 ], [ 105.799127156975956, 56.808048106670491 ] ] ] ] } },
{ "type": "Feature", "properties": { "quarter": null }, "geometry": { "type": "MultiPolygon", "coordinates": [ [ [ [ 105.804726453809792, 56.808896265615523 ], [ 105.805372003808813, 56.809067383075941 ], [ 105.805623428545289, 56.808743747220589 ], [ 105.805005059598855, 56.808546588375741 ], [ 105.804726453809792, 56.808896265615523 ] ] ] ] } },
{ "type": "Feature", "properties": { "quarter": null }, "geometry": { "type": "MultiPolygon", "coordinates": [ [ [ [ 105.802783008549497, 56.809320337890732 ], [ 105.803061614338546, 56.809335217532563 ], [ 105.803313039075022, 56.809000424162733 ], [ 105.802959685391357, 56.808911145425718 ], [ 105.802783008549497, 56.809320337890732 ] ] ] ] } },
{ "type": "Feature", "properties": { "quarter": null }, "geometry": { "type": "MultiPolygon", "coordinates": [ [ [ [ 105.803815888547945, 56.809781604040367 ], [ 105.805174941177484, 56.809763004708699 ], [ 105.805161350651204, 56.809484013625891 ], [ 105.804576958020462, 56.809476573835248 ], [ 105.80451580065214, 56.809584450654938 ], [ 105.803795502758504, 56.809491453415049 ], [ 105.803815888547945, 56.809781604040367 ] ] ] ] } },
{ "type": "Feature", "properties": { "quarter": null }, "geometry": { "type": "MultiPolygon", "coordinates": [ [ [ [ 105.800927901710125, 56.804528786021528 ], [ 105.800520185921229, 56.804394851859421 ], [ 105.80049300486867, 56.804156745500826 ], [ 105.799568849080558, 56.803978164739398 ], [ 105.79916113329169, 56.803993046502001 ], [ 105.798617512239858, 56.80363588256877 ], [ 105.797802080662123, 56.80347218129544 ], [ 105.797095373294766, 56.80363588256877 ], [ 105.797231278557717, 56.80368052824651 ], [ 105.79682356276885, 56.804201390558262 ], [ 105.795763501717786, 56.803903755837709 ], [ 105.795219880665954, 56.804499022915742 ], [ 105.795056794350415, 56.804915704246234 ], [ 105.795355785928919, 56.805257974731447 ], [ 105.796443028032542, 56.805600242091536 ], [ 105.799949383816823, 56.80635917161193 ], [ 105.806146663807652, 56.80771330180351 ], [ 105.806771828017233, 56.807996026109819 ], [ 105.807641621700157, 56.808144827519719 ], [ 105.807994975383863, 56.80774306235724 ], [ 105.807261086963891, 56.807579379019366 ], [ 105.80636411222838, 56.807579379019366 ], [ 105.806500017491317, 56.807296651570333 ], [ 105.806962095385387, 56.807460336142853 ], [ 105.80736981117424, 56.807266890662156 ], [ 105.808185242751989, 56.80735617331576 ], [ 105.808783225908982, 56.80658238325254 ], [ 105.807261086963891, 56.806225243989573 ], [ 105.806336931175778, 56.80580857721543 ], [ 105.806826190122422, 56.805391905809742 ], [ 105.805847672229149, 56.805034755204247 ], [ 105.804053722758127, 56.804647838208311 ], [ 105.802966480654462, 56.805481192929427 ], [ 105.801335617498992, 56.805153805784151 ], [ 105.800927901710125, 56.804528786021528 ] ] ] ] } },
{ "type": "Feature", "properties": { "quarter": null }, "geometry": { "type": "MultiPolygon", "coordinates": [ [ [ [ 105.809836491696927, 56.806705149088295 ], [ 105.810407293801347, 56.807225969374841 ], [ 105.811793527483488, 56.807367333632513 ], [ 105.812296376956397, 56.806541461217932 ], [ 105.810815009590186, 56.806243845076843 ], [ 105.809972396959893, 56.806414974646692 ], [ 105.809836491696927, 56.806705149088295 ] ] ] ] } },
{ "type": "Feature", "properties": { "quarter": null }, "geometry": { "type": "MultiPolygon", "coordinates": [ [ [ [ 105.801220098025482, 56.801250982005406 ], [ 105.797971962240837, 56.800432416419568 ], [ 105.797836056977886, 56.800670546433302 ], [ 105.798597126450446, 56.801265864850635 ], [ 105.799235881186348, 56.801503989570804 ], [ 105.800445438026642, 56.801779319393106 ], [ 105.800581343289593, 56.801801643344135 ], [ 105.800771610657762, 56.801734671451165 ], [ 105.801220098025482, 56.801250982005406 ] ] ] ] } },
{ "type": "Feature", "properties": { "quarter": null }, "geometry": { "type": "MultiPolygon", "coordinates": [ [ [ [ 105.797224483294585, 56.80276156066332 ], [ 105.798977661186711, 56.803148497128205 ], [ 105.799222290660055, 56.80273923728388 ], [ 105.799725140132963, 56.802828530721875 ], [ 105.799942588553691, 56.802813648496986 ], [ 105.800227989605929, 56.802367179002928 ], [ 105.800132855921845, 56.801950469344604 ], [ 105.800037722237761, 56.801868615117435 ], [ 105.798868936976348, 56.801600727306351 ], [ 105.798135048556389, 56.802143942261971 ], [ 105.797482703294207, 56.802367179002928 ], [ 105.797224483294585, 56.80276156066332 ] ] ] ] } },
{ "type": "Feature", "properties": { "quarter": null }, "geometry": { "type": "MultiPolygon", "coordinates": [ ] } },
{ "type": "Feature", "properties": { "quarter": null }, "geometry": { "type": "MultiPolygon", "coordinates": [ [ [ [ 105.801423955919887, 56.803587516357858 ], [ 105.802837370654643, 56.803974444297786 ], [ 105.80282378012835, 56.804033971318717 ], [ 105.802946094865007, 56.804063734793729 ], [ 105.803285858022392, 56.803818185418187 ], [ 105.802416064339468, 56.803550311537784 ], [ 105.801668585393216, 56.803386609890801 ], [ 105.801423955919887, 56.803587516357858 ] ] ] ] } },
{ "type": "Feature", "properties": { "quarter": null }, "geometry": { "type": "MultiPolygon", "coordinates": [ [ [ [ 105.801736538024684, 56.803289876763401 ], [ 105.801953986445426, 56.803297317782054 ], [ 105.801981167498013, 56.803208025460648 ], [ 105.802185025392419, 56.803222907528969 ], [ 105.802103482234671, 56.80333452285322 ], [ 105.802470426444643, 56.803416373879784 ], [ 105.802932504338685, 56.802925265039711 ], [ 105.803870250653105, 56.802865736258269 ], [ 105.80430514749456, 56.802456473327105 ], [ 105.802837370654643, 56.802076970980494 ], [ 105.802433052497349, 56.802463914511193 ], [ 105.802276761444958, 56.80260715701688 ], [ 105.802297147234398, 56.80266110535117 ], [ 105.802161241971433, 56.802763420944345 ], [ 105.802225796971342, 56.802843412940859 ], [ 105.801736538024684, 56.803289876763401 ] ] ] ] } },
{ "type": "Feature", "properties": { "quarter": null }, "geometry": { "type": "MultiPolygon", "coordinates": [ [ [ [ 105.80118951934125, 56.801708626793832 ], [ 105.80449201723107, 56.80249739982127 ], [ 105.804763827756986, 56.802214634040439 ], [ 105.803907624600356, 56.801931866126864 ], [ 105.802766020391516, 56.801656537424847 ], [ 105.801488510919768, 56.801351441096052 ], [ 105.80118951934125, 56.801708626793832 ] ] ] ] } },
{ "type": "Feature", "properties": { "quarter": null }, "geometry": { "type": "MultiPolygon", "coordinates": [ [ [ [ 105.802997059338509, 56.803323361335735 ], [ 105.803377594074803, 56.803442417350759 ], [ 105.803622223548146, 56.803256392161146 ], [ 105.80373094775851, 56.803248951134364 ], [ 105.803228098285544, 56.803092689230695 ], [ 105.802997059338509, 56.803323361335735 ] ] ] ] } },
{ "type": "Feature", "properties": { "quarter": null }, "geometry": { "type": "MultiPolygon", "coordinates": [ [ [ [ 105.808134278278231, 56.803673087303892 ], [ 105.808677899330064, 56.804045132624609 ], [ 105.809493330907827, 56.803375448388827 ], [ 105.808623537224904, 56.803003396421872 ], [ 105.808134278278231, 56.803673087303892 ] ] ] ] } },
{ "type": "Feature", "properties": { "quarter": null }, "geometry": { "type": "MultiPolygon", "coordinates": [ [ [ [ 105.809656417223366, 56.803167099742247 ], [ 105.810363124590737, 56.803271274210282 ], [ 105.810471848801086, 56.803033160715103 ], [ 105.810118495117422, 56.802958749937709 ], [ 105.809656417223366, 56.803167099742247 ] ] ] ] } },
{ "type": "Feature", "properties": { "quarter": null }, "geometry": { "type": "MultiPolygon", "coordinates": [ [ [ [ 105.803975577231796, 56.804268358044702 ], [ 105.805524897229475, 56.804714804897223 ], [ 105.806693682490902, 56.804982670456624 ], [ 105.808079916173071, 56.805295177856735 ], [ 105.808460450909365, 56.804967789086874 ], [ 105.807726562489364, 56.804729686367395 ], [ 105.806992674069406, 56.804580871399736 ], [ 105.807237303542735, 56.804402292658736 ], [ 105.807509114068651, 56.804521345247267 ], [ 105.807645019331616, 56.804283239692118 ], [ 105.807237303542735, 56.804060014360623 ], [ 105.806883949859071, 56.803539150084546 ], [ 105.806421871964986, 56.803747496663426 ], [ 105.805823888807979, 56.803628441617271 ], [ 105.805823888807979, 56.803940960306996 ], [ 105.805171543545811, 56.804223713067032 ], [ 105.804328930915474, 56.804030250882668 ], [ 105.803975577231796, 56.804268358044702 ] ] ] ] } },
{ "type": "Feature", "properties": { "quarter": null }, "geometry": { "type": "MultiPolygon", "coordinates": [ [ [ [ 105.808175049857155, 56.804528786021507 ], [ 105.809126386697869, 56.804714804897223 ], [ 105.809411787750051, 56.804320443784817 ], [ 105.808433269856792, 56.804134422952153 ], [ 105.808175049857155, 56.804528786021507 ] ] ] ] } },
{ "type": "Feature", "properties": { "quarter": null }, "geometry": { "type": "MultiPolygon", "coordinates": [ [ [ [ 105.773845380434409, 56.790708722926702 ], [ 105.774606449906997, 56.790865036445837 ], [ 105.774728764643626, 56.790671505326131 ], [ 105.774008466749947, 56.790485416769272 ], [ 105.773845380434409, 56.790708722926702 ] ] ] ] } },
{ "type": "Feature", "properties": { "quarter": null }, "geometry": { "type": "MultiPolygon", "coordinates": [ [ [ [ 105.77674016253539, 56.79154238750084 ], [ 105.777732270954971, 56.791698697545563 ], [ 105.780654234108525, 56.792480237997431 ], [ 105.780844501476651, 56.792331374405066 ], [ 105.776971201482425, 56.791252095689458 ], [ 105.77674016253539, 56.79154238750084 ] ] ] ] } },
{ "type": "Feature", "properties": { "quarter": null }, "geometry": { "type": "MultiPolygon", "coordinates": [ [ [ [ 105.778683607795642, 56.793142673818309 ], [ 105.780722186740022, 56.793604139048497 ], [ 105.780640643582231, 56.793708340088841 ], [ 105.78141530358107, 56.793953955681189 ], [ 105.781999696211784, 56.793172445939987 ], [ 105.780450376214105, 56.792777963409499 ], [ 105.779295181478972, 56.792599328445881 ], [ 105.778683607795642, 56.793142673818309 ] ] ] ] } },
{ "type": "Feature", "properties": { "quarter": null }, "geometry": { "type": "MultiPolygon", "coordinates": [ [ [ [ 105.776950815692942, 56.79375671904485 ], [ 105.777535208323656, 56.793905576979618 ], [ 105.777643932534033, 56.793793933583935 ], [ 105.777018768324439, 56.793645075206015 ], [ 105.776950815692942, 56.79375671904485 ] ] ] ] } },
{ "type": "Feature", "properties": { "quarter": null }, "geometry": { "type": "MultiPolygon", "coordinates": [ [ [ [ 105.778303073059377, 56.794087927144453 ], [ 105.778765150953419, 56.794188405427818 ], [ 105.778867079900621, 56.794076762874134 ], [ 105.778371025690845, 56.79396139855281 ], [ 105.778303073059377, 56.794087927144453 ] ] ] ] } },
{ "type": "Feature", "properties": { "quarter": null }, "geometry": { "type": "MultiPolygon", "coordinates": [ [ [ [ 105.778255506217278, 56.79506292726645 ], [ 105.779098118847614, 56.795263878339327 ], [ 105.779560196741656, 56.794646136423175 ], [ 105.778785536742816, 56.794474953127711 ], [ 105.778255506217278, 56.79506292726645 ] ] ] ] } },
{ "type": "Feature", "properties": { "quarter": null }, "geometry": { "type": "MultiPolygon", "coordinates": [ [ [ [ 105.779274795689474, 56.795301091382804 ], [ 105.780049455688328, 56.79549459861358 ], [ 105.780538714634943, 56.794854532423855 ], [ 105.781231831476035, 56.794988500669888 ], [ 105.781449279896762, 56.794713120978265 ], [ 105.780620257792734, 56.794534495232149 ], [ 105.78051153358237, 56.794631250950246 ], [ 105.779981503056831, 56.794504724191746 ], [ 105.779600968320565, 56.794943844641054 ], [ 105.779899959899083, 56.795025713986639 ], [ 105.779682511478327, 56.795286206169848 ], [ 105.779356338847251, 56.795189452141585 ], [ 105.779274795689474, 56.795301091382804 ] ] ] ] } },
{ "type": "Feature", "properties": { "quarter": null }, "geometry": { "type": "MultiPolygon", "coordinates": [ [ [ [ 105.781109516739363, 56.795479713477427 ], [ 105.78305296199963, 56.795859282603516 ], [ 105.783596583051462, 56.795248993111585 ], [ 105.78170749989637, 56.794847089729473 ], [ 105.781109516739363, 56.795479713477427 ] ] ] ] } },
{ "type": "Feature", "properties": { "quarter": null }, "geometry": { "type": "MultiPolygon", "coordinates": [ [ [ [ 105.782536522000385, 56.796142096317304 ], [ 105.786858309362387, 56.797169138708384 ], [ 105.787021395677939, 56.796930986456182 ], [ 105.785322579891002, 56.796543985820392 ], [ 105.785118721996554, 56.796410023131273 ], [ 105.785522673663834, 56.795880279040894 ], [ 105.78581183883766, 56.795970919850596 ], [ 105.785961334626919, 56.79581462761162 ], [ 105.785635161995799, 56.795732759988368 ], [ 105.783596583051462, 56.795248993111585 ], [ 105.78305296199963, 56.795859282603516 ], [ 105.782736024440695, 56.795797382633815 ], [ 105.782536522000385, 56.796142096317304 ] ] ] ] } },
{ "type": "Feature", "properties": { "quarter": null }, "geometry": { "type": "MultiPolygon", "coordinates": [ [ [ [ 105.78672919936254, 56.796676087447956 ], [ 105.787109734098834, 56.796787722263353 ], [ 105.787524245150848, 56.79621466001845 ], [ 105.787028190941072, 56.796073253701806 ], [ 105.786878695151813, 56.796244429701368 ], [ 105.787062167256806, 56.796277920566418 ], [ 105.78672919936254, 56.796676087447956 ] ] ] ] } },
{ "type": "Feature", "properties": { "quarter": null }, "geometry": { "type": "MultiPolygon", "coordinates": [ [ [ [ 105.787864008308219, 56.797442639819529 ], [ 105.789630776726653, 56.797889167958679 ], [ 105.789929768305157, 56.797561714509904 ], [ 105.789304604095548, 56.797338449155262 ], [ 105.78971231988443, 56.79670585676454 ], [ 105.788706620938555, 56.796430489684184 ], [ 105.787864008308219, 56.797442639819529 ] ] ] ] } },
{ "type": "Feature", "properties": { "quarter": null }, "geometry": { "type": "MultiPolygon", "coordinates": [ [ [ [ 105.789630776726653, 56.797889167958679 ], [ 105.792511968301326, 56.798566392154839 ], [ 105.792865321985033, 56.798328248776919 ], [ 105.793707934615341, 56.79816452432722 ], [ 105.794251555667174, 56.797978472948401 ], [ 105.794333098824922, 56.79782963118069 ], [ 105.791587812513242, 56.797182162616039 ], [ 105.79109855356657, 56.79779986275625 ], [ 105.789929768305157, 56.797561714509904 ], [ 105.789630776726653, 56.797889167958679 ] ] ] ] } },
{ "type": "Feature", "properties": { "quarter": null }, "geometry": { "type": "MultiPolygon", "coordinates": [ [ [ [ 105.783229638841405, 56.79422748024308 ], [ 105.783718897788034, 56.794309351152563 ], [ 105.783678126209153, 56.794413550233436 ], [ 105.78393634620879, 56.79446564966532 ], [ 105.783827621998412, 56.794584733809209 ], [ 105.785159493575378, 56.794927098616498 ], [ 105.785730295679784, 56.794867557135404 ], [ 105.786260326205337, 56.794941983972002 ], [ 105.787198072519715, 56.794934541294985 ], [ 105.787116529361953, 56.794458206893772 ], [ 105.784819730418008, 56.793825565913089 ], [ 105.784534329365783, 56.794063737887846 ], [ 105.783487858841028, 56.793766022683045 ], [ 105.783229638841405, 56.79422748024308 ] ] ] ] } },
{ "type": "Feature", "properties": { "quarter": null }, "geometry": { "type": "MultiPolygon", "coordinates": [ [ [ [ 105.789209470411478, 56.795924404371334 ], [ 105.792389653564669, 56.796676087447928 ], [ 105.793069179879438, 56.795827651989718 ], [ 105.789861815673646, 56.795098279848041 ], [ 105.789209470411478, 56.795924404371334 ] ] ] ] } },
{ "type": "Feature", "properties": { "quarter": null }, "geometry": { "type": "MultiPolygon", "coordinates": [ [ [ [ 105.794917491455635, 56.797338449155241 ], [ 105.798804381976183, 56.798305922757677 ], [ 105.800380883026449, 56.798514298420166 ], [ 105.801154976758156, 56.79763427546515 ], [ 105.800538872899395, 56.797579699717936 ], [ 105.800457329741647, 56.79738620324688 ], [ 105.800312930394981, 56.797517061545314 ], [ 105.799850852500924, 56.797435197638819 ], [ 105.799483908290938, 56.797383102332518 ], [ 105.799348003027973, 56.796958895001445 ], [ 105.798056903029888, 56.796214660018414 ], [ 105.795773694612208, 56.796184890311856 ], [ 105.794917491455635, 56.797338449155241 ] ], [ [ 105.79579808826287, 56.797209593420781 ], [ 105.796338966127919, 56.796581954089007 ], [ 105.797884331456629, 56.796737101867585 ], [ 105.797845697323424, 56.797040343399509 ], [ 105.797910087545446, 56.797146124752324 ], [ 105.797935843634278, 56.797244853745724 ], [ 105.797562380346506, 56.797583351178126 ], [ 105.796738185504495, 56.797399998781557 ], [ 105.79579808826287, 56.797209593420781 ] ] ] ] } },
{ "type": "Feature", "properties": { "quarter": null }, "geometry": { "type": "MultiPolygon", "coordinates": [ [ [ [ 105.79483594829783, 56.79874499869571 ], [ 105.797866635661762, 56.799578484637252 ], [ 105.798219989345426, 56.799280813213642 ], [ 105.798627705134308, 56.799414765646716 ], [ 105.798845153555021, 56.799794294941591 ], [ 105.799864443027204, 56.799779411512212 ], [ 105.80004111986905, 56.799429649220848 ], [ 105.799524679869805, 56.799310580462326 ], [ 105.799687766185343, 56.799117092923318 ], [ 105.795148530402628, 56.798060335668808 ], [ 105.79483594829783, 56.79874499869571 ] ] ] ] } },
{ "type": "Feature", "properties": { "quarter": null }, "geometry": { "type": "MultiPolygon", "coordinates": [ [ [ [ 105.790983034092974, 56.80518542853082 ], [ 105.791438316723884, 56.805285877078795 ], [ 105.791696536723478, 56.805036615372373 ], [ 105.791261639882009, 56.804917564420272 ], [ 105.790983034092974, 56.80518542853082 ] ] ] ] } },
{ "type": "Feature", "properties": { "quarter": null }, "geometry": { "type": "MultiPolygon", "coordinates": [ [ [ [ 105.803948396178967, 56.799143139380945 ], [ 105.804247387757471, 56.799120813846933 ], [ 105.804220206704883, 56.799009185977454 ], [ 105.804464836178212, 56.798942209096239 ], [ 105.804791008809303, 56.799024069712587 ], [ 105.805022047756339, 56.799098488299627 ], [ 105.805198724598185, 56.799314301366771 ], [ 105.806517005648857, 56.799589647269656 ], [ 105.80673445406957, 56.799515229657452 ], [ 105.806856768806227, 56.799433370113448 ], [ 105.806992674069178, 56.799232441384085 ], [ 105.807006264595486, 56.799158023062894 ], [ 105.806367509859598, 56.799158023062894 ], [ 105.806517005648857, 56.79886034830119 ], [ 105.806911130911431, 56.79892732532862 ], [ 105.806911130911431, 56.798711510034096 ], [ 105.807074217226955, 56.798696626174888 ], [ 105.807047036174396, 56.798488251525669 ], [ 105.805552078281849, 56.798354295782524 ], [ 105.80477741828301, 56.798324527774611 ], [ 105.803662995126757, 56.79864453262114 ], [ 105.803948396178967, 56.799143139380945 ] ] ] ] } },
{ "type": "Feature", "properties": { "quarter": null }, "geometry": { "type": "MultiPolygon", "coordinates": [ [ [ [ 105.807509114068452, 56.800259399132749 ], [ 105.808093506699151, 56.800281723988817 ], [ 105.808528403540606, 56.799798015798011 ], [ 105.809452559328705, 56.799775690653931 ], [ 105.810132085643502, 56.800073358148644 ], [ 105.811844491956762, 56.800080799805727 ], [ 105.81335304037556, 56.80016265793622 ], [ 105.813747165638134, 56.799664064734145 ], [ 105.814182062479603, 56.799798015798011 ], [ 105.814616959321057, 56.799455695461354 ], [ 105.814182062479603, 56.79934406858888 ], [ 105.814114109848106, 56.799217557731652 ], [ 105.814154881427015, 56.798741277734777 ], [ 105.807944010909907, 56.798555229217769 ], [ 105.807509114068452, 56.800259399132749 ] ] ] ] } },
{ "type": "Feature", "properties": { "quarter": null }, "geometry": { "type": "MultiPolygon", "coordinates": [ [ [ [ 105.799123759343971, 56.796367229393567 ], [ 105.799966371974307, 56.796828654945692 ], [ 105.801012842499063, 56.796285362976754 ], [ 105.800781803552013, 56.796196053954574 ], [ 105.800265363552811, 56.796181169096855 ], [ 105.800197410921314, 56.79612162960693 ], [ 105.799728537764125, 56.796103023496947 ], [ 105.799422750922474, 56.796054647567772 ], [ 105.799269857501656, 56.796199775168084 ], [ 105.799392172238313, 56.796235126677949 ], [ 105.799123759343971, 56.796367229393567 ] ] ] ] } },
{ "type": "Feature", "properties": { "quarter": null }, "geometry": { "type": "MultiPolygon", "coordinates": [ [ [ [ 105.795162120928751, 56.785257811976692 ], [ 105.795189301981324, 56.785481149257009 ], [ 105.795896009348709, 56.785615150986978 ], [ 105.799565451448515, 56.785823597171088 ], [ 105.800462426184026, 56.785644929084192 ], [ 105.800408064078852, 56.78546626014635 ], [ 105.795162120928751, 56.785257811976692 ] ] ] ] } },
{ "type": "Feature", "properties": { "quarter": null }, "geometry": { "type": "MultiPolygon", "coordinates": [ [ [ [ 105.800272158815901, 56.785228033572189 ], [ 105.801060409341019, 56.785287590357555 ], [ 105.801087590393649, 56.785049362648792 ], [ 105.800272158815901, 56.78500469478498 ], [ 105.800272158815901, 56.785228033572189 ] ] ] ] } },
{ "type": "Feature", "properties": { "quarter": null }, "geometry": { "type": "MultiPolygon", "coordinates": [ [ [ [ 105.80179429776102, 56.784900469562579 ], [ 105.803479523021664, 56.784960026867985 ], [ 105.803561066179441, 56.784602681617329 ], [ 105.801957384076573, 56.784528234261671 ], [ 105.80179429776102, 56.784900469562579 ] ] ] ] } },
{ "type": "Feature", "properties": { "quarter": null }, "geometry": { "type": "MultiPolygon", "coordinates": [ [ [ [ 105.796616307242374, 56.785116364344773 ], [ 105.797187109346766, 56.785131253594308 ], [ 105.797268652504556, 56.78434211522616 ], [ 105.796725031452738, 56.78434211522616 ], [ 105.796616307242374, 56.785116364344773 ] ] ] ] } },
{ "type": "Feature", "properties": { "quarter": null }, "geometry": { "type": "MultiPolygon", "coordinates": [ [ [ [ 105.796806574610514, 56.784178329711146 ], [ 105.798355894608221, 56.784230443361672 ], [ 105.798383075660809, 56.783776307688115 ], [ 105.799035420922976, 56.783806087244962 ], [ 105.79908978302818, 56.783344501457407 ], [ 105.796888117768262, 56.783240271622638 ], [ 105.796806574610514, 56.784178329711146 ] ] ] ] } },
{ "type": "Feature", "properties": { "quarter": null }, "geometry": { "type": "MultiPolygon", "coordinates": [ [ [ [ 105.795257254612778, 56.783806087244962 ], [ 105.796018324085367, 56.783843311657783 ], [ 105.796195000927213, 56.782994585866355 ], [ 105.79536597882317, 56.782987140818328 ], [ 105.795257254612778, 56.783806087244962 ] ] ] ] } },
{ "type": "Feature", "properties": { "quarter": null }, "geometry": { "type": "MultiPolygon", "coordinates": [ [ [ [ 105.801209905130278, 56.784327225663461 ], [ 105.805205519861204, 56.78452078951797 ], [ 105.805273472492672, 56.784260222558046 ], [ 105.804390088283455, 56.784215553754628 ], [ 105.804430859862336, 56.784029433167888 ], [ 105.803900829336825, 56.783984764089674 ], [ 105.803900829336825, 56.78359762985059 ], [ 105.802867949338363, 56.783567850128279 ], [ 105.803017445127608, 56.783091371356342 ], [ 105.801998155655454, 56.783031811084363 ], [ 105.801943793550237, 56.783478510819492 ], [ 105.80138658197211, 56.783448731002608 ], [ 105.801209905130278, 56.784327225663461 ] ] ] ] } },
{ "type": "Feature", "properties": { "quarter": null }, "geometry": { "type": "MultiPolygon", "coordinates": [ [ [ [ 105.796086276716835, 56.782212847756213 ], [ 105.796942479873465, 56.782235183356832 ], [ 105.796942479873465, 56.781974600522233 ], [ 105.796127048295716, 56.781952264766474 ], [ 105.796086276716835, 56.782212847756213 ] ] ] ] } },
{ "type": "Feature", "properties": { "quarter": null }, "geometry": { "type": "MultiPolygon", "coordinates": [ [ [ [ 105.798355894608164, 56.782734008306143 ], [ 105.804607536704168, 56.782972250717833 ], [ 105.804716260914546, 56.782540435232676 ], [ 105.798410256713382, 56.782291022300221 ], [ 105.798355894608164, 56.782734008306143 ] ] ] ] } },
{ "type": "Feature", "properties": { "quarter": null }, "geometry": { "type": "MultiPolygon", "coordinates": [ [ [ [ 105.806374305122588, 56.785101475089348 ], [ 105.808066325646408, 56.78518708822741 ], [ 105.808141073541009, 56.784799966395319 ], [ 105.806421871964616, 56.784721797079087 ], [ 105.806374305122588, 56.785101475089348 ] ] ] ] } },
{ "type": "Feature", "properties": { "quarter": null }, "geometry": { "type": "MultiPolygon", "coordinates": [ [ [ [ 105.806415076701455, 56.78456545795796 ], [ 105.806931516700715, 56.784580347426136 ], [ 105.807006264595316, 56.784148550449771 ], [ 105.806510210385554, 56.784118771164749 ], [ 105.806415076701455, 56.78456545795796 ] ] ] ] } },
{ "type": "Feature", "properties": { "quarter": null }, "geometry": { "type": "MultiPolygon", "coordinates": [ [ [ [ 105.806544186701274, 56.783679523965105 ], [ 105.80797798722547, 56.78374280565842 ], [ 105.807964396699177, 56.783772585241849 ], [ 105.808936119329317, 56.783802364801666 ], [ 105.808976890908198, 56.783765140348216 ], [ 105.809398197223359, 56.783794919913909 ], [ 105.809466149854828, 56.783348223946163 ], [ 105.808956505118758, 56.783314721534175 ], [ 105.808966698013492, 56.783350085190385 ], [ 105.808045939856967, 56.783312860288184 ], [ 105.808008565909631, 56.783271912853088 ], [ 105.806622332227491, 56.78320490786291 ], [ 105.806544186701274, 56.783679523965105 ] ] ] ] } },
{ "type": "Feature", "properties": { "quarter": null }, "geometry": { "type": "MultiPolygon", "coordinates": [ [ [ [ 105.810706285379283, 56.783688830103145 ], [ 105.811494535904458, 56.78373349953371 ], [ 105.811535307483325, 56.783450592241849 ], [ 105.810740261695059, 56.783409644957096 ], [ 105.810706285379283, 56.783688830103145 ] ] ] ] } },
{ "type": "Feature", "properties": { "quarter": null }, "geometry": { "type": "MultiPolygon", "coordinates": [ [ [ [ 105.81367581537485, 56.783458037197946 ], [ 105.814776648004766, 56.783487817007405 ], [ 105.8148719, 56.7830942 ], [ 105.81374123443851, 56.78302349579851 ], [ 105.81367581537485, 56.783458037197946 ] ] ] ] } },
{ "type": "Feature", "properties": { "quarter": null }, "geometry": { "type": "MultiPolygon", "coordinates": [ [ [ [ 105.811365425904583, 56.784798105223011 ], [ 105.811868275377506, 56.784827883968781 ], [ 105.811949818535297, 56.784753437060033 ], [ 105.814178664847773, 56.784879996717017 ], [ 105.814205845900361, 56.784932109392848 ], [ 105.815089230109592, 56.784976777343097 ], [ 105.815034868004389, 56.784425868906418 ], [ 105.814273798531843, 56.784381200300224 ], [ 105.814314570110724, 56.783584601225002 ], [ 105.813499138533004, 56.783562266427715 ], [ 105.81339041432264, 56.783971735598513 ], [ 105.813152580112487, 56.783982902876943 ], [ 105.81310501327043, 56.784410979376943 ], [ 105.812065338008821, 56.78435886597719 ], [ 105.811446969062374, 56.784384922686115 ], [ 105.811365425904583, 56.784798105223011 ] ] ] ] } },
{ "type": "Feature", "properties": { "quarter": null }, "geometry": { "type": "MultiPolygon", "coordinates": [ [ [ [ 105.815146989846355, 56.785334119030338 ], [ 105.815935240371473, 56.785358313917364 ], [ 105.815959023792516, 56.785094030459419 ], [ 105.815177568530501, 56.785081002353472 ], [ 105.815146989846355, 56.785334119030338 ] ] ] ] } },
{ "type": "Feature", "properties": { "quarter": null }, "geometry": { "type": "MultiPolygon", "coordinates": [ [ [ [ 105.811212532483765, 56.78574729111309 ], [ 105.812958915112759, 56.785844069501707 ], [ 105.813013277217919, 56.785464399007097 ], [ 105.811300870904688, 56.785375064214648 ], [ 105.811212532483765, 56.78574729111309 ] ] ] ] } },
{ "type": "Feature", "properties": { "quarter": null }, "geometry": { "type": "MultiPolygon", "coordinates": [ [ [ [ 105.813509331427724, 56.785799402584139 ], [ 105.815901264055753, 56.785881291892387 ], [ 105.815955626160942, 56.785598400796914 ], [ 105.814120905111025, 56.785561178125533 ], [ 105.814086928795305, 56.785445787609554 ], [ 105.813509331427724, 56.785427176202759 ], [ 105.813509331427724, 56.785799402584139 ] ] ] ] } },
{ "type": "Feature", "properties": { "quarter": null }, "geometry": { "type": "MultiPolygon", "coordinates": [ [ [ [ 105.788876502516828, 56.790422146449558 ], [ 105.790289917251584, 56.790719888199611 ], [ 105.790684042514172, 56.790198838585923 ], [ 105.791132529881935, 56.790198838585923 ], [ 105.791037396197837, 56.790526356330929 ], [ 105.79162178882855, 56.790600791783213 ], [ 105.791458702512998, 56.791032514493352 ], [ 105.792410039353712, 56.791211156919836 ], [ 105.793239061457726, 56.791337694790435 ], [ 105.793361376194397, 56.791278147610392 ], [ 105.794312713035069, 56.791464232234127 ], [ 105.794380665666552, 56.79138235511342 ], [ 105.794176807772146, 56.791240930574851 ], [ 105.794502980403237, 56.790913419069682 ], [ 105.794693247771363, 56.790541243433204 ], [ 105.795916395137979, 56.790697557650347 ], [ 105.795481498296525, 56.791553552525578 ], [ 105.796228977242777, 56.791694975885335 ], [ 105.796786188820903, 56.790623122390102 ], [ 105.796595921452735, 56.790466807862735 ], [ 105.79567176566465, 56.790265831084611 ], [ 105.794108855140635, 56.789968085730102 ], [ 105.791513064618172, 56.789558682008312 ], [ 105.789263832517335, 56.789140899512965 ], [ 105.788910478833657, 56.789888996723192 ], [ 105.788876502516828, 56.790422146449558 ] ] ] ] } },
{ "type": "Feature", "properties": { "quarter": null }, "geometry": { "type": "MultiPolygon", "coordinates": [ [ [ [ 105.727189103660933, 56.778488200377872 ], [ 105.728493794185312, 56.778436078751007 ], [ 105.728575337343102, 56.778272267452351 ], [ 105.729159729973816, 56.778287159418149 ], [ 105.72922768260527, 56.777944642709713 ], [ 105.727474504713143, 56.777721260563311 ], [ 105.727189103660933, 56.778488200377872 ] ] ] ] } },
{ "type": "Feature", "properties": { "quarter": null }, "geometry": { "type": "MultiPolygon", "coordinates": [ [ [ [ 105.731850654180334, 56.778622227085975 ], [ 105.732937896284, 56.778778590973715 ], [ 105.733128163652125, 56.778577551569803 ], [ 105.732869943652503, 56.778547767862811 ], [ 105.732937896284, 56.778458416599953 ], [ 105.733413564704335, 56.778480754435613 ], [ 105.73359024154621, 56.778108455438584 ], [ 105.732163236285146, 56.77804888725629 ], [ 105.731850654180334, 56.778622227085975 ] ] ] ] } },
{ "type": "Feature", "properties": { "quarter": null }, "geometry": { "type": "MultiPolygon", "coordinates": [ [ [ [ 105.733236887862489, 56.778912616644611 ], [ 105.739869064694787, 56.779895456937325 ], [ 105.740847582588074, 56.780066706778946 ], [ 105.741717376270998, 56.778272267452365 ], [ 105.740467047851809, 56.778056333284255 ], [ 105.739148766801108, 56.77798187293817 ], [ 105.739135176274829, 56.778160577520545 ], [ 105.7398418836422, 56.778264821467253 ], [ 105.739515711011123, 56.778994520985599 ], [ 105.73783048575045, 56.778696686161403 ], [ 105.737993572065989, 56.778123347469396 ], [ 105.737517903645653, 56.778026549163535 ], [ 105.737314045751219, 56.77823503751204 ], [ 105.737246093119737, 56.778309497355757 ], [ 105.736063717332016, 56.778190361534875 ], [ 105.736036536279428, 56.777929750607996 ], [ 105.734840569965385, 56.777937196659586 ], [ 105.734582349965791, 56.77811590145474 ], [ 105.73359024154621, 56.778108455438584 ], [ 105.733236887862489, 56.778912616644611 ] ] ] ] } },
{ "type": "Feature", "properties": { "quarter": null }, "geometry": { "type": "MultiPolygon", "coordinates": [ [ [ [ 105.741581471008004, 56.779165774939088 ], [ 105.742899752058662, 56.779351919654168 ], [ 105.74329387732125, 56.778778590973729 ], [ 105.742328949954242, 56.778711577958767 ], [ 105.74243767416462, 56.778339281251881 ], [ 105.741965403375872, 56.778259236977455 ], [ 105.741581471008004, 56.779165774939088 ] ] ] ] } },
{ "type": "Feature", "properties": { "quarter": null }, "geometry": { "type": "MultiPolygon", "coordinates": [ [ [ [ 105.742753653900991, 56.780336609833988 ], [ 105.745077633897552, 56.780634431641587 ], [ 105.745267901265677, 56.780545085347519 ], [ 105.745512530739006, 56.780582312995904 ], [ 105.745865884422713, 56.78000155747479 ], [ 105.743732171794292, 56.779688839240194 ], [ 105.742821606532488, 56.779569707798615 ], [ 105.742685701269522, 56.779837753010284 ], [ 105.742793667242992, 56.779963762779282 ], [ 105.7427944254799, 56.780165361224199 ], [ 105.742753653900991, 56.780336609833988 ] ] ] ] } },
{ "type": "Feature", "properties": { "quarter": null }, "geometry": { "type": "MultiPolygon", "coordinates": [ [ [ [ 105.743888462846684, 56.779506419066422 ], [ 105.745315468107719, 56.779688839240194 ], [ 105.745872679685817, 56.778966599071268 ], [ 105.744065139688516, 56.778728331223725 ], [ 105.743596266531327, 56.778627811521751 ], [ 105.743405999163159, 56.779178805099207 ], [ 105.743888462846684, 56.779506419066422 ] ] ] ] } },
{ "type": "Feature", "properties": { "quarter": null }, "geometry": { "type": "MultiPolygon", "coordinates": [ [ [ [ 105.747727786525118, 56.781021596457364 ], [ 105.749983813890182, 56.781349194334972 ], [ 105.750962331783484, 56.78144598406957 ], [ 105.751750582308645, 56.781557664222355 ], [ 105.752362155991946, 56.780559976411283 ], [ 105.752566013886351, 56.780210034849908 ], [ 105.750989512836057, 56.779934546643894 ], [ 105.750962331783484, 56.779785633257966 ], [ 105.749752774943175, 56.779629273566663 ], [ 105.749528531259273, 56.77962368927993 ], [ 105.749480964417259, 56.779694423517228 ], [ 105.748380131787286, 56.779552954909278 ], [ 105.748081140208825, 56.77999597324343 ], [ 105.748026778103622, 56.780167222626325 ], [ 105.747496747578083, 56.780159777017225 ], [ 105.747700605472545, 56.780673520578326 ], [ 105.747727786525118, 56.781021596457364 ] ], [ [ 105.750078615987931, 56.78092812326144 ], [ 105.750271786654039, 56.780642389406253 ], [ 105.750368371987079, 56.780642389406253 ], [ 105.750745054785952, 56.780626515239383 ], [ 105.751256957051126, 56.780690011866554 ], [ 105.751372859450754, 56.780790547973162 ], [ 105.751179688784688, 56.781123902609671 ], [ 105.750088274521246, 56.780981036699544 ], [ 105.750078615987931, 56.78092812326144 ] ], [ [ 105.748880957858191, 56.780711177385072 ], [ 105.748996860257847, 56.780414859039404 ], [ 105.749489445456362, 56.78043602471314 ], [ 105.749788859988797, 56.780525978693255 ], [ 105.749267299190365, 56.780515395883256 ], [ 105.749257640657049, 56.780848752964381 ], [ 105.749112762657489, 56.780848752964381 ], [ 105.748880957858191, 56.780711177385072 ] ] ] ] } },
{ "type": "Feature", "properties": { "quarter": null }, "geometry": { "type": "MultiPolygon", "coordinates": [ [ [ [ 105.748971319681189, 56.781801498067345 ], [ 105.751043874941274, 56.782103030859723 ], [ 105.751200165993666, 56.781861060292471 ], [ 105.749046067575819, 56.781563248221254 ], [ 105.748971319681189, 56.781801498067345 ] ] ] ] } },
{ "type": "Feature", "properties": { "quarter": null }, "geometry": { "type": "MultiPolygon", "coordinates": [ [ [ [ 105.751376842835484, 56.782199818649673 ], [ 105.752253431781554, 56.782315219149837 ], [ 105.752314589149861, 56.782251935048542 ], [ 105.752640761780953, 56.782296606189952 ], [ 105.752844619675415, 56.782088140408341 ], [ 105.751424409677526, 56.781939235569453 ], [ 105.751376842835484, 56.782199818649673 ] ] ] ] } },
{ "type": "Feature", "properties": { "quarter": null }, "geometry": { "type": "MultiPolygon", "coordinates": [ [ [ [ 105.755834535460437, 56.782132811744759 ], [ 105.759599111244327, 56.782713534278258 ], [ 105.75985733124395, 56.781969016584505 ], [ 105.75985733124395, 56.781537189552537 ], [ 105.758362373351446, 56.781276601870118 ], [ 105.758090562825529, 56.781760548982703 ], [ 105.756079164933766, 56.781522298876595 ], [ 105.755834535460437, 56.782132811744759 ] ] ] ] } },
{ "type": "Feature", "properties": { "quarter": null }, "geometry": { "type": "MultiPolygon", "coordinates": [ [ [ [ 105.759055490192495, 56.780703302598013 ], [ 105.758090562825529, 56.780651184048004 ], [ 105.757805161773319, 56.78105323955895 ], [ 105.759041899666201, 56.781239374910591 ], [ 105.759232167034341, 56.780963894262172 ], [ 105.759001128087334, 56.780896885149971 ], [ 105.759055490192495, 56.780703302598013 ] ] ] ] } },
{ "type": "Feature", "properties": { "quarter": null }, "geometry": { "type": "MultiPolygon", "coordinates": [ [ [ [ 105.744092320741004, 56.786882560342256 ], [ 105.743820510215073, 56.787053778293568 ], [ 105.743507928110276, 56.787001668565033 ], [ 105.742760449164038, 56.787783306892386 ], [ 105.744799028108375, 56.788587260751484 ], [ 105.746144490211634, 56.789019006638249 ], [ 105.747286094420474, 56.789510297636838 ], [ 105.749012091260028, 56.789942032899098 ], [ 105.750017790205902, 56.789629397515874 ], [ 105.750099333363693, 56.789540072642041 ], [ 105.750588592310322, 56.788594704688187 ], [ 105.747938439682684, 56.787902412255079 ], [ 105.747503542841216, 56.78833416602464 ], [ 105.747354047051957, 56.788304390062137 ], [ 105.747326865999383, 56.788363941963482 ], [ 105.746538615474208, 56.788140621845955 ], [ 105.746171671264221, 56.788170397938437 ], [ 105.746226033369425, 56.787917300398838 ], [ 105.746321167053495, 56.787597204006033 ], [ 105.744092320741004, 56.786882560342256 ] ] ] ] } },
{ "type": "Feature", "properties": { "quarter": null }, "geometry": { "type": "MultiPolygon", "coordinates": [ [ [ [ 105.75325573309577, 56.791881058440957 ], [ 105.753432409937645, 56.791974099372538 ], [ 105.753765377831883, 56.791758244057817 ], [ 105.753466386253379, 56.791560995873567 ], [ 105.753989621515743, 56.791333973094432 ], [ 105.753500362569113, 56.791103227222237 ], [ 105.753045079938204, 56.79140840694393 ], [ 105.753255733095784, 56.791616820936632 ], [ 105.75325573309577, 56.791881058440957 ] ] ] ] } },
{ "type": "Feature", "properties": { "quarter": null }, "geometry": { "type": "MultiPolygon", "coordinates": [ [ [ [ 105.756864017827269, 56.788985509290363 ], [ 105.757203780984639, 56.789126942333446 ], [ 105.757462000984262, 56.788937124179519 ], [ 105.757203780984639, 56.788821744047944 ], [ 105.757217371510933, 56.788799412368569 ], [ 105.757095056774261, 56.788721251386072 ], [ 105.757047489932248, 56.788780802625602 ], [ 105.756945560985017, 56.788739861158589 ], [ 105.756796065195758, 56.788806856263164 ], [ 105.756959151511296, 56.788888739006261 ], [ 105.756864017827269, 56.788985509290363 ] ] ] ] } },
{ "type": "Feature", "properties": { "quarter": null }, "geometry": { "type": "MultiPolygon", "coordinates": [ [ [ [ 105.822676141413552, 56.810120110264087 ], [ 105.823681840359441, 56.810105230933871 ], [ 105.825829143514142, 56.810343299508482 ], [ 105.826481488776324, 56.810001075456945 ], [ 105.827106652985947, 56.810075472255704 ], [ 105.827052290880729, 56.810343299508482 ], [ 105.830015025613193, 56.810373057973969 ], [ 105.830912000348718, 56.810313541019347 ], [ 105.830912000348718, 56.810120110264087 ], [ 105.833766010870775, 56.810149868906798 ], [ 105.833738829818188, 56.809837401979841 ], [ 105.834010640344104, 56.809822522537388 ], [ 105.834554261395951, 56.810209386121329 ], [ 105.83542405507886, 56.809807643089023 ], [ 105.836103581393616, 56.810164748219293 ], [ 105.836728745603239, 56.810134989588391 ], [ 105.837000556129155, 56.809777884174572 ], [ 105.840099196124555, 56.809718366274808 ], [ 105.840072015071968, 56.809584450654739 ], [ 105.838930410863142, 56.809420775358205 ], [ 105.837435452970624, 56.809480293730559 ], [ 105.837571358233575, 56.809078542882986 ], [ 105.833494200344859, 56.809033903634095 ], [ 105.825584514040813, 56.808989264332041 ], [ 105.822676141413552, 56.809048783389628 ], [ 105.822676141413552, 56.810120110264087 ] ] ] ] } },
{ "type": "Feature", "properties": { "quarter": null }, "geometry": { "type": "MultiPolygon", "coordinates": [ [ [ [ 105.824279823516434, 56.808490788514177 ], [ 105.824279823516434, 56.808580068252496 ], [ 105.825829143514156, 56.808580068252496 ], [ 105.826399945618576, 56.808594948188194 ], [ 105.827079471933359, 56.808580068252496 ], [ 105.827799769827038, 56.808565188310872 ], [ 105.828275438247374, 56.80857262828242 ], [ 105.828316209826241, 56.808438708568609 ], [ 105.828723925615137, 56.808461028554142 ], [ 105.830490694033557, 56.808461028554142 ], [ 105.830545056138718, 56.808550308363344 ], [ 105.833127256134887, 56.808580068252496 ], [ 105.833100075082328, 56.808304788376326 ], [ 105.831727431926467, 56.808297348351601 ], [ 105.831047905611669, 56.808200627895943 ], [ 105.830776095085767, 56.808178307755341 ], [ 105.830490694033557, 56.808118787315443 ], [ 105.828927783509542, 56.808103907190684 ], [ 105.828506477194367, 56.808096467126106 ], [ 105.828411343510339, 56.808133667434277 ], [ 105.826984338249275, 56.808148547547212 ], [ 105.82683484246003, 56.808185747803691 ], [ 105.826128135092659, 56.808155987601459 ], [ 105.825910686671932, 56.808155987601459 ], [ 105.825421427725274, 56.808252708172311 ], [ 105.824279823516434, 56.808490788514177 ] ] ] ] } },
{ "type": "Feature", "properties": { "quarter": null }, "geometry": { "type": "MultiPolygon", "coordinates": [ [ [ [ 105.837435452970581, 56.804205110977129 ], [ 105.837652901391323, 56.80435392743648 ], [ 105.838903229810541, 56.804413453854799 ], [ 105.840126377177143, 56.804681321567543 ], [ 105.841865964542976, 56.805261695045438 ], [ 105.842627034015521, 56.805336101251747 ], [ 105.842562479015569, 56.805455150874636 ], [ 105.842236306384464, 56.805455150874636 ], [ 105.842192137174067, 56.805812297474773 ], [ 105.844366621381369, 56.805693248986145 ], [ 105.845182052959089, 56.805559318984507 ], [ 105.845997484536838, 56.805425388504354 ], [ 105.84673986704108, 56.805299518220046 ], [ 105.846603961778129, 56.804242935217815 ], [ 105.846748927391957, 56.804163566278014 ], [ 105.847519057215379, 56.804213171885088 ], [ 105.848225764582764, 56.803960182602772 ], [ 105.848574588090997, 56.803151597565623 ], [ 105.848773915810014, 56.803161518960103 ], [ 105.848837338266051, 56.802695210581014 ], [ 105.848820916374734, 56.802519723344531 ], [ 105.847720083744761, 56.802467635102488 ], [ 105.847502635324048, 56.803107571344647 ], [ 105.846687203746285, 56.803048042852694 ], [ 105.846741565851502, 56.802422987980279 ], [ 105.844866073222704, 56.802311369942124 ], [ 105.844730167959739, 56.802415546788062 ], [ 105.844594262696788, 56.804164186347244 ], [ 105.844621443749361, 56.804640397457533 ], [ 105.84447194796013, 56.804871060039311 ], [ 105.843941917434577, 56.804729686367239 ], [ 105.844172956381627, 56.80453622679407 ], [ 105.844050641644969, 56.804193949718865 ], [ 105.843670106908661, 56.804030250882498 ], [ 105.843615744803486, 56.803673087303721 ], [ 105.84342547743536, 56.803271274210104 ], [ 105.843697287961277, 56.803181981826647 ], [ 105.843588563750913, 56.802928985585233 ], [ 105.842683193373688, 56.802852268007825 ], [ 105.842388633538746, 56.803019518751455 ], [ 105.842008098802481, 56.802821089611299 ], [ 105.841468441648772, 56.802809927939649 ], [ 105.840852904067432, 56.802612737883784 ], [ 105.840111087840427, 56.802486238055721 ], [ 105.839701673230337, 56.802601576150096 ], [ 105.837435452970581, 56.804205110977129 ] ] ] ] } },
{ "type": "Feature", "properties": { "quarter": null }, "geometry": { "type": "MultiPolygon", "coordinates": [ [ [ [ 105.837262173760266, 56.803732614803153 ], [ 105.837567960601902, 56.803892594489525 ], [ 105.838356211127035, 56.803416373879593 ], [ 105.837812590075231, 56.803282435743078 ], [ 105.837540779549315, 56.803312199814776 ], [ 105.837554370075623, 56.803427535369373 ], [ 105.837262173760266, 56.803732614803153 ] ] ] ] } },
{ "type": "Feature", "properties": { "quarter": null }, "geometry": { "type": "MultiPolygon", "coordinates": [ [ [ [ 105.848256909533447, 56.811808875859889 ], [ 105.848705396901195, 56.812032055047453 ], [ 105.849153884268958, 56.81177167919941 ], [ 105.848651034795992, 56.811541059080412 ], [ 105.848256909533447, 56.811808875859889 ] ] ] ] } },
{ "type": "Feature", "properties": { "quarter": null }, "geometry": { "type": "MultiPolygon", "coordinates": [ [ [ [ 105.849588781110413, 56.810983101309496 ], [ 105.849982906373, 56.811213724861972 ], [ 105.850431393740735, 56.810960782825887 ], [ 105.849982906373, 56.810752476337854 ], [ 105.849588781110413, 56.810983101309496 ] ] ] ] } },
{ "type": "Feature", "properties": { "quarter": null }, "geometry": { "type": "MultiPolygon", "coordinates": [ [ [ [ 105.851002195845155, 56.810618564412728 ], [ 105.851545816896973, 56.810886387784485 ], [ 105.852198162159169, 56.810678080882965 ], [ 105.852497153737673, 56.810588806142157 ], [ 105.852932050579113, 56.810306101393358 ], [ 105.85199430426475, 56.810194506826534 ], [ 105.851260415844749, 56.810060592907753 ], [ 105.851002195845155, 56.810291222136982 ], [ 105.85132836847626, 56.810425135231725 ], [ 105.851002195845155, 56.810618564412728 ] ] ] ] } },
{ "type": "Feature", "properties": { "quarter": null }, "geometry": { "type": "MultiPolygon", "coordinates": [ [ [ [ 105.856451996889689, 56.815926317924593 ], [ 105.857281018993731, 56.815628776301487 ], [ 105.857274223730542, 56.815453969496154 ], [ 105.857546034256458, 56.815468846702814 ], [ 105.857593601098486, 56.815818459359228 ], [ 105.858076084730101, 56.815845287473891 ], [ 105.858110041097746, 56.813891829924565 ], [ 105.858042088466277, 56.813624028030603 ], [ 105.857661553729997, 56.813534760307327 ], [ 105.856574311626318, 56.813534760307327 ], [ 105.855867604258975, 56.81347524837367 ], [ 105.855079353733814, 56.813467809375311 ], [ 105.853937749524974, 56.813564516238714 ], [ 105.853149498999855, 56.813650064409842 ], [ 105.852707806895239, 56.813620308546383 ], [ 105.852986412684302, 56.814033169041465 ], [ 105.853665938999058, 56.813973657899325 ], [ 105.853706710577939, 56.814446024987916 ], [ 105.851592978454349, 56.814432384834149 ], [ 105.851772, 56.8153335 ], [ 105.8530194, 56.8154573 ], [ 105.8534875, 56.8172559 ], [ 105.8570107, 56.8171582 ], [ 105.8571345, 56.8170842 ], [ 105.8571301, 56.8167441 ], [ 105.8572316, 56.8166326 ], [ 105.857224491908312, 56.8163350602536 ], [ 105.856438406363367, 56.816294522412178 ], [ 105.856451996889689, 56.815926317924593 ] ] ] ] } },
{ "type": "Feature", "properties": { "quarter": null }, "geometry": { "type": "MultiPolygon", "coordinates": [ [ [ [ 105.855921966364093, 56.812947075820972 ], [ 105.85596273794296, 56.813073540349457 ], [ 105.85596273794296, 56.813326468126036 ], [ 105.856356863205548, 56.813363663243329 ], [ 105.856927665309968, 56.813400858323696 ], [ 105.857566420045856, 56.813400858323696 ], [ 105.857715915835101, 56.813207443502641 ], [ 105.857498467414388, 56.812642071378868 ], [ 105.857117932678094, 56.812701584635676 ], [ 105.856954846362555, 56.812627193049906 ], [ 105.856778169520723, 56.812664388861236 ], [ 105.856519949521115, 56.81277597607378 ], [ 105.855921966364093, 56.812947075820972 ] ] ] ] } },
{ "type": "Feature", "properties": { "quarter": null }, "geometry": { "type": "MultiPolygon", "coordinates": [ [ [ [ 105.856180186363716, 56.812761097797974 ], [ 105.856547130573674, 56.812649510541142 ], [ 105.856139414784806, 56.81227011138256 ], [ 105.855826832680009, 56.812433774235771 ], [ 105.856180186363716, 56.812761097797974 ] ] ] ] } },
{ "type": "Feature", "properties": { "quarter": null }, "geometry": { "type": "MultiPolygon", "coordinates": [ [ [ [ 105.856737397941842, 56.812560240496431 ], [ 105.85737615267773, 56.81251560539436 ], [ 105.857457695835478, 56.812218036688463 ], [ 105.856683035836639, 56.812329625230063 ], [ 105.856737397941842, 56.812560240496431 ] ] ] ] } },
{ "type": "Feature", "properties": { "quarter": null }, "geometry": { "type": "MultiPolygon", "coordinates": [ [ [ [ 105.857879002150682, 56.813073540349457 ], [ 105.858096450571409, 56.813125613854766 ], [ 105.858354670571018, 56.813274394899828 ], [ 105.858884701096528, 56.812969393121733 ], [ 105.859808856884655, 56.812999149502048 ], [ 105.860189391620906, 56.813110735717764 ], [ 105.860434021094235, 56.812723902082602 ], [ 105.86081455583053, 56.812448652641535 ], [ 105.861004823198655, 56.812366821336759 ], [ 105.860406840041662, 56.812225475934909 ], [ 105.860026305305368, 56.812180840434081 ], [ 105.860393249515354, 56.811422028786303 ], [ 105.860080667410529, 56.811392271153707 ], [ 105.860080667410543, 56.811314157255737 ], [ 105.859564227411326, 56.811258361514639 ], [ 105.859441912674654, 56.811674967709365 ], [ 105.858993425306906, 56.811674967709365 ], [ 105.858939063201731, 56.811169088156113 ], [ 105.858286717939521, 56.811198845965905 ], [ 105.858123631623968, 56.811340195239822 ], [ 105.857892592676933, 56.811243482636321 ], [ 105.857145113730681, 56.811466665190899 ], [ 105.857090751625506, 56.811712164465831 ], [ 105.856601492678891, 56.811749361185385 ], [ 105.856519949521115, 56.81200229789922 ], [ 105.856547130573674, 56.812158522663751 ], [ 105.857498467414388, 56.812061812172018 ], [ 105.857688734782514, 56.812210597440547 ], [ 105.857634372677353, 56.812404017406543 ], [ 105.857702325308807, 56.812820610865749 ], [ 105.857879002150682, 56.813073540349457 ] ] ] ] } },
{ "type": "Feature", "properties": { "quarter": null }, "geometry": { "type": "MultiPolygon", "coordinates": [ [ [ [ 105.859190487938179, 56.814181946483338 ], [ 105.859557432148165, 56.814300968011523 ], [ 105.859951557410739, 56.814605958952036 ], [ 105.86018259635776, 56.814494377188588 ], [ 105.860318501620711, 56.814568765067804 ], [ 105.86112034267218, 56.814193104767654 ], [ 105.860970846882921, 56.814103838399994 ], [ 105.861099956882697, 56.813713295541227 ], [ 105.860943665830305, 56.813702137114035 ], [ 105.860576721620347, 56.813836038021151 ], [ 105.860325296883872, 56.813929024480693 ], [ 105.859795266358319, 56.814081521774852 ], [ 105.859190487938179, 56.814181946483338 ] ] ] ] } },
{ "type": "Feature", "properties": { "quarter": null }, "geometry": { "type": "MultiPolygon", "coordinates": [ [ [ [ 105.85940793635892, 56.813958780099021 ], [ 105.860114643726263, 56.813847196408481 ], [ 105.860474792673116, 56.813702137114035 ], [ 105.860726217409606, 56.813594272146467 ], [ 105.860338887410151, 56.813393419310565 ], [ 105.860325296883872, 56.813315309583665 ], [ 105.860223367936641, 56.813426894857976 ], [ 105.859951557410739, 56.813348785200837 ], [ 105.85940793635892, 56.813958780099021 ] ] ] ] } },
{ "type": "Feature", "properties": { "quarter": null }, "geometry": { "type": "MultiPolygon", "coordinates": [ [ [ [ 105.860862122672501, 56.813508723847974 ], [ 105.862445418985942, 56.813620308546376 ], [ 105.862696843722389, 56.813274394899828 ], [ 105.862547347933159, 56.813129333388083 ], [ 105.862520166880557, 56.812995429955784 ], [ 105.862744410564446, 56.812589997201641 ], [ 105.862003726881326, 56.81247097023909 ], [ 105.861949364776137, 56.812612314715011 ], [ 105.861398948461186, 56.812537922952039 ], [ 105.860766988988416, 56.812947075820972 ], [ 105.860501973725647, 56.813162809171402 ], [ 105.860542745304556, 56.81331902909816 ], [ 105.860862122672501, 56.813508723847974 ] ] ] ] } },
{ "type": "Feature", "properties": { "quarter": null }, "geometry": { "type": "MultiPolygon", "coordinates": [ [ [ [ 105.861235862145605, 56.810443734234802 ], [ 105.861765892671158, 56.810432574834046 ], [ 105.861752302144851, 56.810142429248302 ], [ 105.861208681093018, 56.810134989588349 ], [ 105.861235862145605, 56.810443734234802 ] ] ] ] } },
{ "type": "Feature", "properties": { "quarter": null }, "geometry": { "type": "MultiPolygon", "coordinates": [ [ [ [ 105.858327489518345, 56.810443734234802 ], [ 105.85990399056864, 56.810380497586621 ], [ 105.859897195305507, 56.810164748219265 ], [ 105.859462298464038, 56.810172187873277 ], [ 105.859088558990933, 56.810172187873277 ], [ 105.85855852846538, 56.81016846804647 ], [ 105.858300308465758, 56.810242864512944 ], [ 105.858327489518345, 56.810443734234802 ] ] ] ] } },
{ "type": "Feature", "properties": { "quarter": null }, "geometry": { "type": "MultiPolygon", "coordinates": [ [ [ [ 105.862683253196138, 56.80970720665804 ], [ 105.862024112670781, 56.809696047037988 ], [ 105.862010522144487, 56.809867160846984 ], [ 105.862248356354655, 56.80988204027171 ], [ 105.862295923196697, 56.809919238807701 ], [ 105.862730820038166, 56.80988204027171 ], [ 105.862683253196138, 56.80970720665804 ] ] ] ] } },
{ "type": "Feature", "properties": { "quarter": null }, "geometry": { "type": "MultiPolygon", "coordinates": [ [ [ [ 105.862764796353886, 56.810778514712155 ], [ 105.862764796353886, 56.810666921551991 ], [ 105.862119246354823, 56.810700399534923 ], [ 105.862098860565382, 56.810823151883199 ], [ 105.861541648987284, 56.810878948272212 ], [ 105.861528058460962, 56.810957063077318 ], [ 105.861201885829885, 56.810953343328379 ], [ 105.861161114251004, 56.811076094848175 ], [ 105.861086366356361, 56.811113292199032 ], [ 105.86106598056692, 56.811340195239822 ], [ 105.860597107409731, 56.811336475528918 ], [ 105.860597107409731, 56.811459225793847 ], [ 105.860461202146809, 56.811831193838444 ], [ 105.860277730041787, 56.812125045983322 ], [ 105.860834941619927, 56.812199438565905 ], [ 105.861208681093075, 56.812236634801813 ], [ 105.861928978986739, 56.812273831000809 ], [ 105.862357080565047, 56.812303587933407 ], [ 105.86277838688018, 56.81234078406596 ], [ 105.862846339511677, 56.812043213971933 ], [ 105.863063787932433, 56.812050653253088 ], [ 105.863131740563887, 56.811834913500242 ], [ 105.863260850563705, 56.811581975656694 ], [ 105.863328803195159, 56.811455506094745 ], [ 105.863233669511118, 56.810797113539884 ], [ 105.862764796353886, 56.810778514712155 ] ] ] ] } },
{ "type": "Feature", "properties": { "quarter": null }, "geometry": { "type": "MultiPolygon", "coordinates": [ [ [ [ 105.863593818457886, 56.813731892912521 ], [ 105.864619903193244, 56.813728173439003 ], [ 105.864660674772125, 56.813423175354195 ], [ 105.863614204247369, 56.813412016840616 ], [ 105.863593818457886, 56.813731892912521 ] ] ] ] } },
{ "type": "Feature", "properties": { "quarter": null }, "geometry": { "type": "MultiPolygon", "coordinates": [ [ [ [ 105.866579900743602, 56.813118957270113 ], [ 105.86655655319035, 56.812474689837401 ], [ 105.865081981087286, 56.812470970239104 ], [ 105.864436431088222, 56.812426335030679 ], [ 105.863505480036991, 56.812400297801226 ], [ 105.863546251615858, 56.812828049992589 ], [ 105.863620999510488, 56.813270675380906 ], [ 105.864946075824307, 56.813300431521981 ], [ 105.8661851, 56.81330810869143 ], [ 105.866579900743602, 56.813118957270113 ] ] ] ] } },
{ "type": "Feature", "properties": { "quarter": null }, "geometry": { "type": "MultiPolygon", "coordinates": [ [ [ [ 105.863389960563509, 56.810347019317931 ], [ 105.863485094247565, 56.810622284194864 ], [ 105.863593818457943, 56.811239762915818 ], [ 105.863593818457943, 56.811701005442771 ], [ 105.863593818457943, 56.812177120806631 ], [ 105.864844146877147, 56.81228127023617 ], [ 105.865727531086364, 56.812296148702472 ], [ 105.866053703717455, 56.812325905617364 ], [ 105.866638096348169, 56.812318466390863 ], [ 105.866801182663707, 56.811901867349533 ], [ 105.867806881609582, 56.811872110097958 ], [ 105.867942786872547, 56.81179027753425 ], [ 105.869057210028799, 56.811909306658741 ], [ 105.870457034237219, 56.811998578254034 ], [ 105.870905521604968, 56.811656369317291 ], [ 105.871802496340507, 56.811663808675242 ], [ 105.871915906137602, 56.81224936864951 ], [ 105.872481871094877, 56.812304057889321 ], [ 105.873324635285599, 56.812184560061205 ], [ 105.874738050020369, 56.81229614870248 ], [ 105.875675796334747, 56.812444933040659 ], [ 105.876667904754342, 56.812437493837777 ], [ 105.878475444751672, 56.81238541937627 ], [ 105.878502625804259, 56.812110167449092 ], [ 105.87941319106605, 56.812095288908942 ], [ 105.880867377379687, 56.812139924511648 ], [ 105.881356636326316, 56.811857231463307 ], [ 105.881546903694442, 56.811537339389439 ], [ 105.881614856325953, 56.81137367262135 ], [ 105.881574084747072, 56.811187686790007 ], [ 105.881410998431519, 56.811038897460385 ], [ 105.881057644747813, 56.810607405064033 ], [ 105.881016873168932, 56.810458613430633 ], [ 105.880622747906358, 56.810332140077797 ], [ 105.880541204748596, 56.8102205455885 ], [ 105.88045966159082, 56.809915518955762 ], [ 105.880378118433015, 56.809789043770238 ], [ 105.880038355275644, 56.809655128402703 ], [ 105.879848087907519, 56.809513772773442 ], [ 105.880079126854511, 56.80919386069651 ], [ 105.880432480538218, 56.808955784820569 ], [ 105.880595566853771, 56.808777226921187 ], [ 105.879318057381965, 56.80885162614932 ], [ 105.879236514224218, 56.808509388477141 ], [ 105.878570578435728, 56.808554028350741 ], [ 105.877551288963545, 56.808628428021912 ], [ 105.876776628964706, 56.808673067753716 ], [ 105.876654314228048, 56.808866505977214 ], [ 105.876137874228789, 56.809067383075707 ], [ 105.875539891071796, 56.809759284841007 ], [ 105.875240899493292, 56.810027114353289 ], [ 105.871462733183108, 56.810027114353289 ], [ 105.871421961604227, 56.809736965628602 ], [ 105.87282178581269, 56.809625369367161 ], [ 105.872930510023025, 56.809803923225964 ], [ 105.873256682654144, 56.8098188026758 ], [ 105.873324635285613, 56.809647688646031 ], [ 105.874411877389235, 56.809528652338464 ], [ 105.8743031531789, 56.809357536983981 ], [ 105.874982679493655, 56.809298018416705 ], [ 105.875064222651446, 56.809112022284722 ], [ 105.87420801949483, 56.80919386069651 ], [ 105.874194428968536, 56.809097142554293 ], [ 105.873705170021907, 56.80919386069651 ], [ 105.873324635285613, 56.809275698929589 ], [ 105.873052824759696, 56.809350097168249 ], [ 105.872617927918242, 56.809342657351024 ], [ 105.87222380265564, 56.809379856422353 ], [ 105.872155850024185, 56.809231059915511 ], [ 105.873256682654144, 56.80919386069651 ], [ 105.87327027318041, 56.808881385799211 ], [ 105.872903328970452, 56.808844186233145 ], [ 105.873066415286019, 56.808457308557443 ], [ 105.871517095288326, 56.808613548099501 ], [ 105.87119092265722, 56.808606108136075 ], [ 105.871204513183514, 56.808442428567098 ], [ 105.870973474236479, 56.808129947405085 ], [ 105.870959883710185, 56.808025786438833 ], [ 105.871639410024969, 56.807966265756733 ], [ 105.871693772130143, 56.807787703143291 ], [ 105.870457034237219, 56.807862104335605 ], [ 105.869138753186547, 56.808018346358736 ], [ 105.867616614241456, 56.808472188541884 ], [ 105.866828363716294, 56.808702827545396 ], [ 105.866121656348938, 56.808978104498181 ], [ 105.866447828980043, 56.809335217532329 ], [ 105.86647501003263, 56.8094914534148 ], [ 105.865442130034168, 56.809573290998109 ], [ 105.865007233192685, 56.809469134042899 ], [ 105.863233669511061, 56.809591890423938 ], [ 105.863389960563509, 56.810347019317931 ] ] ] ] } },
{ "type": "Feature", "properties": { "quarter": null }, "geometry": { "type": "MultiPolygon", "coordinates": [ [ [ [ 105.881383817378904, 56.810462333228642 ], [ 105.881506132115561, 56.810525569738743 ], [ 105.881703194746834, 56.810562767636014 ], [ 105.881907052641253, 56.810369338167028 ], [ 105.881655627904806, 56.810265183424086 ], [ 105.881397407905183, 56.810257743788497 ], [ 105.881281888431658, 56.810242864512936 ], [ 105.881281888431658, 56.810324700455496 ], [ 105.881315864747393, 56.810413975825405 ], [ 105.881383817378904, 56.810462333228642 ] ] ] ] } },
{ "type": "Feature", "properties": { "quarter": null }, "geometry": { "type": "MultiPolygon", "coordinates": [ [ [ [ 105.880785834221882, 56.81021682576646 ], [ 105.881003282642595, 56.810350739127031 ], [ 105.881193550010764, 56.810343299508425 ], [ 105.881023668432036, 56.809989915924355 ], [ 105.880731472116722, 56.810034554034608 ], [ 105.880785834221882, 56.81021682576646 ] ] ] ] } },
{ "type": "Feature", "properties": { "quarter": null }, "geometry": { "type": "MultiPolygon", "coordinates": [ [ [ [ 105.881988595799001, 56.808758627091088 ], [ 105.882579783692847, 56.808881385799211 ], [ 105.882851594218778, 56.808442428567076 ], [ 105.88225361106177, 56.808271308253431 ], [ 105.881988595799001, 56.808758627091088 ] ] ] ] } },
{ "type": "Feature", "properties": { "quarter": null }, "geometry": { "type": "MultiPolygon", "coordinates": [ [ [ [ 105.873270273180339, 56.808773506955909 ], [ 105.873949799495151, 56.808792106778633 ], [ 105.874615735283598, 56.808870225933262 ], [ 105.874690483178256, 56.808606108136061 ], [ 105.874126476336968, 56.808550308363316 ], [ 105.873664398442926, 56.808516828459766 ], [ 105.873324635285528, 56.808509388477141 ], [ 105.873270273180339, 56.808773506955909 ] ] ] ] } },
{ "type": "Feature", "properties": { "quarter": null }, "geometry": { "type": "MultiPolygon", "coordinates": [ [ [ [ 105.876538794754467, 56.808371748532238 ], [ 105.875804906334508, 56.808334548460373 ], [ 105.875716567913571, 56.808248988154929 ], [ 105.875417576335067, 56.808260148205854 ], [ 105.87520012791434, 56.808289908325371 ], [ 105.874663302125668, 56.808163427654186 ], [ 105.874493420546969, 56.808077866958136 ], [ 105.874241995810493, 56.808044386632609 ], [ 105.873983775810871, 56.808107627222398 ], [ 105.873786713179598, 56.808222948023207 ], [ 105.873610036337723, 56.808345708485803 ], [ 105.873949799495151, 56.808371748532238 ], [ 105.874561373178437, 56.808431268570445 ], [ 105.875118584756564, 56.808472188541884 ], [ 105.875172946861738, 56.808580068252446 ], [ 105.876212622123333, 56.80856518831083 ], [ 105.876287370017991, 56.808498228500454 ], [ 105.876538794754467, 56.808371748532238 ] ] ] ] } },
{ "type": "Feature", "properties": { "quarter": null }, "geometry": { "type": "MultiPolygon", "coordinates": [ [ [ [ 105.851688517422915, 56.809115742216406 ], [ 105.85133516373925, 56.809465414146288 ], [ 105.851688517422915, 56.809577010883984 ], [ 105.852748578473992, 56.809681167539402 ], [ 105.854257126892804, 56.80986716084697 ], [ 105.855303597417546, 56.810015954828465 ], [ 105.856227753205673, 56.810112670599672 ], [ 105.857247042677855, 56.81024658433239 ], [ 105.857532443730022, 56.810268903241322 ], [ 105.857940159518904, 56.810142429248302 ], [ 105.858347875307771, 56.810001075456903 ], [ 105.858375056360359, 56.809740685498241 ], [ 105.858456599518149, 56.809681167539402 ], [ 105.858347875307771, 56.809465414146288 ], [ 105.857342176361897, 56.809621649486054 ], [ 105.857301404783016, 56.809428215159876 ], [ 105.857858616361156, 56.808996704219368 ], [ 105.858157607939646, 56.808706547517694 ], [ 105.85821197004482, 56.808580068252446 ], [ 105.858809953201813, 56.808475908537069 ], [ 105.859108944780317, 56.808527988430939 ], [ 105.85935357425366, 56.80934265735101 ], [ 105.86088930372506, 56.809290578589135 ], [ 105.862683253196082, 56.809238499754883 ], [ 105.862479395301648, 56.808620988061442 ], [ 105.862425033196473, 56.808196907873395 ], [ 105.862411442670123, 56.808025786438833 ], [ 105.861652222112056, 56.80803377936612 ], [ 105.859231259516989, 56.808059266780973 ], [ 105.858905086885912, 56.80796998580211 ], [ 105.858565323728527, 56.807962545710943 ], [ 105.857804254255939, 56.808059266780973 ], [ 105.857369357414484, 56.808103907190649 ], [ 105.857355766888205, 56.80796998580211 ], [ 105.858048883729282, 56.807813743577377 ], [ 105.858144017413352, 56.807426855265483 ], [ 105.85813042688703, 56.807292931457866 ], [ 105.857600396361519, 56.80739709446069 ], [ 105.857342176361897, 56.80738221404944 ], [ 105.857342176361897, 56.807196208410332 ], [ 105.858171198465939, 56.807054843507288 ], [ 105.85821197004482, 56.806563782333022 ], [ 105.858116836360736, 56.806325689750963 ], [ 105.858483780570722, 56.806325689750963 ], [ 105.858714819517729, 56.806087595656599 ], [ 105.858864315306988, 56.805789975911914 ], [ 105.85878277214924, 56.805663486804868 ], [ 105.85813042688703, 56.805789975911914 ], [ 105.856893688994148, 56.806080155191779 ], [ 105.856051076363812, 56.806303368493857 ], [ 105.855820037416763, 56.806109917042193 ], [ 105.855330778470133, 56.806281047223472 ], [ 105.854882291102371, 56.806281047223472 ], [ 105.854800747944623, 56.806273606797056 ], [ 105.854610480576454, 56.806504259329287 ], [ 105.854841519523504, 56.806623305242212 ], [ 105.854651252155335, 56.806772112101733 ], [ 105.854297898471671, 56.80663818595476 ], [ 105.854053268998342, 56.806958119845355 ], [ 105.854365851103125, 56.807054843507288 ], [ 105.85397172584058, 56.807471496428349 ], [ 105.854216355313881, 56.807597979434419 ], [ 105.854719204786832, 56.807702141589544 ], [ 105.854515346892384, 56.807836063935071 ], [ 105.854026087945755, 56.807962545710929 ], [ 105.853808639525028, 56.807679821152107 ], [ 105.853536828999111, 56.807731902152128 ], [ 105.853156294262831, 56.808133667434227 ], [ 105.853074751105083, 56.808356868507907 ], [ 105.853509647946538, 56.808252708172269 ], [ 105.853863001630231, 56.808736307282778 ], [ 105.853672734262091, 56.808862786020782 ], [ 105.85344169531507, 56.809056223265124 ], [ 105.852843712158077, 56.808810706592105 ], [ 105.852503949000663, 56.80889254566182 ], [ 105.852150595316957, 56.80917526107315 ], [ 105.851688517422915, 56.809115742216406 ] ] ] ] } },
{ "type": "Feature", "properties": { "quarter": null }, "geometry": { "type": "MultiPolygon", "coordinates": [ [ [ [ 105.858456599518149, 56.809335217532329 ], [ 105.858809953201813, 56.809338937441865 ], [ 105.858748795833506, 56.808632148001593 ], [ 105.858354670570918, 56.808676787728977 ], [ 105.858456599518149, 56.809335217532329 ] ] ] ] } },
{ "type": "Feature", "properties": { "quarter": null }, "geometry": { "type": "MultiPolygon", "coordinates": [ [ [ [ 105.858864315306974, 56.80996387700214 ], [ 105.860366068462639, 56.809960157154642 ], [ 105.860372863725814, 56.809722086146266 ], [ 105.861181500040388, 56.809677447663844 ], [ 105.861154318987801, 56.809435654960112 ], [ 105.859740904253044, 56.809454254454231 ], [ 105.858850724780694, 56.809469134042885 ], [ 105.858864315306974, 56.80996387700214 ] ] ] ] } },
{ "type": "Feature", "properties": { "quarter": null }, "geometry": { "type": "MultiPolygon", "coordinates": [ [ [ [ 105.858578914254764, 56.807698421517571 ], [ 105.859217668990638, 56.807891864771172 ], [ 105.860087462673562, 56.807891864771172 ], [ 105.862003726881241, 56.807839783993408 ], [ 105.862547347933074, 56.807787703143291 ], [ 105.862302718459745, 56.807043683097511 ], [ 105.861269838461283, 56.807110645506398 ], [ 105.860182596357646, 56.807222249255389 ], [ 105.859557432148051, 56.807304091793455 ], [ 105.859136125832848, 56.807304091793455 ], [ 105.858551733202177, 56.80747521652286 ], [ 105.858595902412631, 56.807575658934979 ], [ 105.858578914254764, 56.807698421517571 ] ] ] ] } },
{ "type": "Feature", "properties": { "quarter": null }, "geometry": { "type": "MultiPolygon", "coordinates": [ [ [ [ 105.859132728201317, 56.80672002976813 ], [ 105.858711421886142, 56.80675723144239 ], [ 105.858595902412631, 56.807170167547227 ], [ 105.859289019253723, 56.807077164316901 ], [ 105.859662758726827, 56.807088324716723 ], [ 105.860335489778478, 56.807062283778656 ], [ 105.861055787672143, 56.807002761566523 ], [ 105.861769290302675, 56.806932078816843 ], [ 105.862292525565024, 56.806909757920849 ], [ 105.862285730301878, 56.806325689750992 ], [ 105.86238086398599, 56.805830898766956 ], [ 105.862401249775402, 56.805505374820875 ], [ 105.862496383459472, 56.80504405604421 ], [ 105.861884809776186, 56.805084979713548 ], [ 105.859554034516506, 56.805563039268776 ], [ 105.859200680832828, 56.805630004322765 ], [ 105.858983232412086, 56.8060243516586 ], [ 105.858820146096534, 56.806396373644134 ], [ 105.859418129253527, 56.806349871097865 ], [ 105.85971712083203, 56.80645589681918 ], [ 105.859900592937024, 56.806720029768123 ], [ 105.859785073463485, 56.806749791110498 ], [ 105.859139523464464, 56.806920918370515 ], [ 105.859132728201317, 56.80672002976813 ] ] ] ] } },
{ "type": "Feature", "properties": { "quarter": null }, "geometry": { "type": "MultiPolygon", "coordinates": [ [ [ [ 105.856747590836406, 56.80561698334941 ], [ 105.856883496099329, 56.805855080432991 ], [ 105.858718217149246, 56.80551281539978 ], [ 105.858500768728547, 56.805014293347519 ], [ 105.859248247674785, 56.804858038802315 ], [ 105.859506467674422, 56.805096140706517 ], [ 105.859859821358086, 56.805066378051194 ], [ 105.860009317147345, 56.80529703801183 ], [ 105.86077038661989, 56.805163106594591 ], [ 105.861490684513555, 56.805036615372252 ], [ 105.862129439249472, 56.804902683024544 ], [ 105.862482792933136, 56.80484315738309 ], [ 105.86229252556501, 56.804560409295306 ], [ 105.86191199082873, 56.804277659074842 ], [ 105.861721723460604, 56.804188369088457 ], [ 105.860879110830268, 56.804084197168876 ], [ 105.86078397714617, 56.804158605712395 ], [ 105.861123740303597, 56.804411593655644 ], [ 105.860634481356925, 56.804515764665439 ], [ 105.860267537146967, 56.804188369088457 ], [ 105.85966955398996, 56.804329744802018 ], [ 105.85943851504291, 56.804039551971876 ], [ 105.858296910834085, 56.804292540718556 ], [ 105.858079462413372, 56.804337185614273 ], [ 105.857862013992616, 56.804099078889408 ], [ 105.857209668730448, 56.804128842312714 ], [ 105.857107739783217, 56.804229293691947 ], [ 105.85672040978379, 56.804292540718556 ], [ 105.85644859925786, 56.804579011208716 ], [ 105.856061269258475, 56.804657139144282 ], [ 105.856183583995133, 56.804843157383104 ], [ 105.855605986627566, 56.805003132330192 ], [ 105.855633167680153, 56.805230072363024 ], [ 105.855789458732559, 56.805196589493761 ], [ 105.855877797153468, 56.805419808057287 ], [ 105.856591299784, 56.805300758322147 ], [ 105.857209668730448, 56.805215191091499 ], [ 105.857372755045986, 56.805479332783079 ], [ 105.856747590836406, 56.80561698334941 ] ] ] ] } },
{ "type": "Feature", "properties": { "quarter": null }, "geometry": { "type": "MultiPolygon", "coordinates": [ [ [ [ 105.86397775082564, 56.804437636435217 ], [ 105.863991341351934, 56.804593892732804 ], [ 105.863719530826017, 56.804616215007847 ], [ 105.863719530826017, 56.804846877738434 ], [ 105.863950569773053, 56.80495848822757 ], [ 105.864399057140773, 56.804995691650099 ], [ 105.864602915035235, 56.804817114885203 ], [ 105.864575733982633, 56.804631096517163 ], [ 105.864575733982633, 56.804422754849099 ], [ 105.86397775082564, 56.804437636435217 ] ] ] ] } },
{ "type": "Feature", "properties": { "quarter": null }, "geometry": { "type": "MultiPolygon", "coordinates": [ [ [ [ 105.863012823458675, 56.808909285449538 ], [ 105.863801073983822, 56.808749327172585 ], [ 105.863760302404941, 56.808604248144988 ], [ 105.863610806615682, 56.808611688108783 ], [ 105.863542853984185, 56.808507528481286 ], [ 105.863556444510479, 56.808358728511294 ], [ 105.863427334510675, 56.808243408128241 ], [ 105.863379767668647, 56.80841824857017 ], [ 105.863311815037179, 56.808492648510878 ], [ 105.862944870827192, 56.808518688455216 ], [ 105.863012823458675, 56.808909285449538 ] ] ] ] } },
{ "type": "Feature", "properties": { "quarter": null }, "geometry": { "type": "MultiPolygon", "coordinates": [ [ [ [ 105.869446618121884, 56.804670490256079 ], [ 105.868171691725635, 56.804681066252208 ], [ 105.867862618659856, 56.804807977973077 ], [ 105.866394521597485, 56.804892585548281 ], [ 105.865023009868196, 56.804934889264274 ], [ 105.864399057140773, 56.804995691650099 ], [ 105.864453156403215, 56.805220438098509 ], [ 105.86434691253686, 56.805379075399863 ], [ 105.863467986006114, 56.805410802779576 ], [ 105.863496961606003, 56.80501949655303 ], [ 105.862830522807982, 56.805003632700938 ], [ 105.862704961875011, 56.805289181011524 ], [ 105.862724278941627, 56.805728075099729 ], [ 105.862656669208491, 56.806172251836564 ], [ 105.862618035075243, 56.806500093194828 ], [ 105.863043010540679, 56.806510668674754 ], [ 105.862956083740954, 56.806674588232397 ], [ 105.864231010137203, 56.806584696950857 ], [ 105.864259985737093, 56.806621711034069 ], [ 105.8648105221355, 56.806616423310125 ], [ 105.86485881480202, 56.806531819625704 ], [ 105.865534912133356, 56.806552970564717 ], [ 105.866578033730292, 56.806473654481884 ], [ 105.867466618794367, 56.80641548924784 ], [ 105.869543203454924, 56.80630973404557 ], [ 105.870161349586425, 56.806272719654288 ], [ 105.870827788384489, 56.806246280780989 ], [ 105.870808471317886, 56.805500696876258 ], [ 105.87074086158475, 56.80533148427994 ], [ 105.871069251717117, 56.805204574331448 ], [ 105.870750520118037, 56.805167558848858 ], [ 105.870702227451503, 56.804982480887681 ], [ 105.870190325186371, 56.805003632700938 ], [ 105.869649447321265, 56.805014208603076 ], [ 105.869475593721774, 56.805008920652369 ], [ 105.869446618121884, 56.804670490256079 ] ] ] ] } },
{ "type": "Feature", "properties": { "quarter": null }, "geometry": { "type": "MultiPolygon", "coordinates": [ [ [ [ 105.863725144455387, 56.806850404380505 ], [ 105.862643388725246, 56.806842472842717 ], [ 105.862791888674792, 56.807256232490985 ], [ 105.862878815474502, 56.807121397580133 ], [ 105.863207205606898, 56.807097603133755 ], [ 105.863738424938674, 56.807134616710485 ], [ 105.863797583455153, 56.807192780828657 ], [ 105.863825351738413, 56.807361985022865 ], [ 105.863894168788221, 56.807338190729226 ], [ 105.863835010271714, 56.80710817844512 ], [ 105.863725144455387, 56.806850404380505 ] ] ] ] } },
{ "type": "Feature", "properties": { "quarter": null }, "geometry": { "type": "MultiPolygon", "coordinates": [ [ [ [ 105.864121144320876, 56.807439977323959 ], [ 105.863947290721384, 56.80744790873532 ], [ 105.863918315121452, 56.807725507075567 ], [ 105.863855534654974, 56.807759876250849 ], [ 105.863836217588386, 56.807937009192976 ], [ 105.864024558987822, 56.807950228035672 ], [ 105.864068022387698, 56.808103566270432 ], [ 105.863937632188083, 56.808256903877883 ], [ 105.864266022320436, 56.808301847540498 ], [ 105.864604070986104, 56.808280697588323 ], [ 105.864816558718829, 56.808243685143331 ], [ 105.865830704715833, 56.808090347481787 ], [ 105.865898314448927, 56.808190810158472 ], [ 105.866236363114595, 56.808090347481787 ], [ 105.866603387380195, 56.808058622370048 ], [ 105.86747265537764, 56.807862983587619 ], [ 105.867673069943734, 56.808293916309793 ], [ 105.868078728342525, 56.808209316411627 ], [ 105.868716191540656, 56.808034828518601 ], [ 105.869411605938609, 56.807855052264074 ], [ 105.870309849535957, 56.807696425441065 ], [ 105.871372288199495, 56.807574811088784 ], [ 105.871633068598726, 56.807617111777816 ], [ 105.872058044064147, 56.80762768694261 ], [ 105.872917653528276, 56.807574811088799 ], [ 105.874057360458238, 56.807611824194304 ], [ 105.874095994591457, 56.80747434676104 ], [ 105.873975262925143, 56.80725755439947 ], [ 105.873941458058582, 56.807043404616131 ], [ 105.873690336192652, 56.807016966286433 ], [ 105.873661360592735, 56.806736718845102 ], [ 105.873477848459942, 56.806720855719725 ], [ 105.873516482593175, 56.806818678219251 ], [ 105.872396092729815, 56.806845116688812 ], [ 105.872357458596596, 56.806665334728045 ], [ 105.872743799928784, 56.806612457516657 ], [ 105.872425068329733, 56.806242314948364 ], [ 105.870292947102669, 56.806411523433106 ], [ 105.868245338042044, 56.806564867962635 ], [ 105.868023191776018, 56.806554292497992 ], [ 105.867663411410419, 56.806628320687913 ], [ 105.866550265447032, 56.806699704875456 ], [ 105.864961436718389, 56.806768445075704 ], [ 105.864990412318292, 56.807069842927184 ], [ 105.865763094982697, 56.807043404616131 ], [ 105.865787241315957, 56.807093643031784 ], [ 105.865806558382559, 56.807313074513942 ], [ 105.865284997584084, 56.807503428567827 ], [ 105.864174266254054, 56.80755630452235 ], [ 105.864121144320876, 56.807439977323959 ] ] ] ] } },
{ "type": "Feature", "properties": { "quarter": null }, "geometry": { "type": "MultiPolygon", "coordinates": [ [ [ [ 105.87256270242932, 56.805948842171432 ], [ 105.871898678264628, 56.805898607862197 ], [ 105.871881775831341, 56.806200012707826 ], [ 105.87220775133035, 56.806173573783248 ], [ 105.872606165829197, 56.806149778735183 ], [ 105.872627897529128, 56.805969993439398 ], [ 105.87256270242932, 56.805948842171432 ] ] ] ] } },
{ "type": "Feature", "properties": { "quarter": null }, "geometry": { "type": "MultiPolygon", "coordinates": [ [ [ [ 105.878669310111306, 56.808350756759111 ], [ 105.878649993044704, 56.808408918990139 ], [ 105.879200529443082, 56.808387769098395 ], [ 105.879770382908049, 56.808334894316808 ], [ 105.880504431439249, 56.808276731970913 ], [ 105.880378870506291, 56.808022931587196 ], [ 105.879895943841021, 56.808096956876639 ], [ 105.879519261042148, 56.808144544485501 ], [ 105.879248822109616, 56.808308456898047 ], [ 105.878669310111306, 56.808350756759111 ] ] ] ] } },
{ "type": "Feature", "properties": { "quarter": null }, "geometry": { "type": "MultiPolygon", "coordinates": [ [ [ [ 105.877094969182622, 56.808287306949602 ], [ 105.877114286249238, 56.808340181798322 ], [ 105.878659651578019, 56.808239719521985 ], [ 105.879142578243275, 56.808192132033959 ], [ 105.879384041575861, 56.808038794161533 ], [ 105.880069797440513, 56.8079912064184 ], [ 105.880272626639922, 56.807864305474666 ], [ 105.8786210174448, 56.808054656729148 ], [ 105.877094969182622, 56.808287306949602 ] ] ] ] } },
{ "type": "Feature", "properties": { "quarter": null }, "geometry": { "type": "MultiPolygon", "coordinates": [ [ [ [ 105.875308140521184, 56.807510038066191 ], [ 105.874351945724001, 56.807578776780389 ], [ 105.874322970124112, 56.80784844282649 ], [ 105.874400238390521, 56.807980631356173 ], [ 105.875066677188585, 56.808059944250182 ], [ 105.876940432649704, 56.807901318294306 ], [ 105.878012529846572, 56.80781142995464 ], [ 105.879577212241941, 56.807636940209328 ], [ 105.880629992372178, 56.807515325664056 ], [ 105.881296431170227, 56.807494175268083 ], [ 105.881257797037009, 56.807309108794179 ], [ 105.881180528770571, 56.807171630250622 ], [ 105.881354382370063, 56.807065877181692 ], [ 105.882590674633079, 56.807213931394656 ], [ 105.882561699033147, 56.807441299225921 ], [ 105.8830156500985, 56.807272095389756 ], [ 105.884367844761172, 56.806796205505442 ], [ 105.884348527694556, 56.806552970564667 ], [ 105.884213308228297, 56.806420777000064 ], [ 105.884152942395133, 56.806352036162238 ], [ 105.882542381966559, 56.806537107361514 ], [ 105.880089114507086, 56.806843794765747 ], [ 105.878649993044689, 56.806975986838502 ], [ 105.877181895982346, 56.807171630250622 ], [ 105.875308140521184, 56.807510038066191 ] ] ] ] } },
{ "type": "Feature", "properties": { "quarter": null }, "geometry": { "type": "MultiPolygon", "coordinates": [ [ [ [ 105.884618966627102, 56.806685163663062 ], [ 105.885430283424682, 56.806597916270427 ], [ 105.885367502958232, 56.806320309579164 ], [ 105.88548756429158, 56.806351973639543 ], [ 105.886214011414239, 56.805723704481188 ], [ 105.885855258890118, 56.805677840494575 ], [ 105.88572003942383, 56.80567255263751 ], [ 105.885691063823941, 56.805614386160357 ], [ 105.885522039491093, 56.805606454361012 ], [ 105.885449600491299, 56.805675196566149 ], [ 105.885092234759014, 56.805661976921108 ], [ 105.884657600760306, 56.805603810427542 ], [ 105.884580332493854, 56.805741294721415 ], [ 105.88450789349406, 56.806071783749488 ], [ 105.884594820293827, 56.806280651312584 ], [ 105.884594820293827, 56.80640226986381 ], [ 105.884532039827334, 56.806407557617966 ], [ 105.884474088627513, 56.806349392281334 ], [ 105.884618966627102, 56.806685163663062 ] ] ] ] } },
{ "type": "Feature", "properties": { "quarter": null }, "geometry": { "type": "MultiPolygon", "coordinates": [ [ [ [ 105.884783161693278, 56.805453105910701 ], [ 105.88538682002482, 56.805519204457582 ], [ 105.88539647855815, 56.805215150176849 ], [ 105.885309551758411, 56.805178134704704 ], [ 105.884903893359592, 56.805127899362645 ], [ 105.884783161693278, 56.805453105910701 ] ] ] ] } },
{ "type": "Feature", "properties": { "quarter": null }, "geometry": { "type": "MultiPolygon", "coordinates": [ [ [ [ 105.874211896991113, 56.807044726532077 ], [ 105.874211896991113, 56.807256232490921 ], [ 105.874337457924071, 56.80738313549336 ], [ 105.875409555120939, 56.807282670651851 ], [ 105.876375408451423, 56.807166342604241 ], [ 105.876713457117091, 56.807060589520397 ], [ 105.87766965191426, 56.806923110065341 ], [ 105.879485456175601, 56.806706314515516 ], [ 105.880103602307059, 56.806674588232319 ], [ 105.881175699503927, 56.806579409221598 ], [ 105.881668284702457, 56.806510668674697 ], [ 105.882392674700341, 56.806426064751577 ], [ 105.883184674431348, 56.806315021812694 ], [ 105.883802820562877, 56.806267431881054 ], [ 105.884295405761421, 56.806193402978394 ], [ 105.884324381361338, 56.805833831942969 ], [ 105.884363015494557, 56.805632893685591 ], [ 105.883957357095753, 56.805580015017767 ], [ 105.883735210829713, 56.805574727146883 ], [ 105.88386077176267, 56.805490121111305 ], [ 105.883281259764416, 56.805453105910686 ], [ 105.883223308564553, 56.80550069687618 ], [ 105.882663113632873, 56.80545839379873 ], [ 105.882015991901483, 56.805447818021911 ], [ 105.881745552968908, 56.80545839379873 ], [ 105.881291601903612, 56.805363211699884 ], [ 105.880934236171299, 56.805511272638107 ], [ 105.879891114574406, 56.805759802183985 ], [ 105.878664480844677, 56.805971315393194 ], [ 105.877717944580823, 56.80616696404914 ], [ 105.877196383782305, 56.806389050475175 ], [ 105.874211896991113, 56.807044726532077 ] ] ] ] } },
{ "type": "Feature", "properties": { "quarter": null }, "geometry": { "type": "MultiPolygon", "coordinates": [ [ [ [ 105.874086336058141, 56.806796205505421 ], [ 105.874086336058141, 56.806917822383902 ], [ 105.874627213923219, 56.80684379476574 ], [ 105.87469482365637, 56.806748616184684 ], [ 105.874994238188819, 56.806679875948056 ], [ 105.87524536005472, 56.806611135585371 ], [ 105.875042530855339, 56.806563546029679 ], [ 105.874791408989395, 56.806505380935093 ], [ 105.874569262723398, 56.806468366737015 ], [ 105.874086336058141, 56.806796205505421 ] ] ] ] } },
{ "type": "Feature", "properties": { "quarter": null }, "geometry": { "type": "MultiPolygon", "coordinates": [ [ [ [ 105.874887994322435, 56.806394338231179 ], [ 105.875351603921075, 56.806468366737015 ], [ 105.875844189119647, 56.806500093194742 ], [ 105.875882823252851, 56.806415489247776 ], [ 105.876443018184531, 56.806330885109823 ], [ 105.876790725383501, 56.806251568557073 ], [ 105.876800383916816, 56.806293870739417 ], [ 105.877177066715717, 56.806182827408932 ], [ 105.876867993649952, 56.805675196566121 ], [ 105.874887994322435, 56.806394338231179 ] ] ] ] } },
{ "type": "Feature", "properties": { "quarter": null }, "geometry": { "type": "MultiPolygon", "coordinates": [ [ [ [ 105.873617897192858, 56.805836475860232 ], [ 105.873617897192858, 56.805929012846846 ], [ 105.873492336259915, 56.806010973987071 ], [ 105.873569604526324, 56.806285939083878 ], [ 105.873917311725307, 56.806248924669084 ], [ 105.874308482324139, 56.80628329519832 ], [ 105.87432779939077, 56.806137881205458 ], [ 105.874322970124112, 56.806010973987071 ], [ 105.873941458058582, 56.806010973987071 ], [ 105.873617897192858, 56.805836475860232 ] ] ] ] } },
{ "type": "Feature", "properties": { "quarter": null }, "geometry": { "type": "MultiPolygon", "coordinates": [ [ [ [ 105.876998383849582, 56.805683128350921 ], [ 105.877268822782099, 56.806122017826638 ], [ 105.878147749312873, 56.805926368936106 ], [ 105.87918121237648, 56.805736006873268 ], [ 105.879944236507583, 56.805619674025614 ], [ 105.880552724105769, 56.805487477169621 ], [ 105.881132236104079, 56.805281249143313 ], [ 105.881286772636926, 56.80510674761949 ], [ 105.881296431170242, 56.80497454895459 ], [ 105.881141894637381, 56.804852925771129 ], [ 105.880301602239825, 56.805127899362624 ], [ 105.880089114507129, 56.80487936562718 ], [ 105.879664139041736, 56.80487936562718 ], [ 105.879161895309863, 56.804921669358095 ], [ 105.878331261445666, 56.805064444097454 ], [ 105.878253993179214, 56.805334128232566 ], [ 105.87811877371297, 56.805439886187322 ], [ 105.876998383849582, 56.805683128350921 ] ] ] ] } },
{ "type": "Feature", "properties": { "quarter": null }, "geometry": { "type": "MultiPolygon", "coordinates": [ [ [ [ 105.873096336394426, 56.806592628543115 ], [ 105.873279848527218, 56.806589984679178 ], [ 105.873289507060534, 56.806309734045492 ], [ 105.87345370212671, 56.806288582969245 ], [ 105.87356960452631, 56.806285939083878 ], [ 105.873530970393119, 56.806148456787582 ], [ 105.873526008373261, 56.80598899419978 ], [ 105.873617897192858, 56.805836475860232 ], [ 105.873400580193533, 56.805697008970256 ], [ 105.873231555860698, 56.805371804538176 ], [ 105.873023897394631, 56.805382380336447 ], [ 105.872985263261413, 56.805609759277601 ], [ 105.872840385261838, 56.805612403210667 ], [ 105.872816238928579, 56.805810697658998 ], [ 105.872811409661935, 56.805853000338885 ], [ 105.872338141529994, 56.805868863831535 ], [ 105.872349853515146, 56.805932739875942 ], [ 105.872981641311455, 56.805978586138551 ], [ 105.873014238861344, 56.806452503498072 ], [ 105.873096336394426, 56.806592628543115 ] ] ] ] } },
{ "type": "Feature", "properties": { "quarter": null }, "geometry": { "type": "MultiPolygon", "coordinates": [ [ [ [ 105.874491994457031, 56.806225790641285 ], [ 105.875090823521916, 56.806215215080975 ], [ 105.875144094432144, 56.806301322683844 ], [ 105.876496864415998, 56.80580999286218 ], [ 105.876827196915613, 56.805690014200991 ], [ 105.876858335116751, 56.805229030969457 ], [ 105.877080481382748, 56.805229030969457 ], [ 105.877128774049268, 56.804975209949085 ], [ 105.876945261916475, 56.80495405811979 ], [ 105.876906627783256, 56.804578611164054 ], [ 105.876906627783256, 56.804478138805734 ], [ 105.877051505782816, 56.804472850779419 ], [ 105.877051505782816, 56.80425868508663 ], [ 105.877003213116296, 56.804047162213756 ], [ 105.876964578983049, 56.803981061071227 ], [ 105.876240188985179, 56.803986349166912 ], [ 105.874820384589341, 56.80399692535606 ], [ 105.874405067657264, 56.80421373657601 ], [ 105.874318140857511, 56.804837722845434 ], [ 105.874279506724292, 56.805091544796753 ], [ 105.874163604324636, 56.805165575875478 ], [ 105.874221555524457, 56.805392956131726 ], [ 105.8743471164574, 56.805414107713339 ], [ 105.874231214057772, 56.805821273333436 ], [ 105.874491994457031, 56.806225790641285 ] ] ] ] } },
{ "type": "Feature", "properties": { "quarter": null }, "geometry": { "type": "MultiPolygon", "coordinates": [ [ [ [ 105.884681747093609, 56.805091544796753 ], [ 105.883590332830181, 56.804906466460281 ], [ 105.883107406164939, 56.804906466460281 ], [ 105.882498918566696, 56.804895890527739 ], [ 105.881996674834852, 56.804890602560356 ], [ 105.881726235902335, 56.804816570938577 ], [ 105.881513748169638, 56.804869450683334 ], [ 105.881513748169638, 56.805006937670605 ], [ 105.881465455503118, 56.805186727585408 ], [ 105.881591016436062, 56.805281910132379 ], [ 105.882595503899779, 56.805303061776655 ], [ 105.883831796162781, 56.805329501315235 ], [ 105.884256771628216, 56.805324213408994 ], [ 105.884575503227268, 56.805340077125443 ], [ 105.884681747093609, 56.805091544796753 ] ] ] ] } },
{ "type": "Feature", "properties": { "quarter": null }, "geometry": { "type": "MultiPolygon", "coordinates": [ [ [ [ 105.882286430834, 56.804377666178119 ], [ 105.882073943101318, 56.804499290903543 ], [ 105.881813162702102, 56.804668507256409 ], [ 105.881745552968951, 56.804721387210037 ], [ 105.882073943101318, 56.804768979104516 ], [ 105.882692089232819, 56.804800707000602 ], [ 105.883107406164939, 56.804768979104516 ], [ 105.883213650031294, 56.804716099218034 ], [ 105.883254698797828, 56.804671151255867 ], [ 105.883175015898061, 56.804579933166984 ], [ 105.883030137898487, 56.804466240745477 ], [ 105.883039796431802, 56.804614305226536 ], [ 105.882974601331995, 56.804660575256939 ], [ 105.882325064967233, 56.804647355254076 ], [ 105.882286430834, 56.804377666178119 ] ] ] ] } },
{ "type": "Feature", "properties": { "quarter": null }, "geometry": { "type": "MultiPolygon", "coordinates": [ [ [ [ 105.882754869699312, 56.807525239908038 ], [ 105.883884918095987, 56.80779226256017 ], [ 105.884039454628876, 56.807757893414589 ], [ 105.884208478961696, 56.807681223668553 ], [ 105.884396820361147, 56.807615128934025 ], [ 105.884449942294324, 56.80750144571801 ], [ 105.884449942294324, 56.807313735467133 ], [ 105.88450789349416, 56.807155106353243 ], [ 105.884512722760803, 56.806972682042328 ], [ 105.884517552027461, 56.806914517582626 ], [ 105.884449942294324, 56.806914517582626 ], [ 105.883479259697197, 56.807258215353635 ], [ 105.882754869699312, 56.807525239908038 ] ] ] ] } },
{ "type": "Feature", "properties": { "quarter": null }, "geometry": { "type": "MultiPolygon", "coordinates": [ [ [ [ 105.887260575486053, 56.804550849091981 ], [ 105.887984849260704, 56.804634816894861 ], [ 105.887803642243412, 56.803970103783236 ], [ 105.888528470312536, 56.803880813064289 ], [ 105.888202297681431, 56.803483962851402 ], [ 105.886854917087234, 56.80362014677744 ], [ 105.887260575486053, 56.804550849091981 ] ] ] ] } },
{ "type": "Feature", "properties": { "quarter": null }, "geometry": { "type": "MultiPolygon", "coordinates": [ [ [ [ 105.885715210157286, 56.803863400749137 ], [ 105.886594136688018, 56.803768214600368 ], [ 105.886381648955293, 56.803435061176366 ], [ 105.886014624689736, 56.803456213862724 ], [ 105.885734527223889, 56.803461502032455 ], [ 105.885715210157286, 56.803112481230315 ], [ 105.885058429892524, 56.80321295724886 ], [ 105.88518399082551, 56.803598994183552 ], [ 105.885647600424122, 56.803530248171043 ], [ 105.885715210157286, 56.803863400749137 ] ] ] ] } },
{ "type": "Feature", "properties": { "quarter": null }, "geometry": { "type": "MultiPolygon", "coordinates": [ [ [ [ 105.886719697620961, 56.802742304101514 ], [ 105.886661746421126, 56.802462024701086 ], [ 105.885464088291357, 56.802546637571069 ], [ 105.883976674162383, 56.802662979955478 ], [ 105.882923894032174, 56.802763457178756 ], [ 105.882006333368182, 56.802885087141355 ], [ 105.882093260167949, 56.803022581406523 ], [ 105.882875601365626, 56.803160075167384 ], [ 105.883464771897223, 56.803170651589653 ], [ 105.884198820428395, 56.80310719301135 ], [ 105.886719697620961, 56.802742304101514 ] ] ] ] } },
{ "type": "Feature", "properties": { "quarter": null }, "geometry": { "type": "MultiPolygon", "coordinates": [ [ [ [ 105.886652087887853, 56.807543746489813 ], [ 105.886352673355404, 56.807390405964838 ], [ 105.885763502823792, 56.807274078251567 ], [ 105.885010137226047, 56.807104873660528 ], [ 105.884759015360117, 56.807062572393448 ], [ 105.884691405626967, 56.807575472037357 ], [ 105.8849715030928, 56.807919163747805 ], [ 105.885164673758908, 56.80816238982321 ], [ 105.885116381092402, 56.808220552346533 ], [ 105.885840771090244, 56.808389751901188 ], [ 105.887096380419877, 56.80868056185119 ], [ 105.887579307085119, 56.808929070384188 ], [ 105.888115355683524, 56.809140565710159 ], [ 105.888762477414915, 56.80946309378453 ], [ 105.889409599146347, 56.809664011509817 ], [ 105.889892525811604, 56.809812055460299 ], [ 105.890481696343187, 56.809912513522221 ], [ 105.890534818276365, 56.809870215423707 ], [ 105.890278867143792, 56.809732746273831 ], [ 105.889680038078879, 56.809389071193188 ], [ 105.889052233414091, 56.809018956043545 ], [ 105.888279550749715, 56.808640906081784 ], [ 105.887163990153013, 56.808310439705046 ], [ 105.88723159988615, 56.808220552346533 ], [ 105.886381648955336, 56.807982614180517 ], [ 105.886652087887853, 56.807543746489813 ] ] ] ] } },
{ "type": "Feature", "properties": { "quarter": null }, "geometry": { "type": "MultiPolygon", "coordinates": [ [ [ [ 105.891693842272943, 56.811162929494778 ], [ 105.892138134804938, 56.810948802024342 ], [ 105.891722817872832, 56.81067651470854 ], [ 105.89124954974092, 56.810901217975882 ], [ 105.891693842272943, 56.811162929494778 ] ] ] ] } },
{ "type": "Feature", "properties": { "quarter": null }, "geometry": { "type": "MultiPolygon", "coordinates": [ [ [ [ 105.882832137965664, 56.807792262560149 ], [ 105.882571357566448, 56.808088364662993 ], [ 105.883305406097605, 56.808310439705032 ], [ 105.884087747295283, 56.808500788693834 ], [ 105.884821795826483, 56.80873343614514 ], [ 105.885671746757296, 56.808855046738138 ], [ 105.88565242969068, 56.808923782985744 ], [ 105.886985307286764, 56.80928332438053 ], [ 105.886859746353792, 56.809468381106875 ], [ 105.888250575149712, 56.809896651740864 ], [ 105.889670379545507, 56.810367215066456 ], [ 105.890703842609128, 56.810716168324191 ], [ 105.890993598608276, 56.81080076256405 ], [ 105.891428232607012, 56.810562840777763 ], [ 105.891070866874728, 56.810330204681883 ], [ 105.890298184210323, 56.810049982012728 ], [ 105.888434087282505, 56.809457806461417 ], [ 105.887999453283783, 56.80932562314139 ], [ 105.887226770619392, 56.809087691990548 ], [ 105.887304038885802, 56.808966082152374 ], [ 105.887207453552776, 56.808876196366214 ], [ 105.885111551825645, 56.808387108164013 ], [ 105.882832137965664, 56.807792262560149 ] ] ] ] } },
{ "type": "Feature", "properties": { "quarter": null }, "geometry": { "type": "MultiPolygon", "coordinates": [ [ [ [ 105.89430647553192, 56.808979300632153 ], [ 105.894446524264822, 56.808878840068871 ], [ 105.894480329131412, 56.808667343266038 ], [ 105.894475499864754, 56.808582744210753 ], [ 105.894557597397835, 56.808498144964489 ], [ 105.893992573199498, 56.808172964834142 ], [ 105.893678670867118, 56.807932382596782 ], [ 105.893495158734311, 56.807826631674217 ], [ 105.89335511000138, 56.807868932079053 ], [ 105.893224719801751, 56.807823987897336 ], [ 105.892645207803483, 56.808143883546848 ], [ 105.893388914867955, 56.808529869704209 ], [ 105.89430647553192, 56.808979300632153 ] ] ] ] } },
{ "type": "Feature", "properties": { "quarter": null }, "geometry": { "type": "MultiPolygon", "coordinates": [ [ [ [ 105.896025694460178, 56.811403490996071 ], [ 105.897088133123702, 56.810816623962737 ], [ 105.896537596725338, 56.810346066279727 ], [ 105.89594842619374, 56.810018258559651 ], [ 105.895330280062225, 56.809716884416382 ], [ 105.894644524197574, 56.809346772503901 ], [ 105.893804231800033, 56.808934357781851 ], [ 105.893273012468256, 56.808669986983425 ], [ 105.892712817536577, 56.808389751901174 ], [ 105.891978769005419, 56.808014339356561 ], [ 105.891389598473822, 56.807686511242238 ], [ 105.890800427942224, 56.807374543116062 ], [ 105.889544818612578, 56.80669243426987 ], [ 105.888743160348284, 56.806301141422146 ], [ 105.888269892216343, 56.806591967577099 ], [ 105.887806282617689, 56.806391033383697 ], [ 105.887448916885447, 56.8067558867792 ], [ 105.887091551153162, 56.807110161315528 ], [ 105.887072234086531, 56.807268790619631 ], [ 105.887893209417456, 56.807834563003752 ], [ 105.889477208879484, 56.808818034860273 ], [ 105.890752135275733, 56.809642862326278 ], [ 105.891717988606217, 56.810139864983888 ], [ 105.892123647004979, 56.810425374168361 ], [ 105.892664524870071, 56.810753178327616 ], [ 105.894345109665124, 56.810774326884584 ], [ 105.896025694460178, 56.811403490996071 ] ] ] ] } },
{ "type": "Feature", "properties": { "quarter": null }, "geometry": { "type": "MultiPolygon", "coordinates": [ [ [ [ 105.910351380009303, 56.812600180013753 ], [ 105.911483804524678, 56.812969785692466 ], [ 105.912078176812855, 56.812767524812877 ], [ 105.91301505454345, 56.812904982831405 ], [ 105.913343444675789, 56.812741090520746 ], [ 105.913787737207812, 56.812471459675862 ], [ 105.913865005474264, 56.812418590655255 ], [ 105.913130956943107, 56.812111948864967 ], [ 105.914174078540015, 56.811266027470097 ], [ 105.912879835077163, 56.810800762564021 ], [ 105.911373103881601, 56.811868748419592 ], [ 105.910351380009303, 56.812600180013753 ] ] ] ] } },
{ "type": "Feature", "properties": { "quarter": null }, "geometry": { "type": "MultiPolygon", "coordinates": [ [ [ [ 105.949379432436288, 56.80601560082021 ], [ 105.949147627636975, 56.806158371393067 ], [ 105.949514651902561, 56.806359306833649 ], [ 105.949785090835093, 56.80648621287272 ], [ 105.949958944434584, 56.806364594593852 ], [ 105.949900993234763, 56.806258839247995 ], [ 105.949678846968752, 56.806121356852316 ], [ 105.949379432436288, 56.80601560082021 ] ] ] ] } },
{ "type": "Feature", "properties": { "quarter": null }, "geometry": { "type": "MultiPolygon", "coordinates": [ [ [ [ 105.947949969507164, 56.805227708989371 ], [ 105.947650554974715, 56.805444513090968 ], [ 105.948336310839352, 56.805745921587828 ], [ 105.948819237504622, 56.805983873952407 ], [ 105.949070359370552, 56.805819951374225 ], [ 105.947949969507164, 56.805227708989371 ] ] ] ] } },
{ "type": "Feature", "properties": { "quarter": null }, "geometry": { "type": "MultiPolygon", "coordinates": [ [ [ [ 105.942019630058013, 56.806190098113184 ], [ 105.941169679127185, 56.806761174483441 ], [ 105.943449092987137, 56.807987901711662 ], [ 105.94501377538252, 56.808770448106493 ], [ 105.945805775113527, 56.809161715177062 ], [ 105.946443238311645, 56.808717573864747 ], [ 105.947013091776597, 56.808802172615714 ], [ 105.947288359975801, 56.80896343845582 ], [ 105.947423579442059, 56.808865621553643 ], [ 105.947607091574852, 56.808818034860273 ], [ 105.947732652507824, 56.809013668657741 ], [ 105.947834067107522, 56.80908504830257 ], [ 105.948244554772984, 56.809264818657596 ], [ 105.948563286372035, 56.808955507365162 ], [ 105.948737139971527, 56.808688493 ], [ 105.947684359841304, 56.808289289757681 ], [ 105.946443238311645, 56.807913876206847 ], [ 105.945723677580418, 56.807921807517936 ], [ 105.945554653247598, 56.80781870034297 ], [ 105.944086556185255, 56.807205338978541 ], [ 105.942019630058013, 56.806190098113184 ] ] ] ] } },
{ "type": "Feature", "properties": { "quarter": null }, "geometry": { "type": "MultiPolygon", "coordinates": [ [ [ [ 105.947636067174784, 56.809592632967558 ], [ 105.947949969507164, 56.809730102631342 ], [ 105.948080359706793, 56.809648149623243 ], [ 105.948263871839586, 56.809545047197226 ], [ 105.948370115705956, 56.80948159940948 ], [ 105.948109335306697, 56.809359990849408 ], [ 105.947703676907878, 56.80916700254194 ], [ 105.947549140375017, 56.809233094539948 ], [ 105.947423579442045, 56.809317692127323 ], [ 105.947727823241166, 56.809478955749327 ], [ 105.947636067174784, 56.809592632967558 ] ] ] ] } },
{ "type": "Feature", "properties": { "quarter": null }, "geometry": { "type": "MultiPolygon", "coordinates": [ [ [ [ 105.953040016558859, 56.813563188278721 ], [ 105.953638845623729, 56.81398612543704 ], [ 105.954411528288148, 56.813552614788605 ], [ 105.954160406422218, 56.813404585613718 ], [ 105.954025186955931, 56.813076804645533 ], [ 105.954624016020844, 56.812801889364756 ], [ 105.954353577088327, 56.81233664352591 ], [ 105.953986552822727, 56.811977131421699 ], [ 105.953735430956783, 56.81175507810498 ], [ 105.953155918958515, 56.811469579050204 ], [ 105.952571577693575, 56.811822487286626 ], [ 105.953153504325172, 56.812151600961826 ], [ 105.952366333860823, 56.812561336839678 ], [ 105.953484309090882, 56.813298850130771 ], [ 105.953040016558859, 56.813563188278721 ] ] ] ] } },
{ "type": "Feature", "properties": { "quarter": null }, "geometry": { "type": "MultiPolygon", "coordinates": [ [ [ [ 105.956345649582417, 56.814940359865822 ], [ 105.955244576785645, 56.814094502315548 ], [ 105.954104869855684, 56.814559726330977 ], [ 105.954703698920554, 56.815003798412405 ], [ 105.954703698920554, 56.815437292272904 ], [ 105.955437747451754, 56.8161456738856 ], [ 105.956229747182746, 56.816790606692322 ], [ 105.956012430183407, 56.816935979357446 ], [ 105.956519503181909, 56.817306016323634 ], [ 105.956775454314496, 56.817348306029963 ], [ 105.958055209977346, 56.818305097878607 ], [ 105.958248380643425, 56.818009076491514 ], [ 105.95855745370919, 56.817839920363099 ], [ 105.958789258508517, 56.817713052765619 ], [ 105.958963112108009, 56.817586184738545 ], [ 105.960315306770667, 56.818157087477424 ], [ 105.960566428636611, 56.818009076491514 ], [ 105.961725452633175, 56.818326242173903 ], [ 105.962652671830469, 56.818516540294631 ], [ 105.963773061693828, 56.818727981517384 ], [ 105.963859988493539, 56.818714766475921 ], [ 105.964014525026442, 56.818482180983231 ], [ 105.964427029498282, 56.818579292942097 ], [ 105.96498520762357, 56.818307740916183 ], [ 105.964487793158355, 56.817958858345612 ], [ 105.963802037293718, 56.817530679841639 ], [ 105.963599208094323, 56.817409097399135 ], [ 105.96383101289365, 56.817202934964556 ], [ 105.962913452229671, 56.816811751842295 ], [ 105.962169745165212, 56.816431137316904 ], [ 105.961590233166916, 56.816013514153141 ], [ 105.960788574902622, 56.815807344039712 ], [ 105.958847209708352, 56.815373854460219 ], [ 105.957813746644732, 56.814977365697715 ], [ 105.956789942114412, 56.815479584088372 ], [ 105.956181454516184, 56.81501965803227 ], [ 105.956345649582417, 56.814940359865822 ] ] ] ] } },
{ "type": "Feature", "properties": { "quarter": null }, "geometry": { "type": "MultiPolygon", "coordinates": [ [ [ [ 105.959706819172524, 56.813111168913821 ], [ 105.959948282505152, 56.81311645572152 ], [ 105.960141453171232, 56.812365721560042 ], [ 105.960006233704959, 56.812402729934504 ], [ 105.959832380105468, 56.812466172777114 ], [ 105.95930116077372, 56.812429164465314 ], [ 105.959185258374063, 56.812302278547364 ], [ 105.958122819710525, 56.811805304565539 ], [ 105.957243893179793, 56.811477509608849 ], [ 105.95710867371352, 56.811604398319297 ], [ 105.957746136911638, 56.812080227157217 ], [ 105.958893087741615, 56.812723908220818 ], [ 105.959706819172524, 56.813111168913821 ] ] ] ] } },
{ "type": "Feature", "properties": { "quarter": null }, "geometry": { "type": "MultiPolygon", "coordinates": [ [ [ [ 105.960213892171026, 56.813154785055112 ], [ 105.962106964698776, 56.813255234157147 ], [ 105.962193891498544, 56.813133637841425 ], [ 105.962831354696633, 56.813181219055437 ], [ 105.962792720563442, 56.813292241653166 ], [ 105.96342052522823, 56.813318675556538 ], [ 105.963758573893898, 56.813366256535609 ], [ 105.964019354293157, 56.813165358657479 ], [ 105.964009695759842, 56.813059622499544 ], [ 105.96383584216035, 56.813017327952856 ], [ 105.963237013095437, 56.812975033358413 ], [ 105.963043842429371, 56.813006754308724 ], [ 105.962193891498544, 56.8130226147738 ], [ 105.962155257365296, 56.812583806096946 ], [ 105.961807550166327, 56.812536224124415 ], [ 105.9613342820344, 56.812504502775838 ], [ 105.960416721370407, 56.812409338568948 ], [ 105.960213892171026, 56.813154785055112 ] ] ] ] } },
{ "type": "Feature", "properties": { "quarter": null }, "geometry": { "type": "MultiPolygon", "coordinates": [ [ [ [ 105.965130085623244, 56.812874583505319 ], [ 105.964801695490877, 56.812737125375286 ], [ 105.964328427358936, 56.813080769755011 ], [ 105.964019354293171, 56.813371543307319 ], [ 105.963855159226995, 56.813477278585147 ], [ 105.963459159361491, 56.813440271271851 ], [ 105.962329110964831, 56.81339797715475 ], [ 105.961363257634346, 56.813366256535609 ], [ 105.96046501403697, 56.813302815216751 ], [ 105.960136623904617, 56.813302815216751 ], [ 105.960088331238111, 56.81357772682275 ], [ 105.960542282303408, 56.813672888062641 ], [ 105.961092818701786, 56.813752188911273 ], [ 105.961363257634346, 56.813826202885267 ], [ 105.961179745501553, 56.814058817280426 ], [ 105.960947940702226, 56.814243850427253 ], [ 105.962261501231694, 56.815089704606365 ], [ 105.9626768181638, 56.81487824285157 ], [ 105.963159744829028, 56.814487035459315 ], [ 105.963874476293611, 56.813916076800027 ], [ 105.964280134692402, 56.813567153336741 ], [ 105.965130085623244, 56.812874583505319 ] ] ] ] } },
{ "type": "Feature", "properties": { "quarter": null }, "geometry": { "type": "MultiPolygon", "coordinates": [ [ [ [ 105.966134573086961, 56.817077386772382 ], [ 105.966366377886288, 56.817146107940232 ], [ 105.967023158151008, 56.81722540143879 ], [ 105.967399840949909, 56.817251832567699 ], [ 105.968249791880737, 56.817246546343405 ], [ 105.968819645345718, 56.817167252889583 ], [ 105.970026962008816, 56.816860649955935 ], [ 105.971234278671929, 56.816569903477117 ], [ 105.971224620138614, 56.816654484503658 ], [ 105.97165925413735, 56.816527612892259 ], [ 105.972190473469098, 56.816522326565796 ], [ 105.972924522000255, 56.816469463260148 ], [ 105.973542668131756, 56.816501181252491 ], [ 105.97389037533074, 56.816532899217989 ], [ 105.974093204530163, 56.816247436561952 ], [ 105.973407448665512, 56.815946112510112 ], [ 105.972296717335439, 56.81552848394049 ], [ 105.971272912805134, 56.815121423766662 ], [ 105.970654766673618, 56.81487824285157 ], [ 105.970529205740661, 56.815052698885424 ], [ 105.969698571876421, 56.815073845016144 ], [ 105.969622712145849, 56.814780992071007 ], [ 105.969799785256441, 56.814532522339441 ], [ 105.969331547610849, 56.814344296610038 ], [ 105.969090084278236, 56.814296716872825 ], [ 105.96811457241445, 56.815026266205216 ], [ 105.967670279882427, 56.815354030121746 ], [ 105.96677203628505, 56.815094991134949 ], [ 105.966992371575913, 56.814962497287461 ], [ 105.966491938819217, 56.8147355054925 ], [ 105.965555061088622, 56.814407736165748 ], [ 105.964936914957121, 56.814862383171871 ], [ 105.965381207489131, 56.814872956292405 ], [ 105.965390866022446, 56.815100277662772 ], [ 105.966211841353385, 56.815391035545112 ], [ 105.965419841622378, 56.816072986090433 ], [ 105.966443646152683, 56.816395454506932 ], [ 105.966134573086961, 56.817077386772382 ] ] ] ] } },
{ "type": "Feature", "properties": { "quarter": null }, "geometry": { "type": "MultiPolygon", "coordinates": [ [ [ [ 105.977179473339064, 56.819942898596366 ], [ 105.978024227585266, 56.82007985563073 ], [ 105.978333300650988, 56.81971513193588 ], [ 105.977357788787188, 56.819577698897959 ], [ 105.977338471720614, 56.819323975041911 ], [ 105.977560617986612, 56.819101965258326 ], [ 105.977309496120682, 56.819001531828832 ], [ 105.977435057053654, 56.81879009214984 ], [ 105.977367447320518, 56.81865794174454 ], [ 105.976826569455454, 56.818589223349555 ], [ 105.976227740390556, 56.818531076916912 ], [ 105.975889691724888, 56.818546935043862 ], [ 105.975570960125793, 56.818652655718616 ], [ 105.975232911460125, 56.81880595016716 ], [ 105.975310179726577, 56.818953958005103 ], [ 105.975271545593372, 56.819144252937591 ], [ 105.97544539919285, 56.819202398418618 ], [ 105.975344752289175, 56.819333001111197 ], [ 105.975634683516802, 56.819417296476843 ], [ 105.97570716632373, 56.819271019103681 ], [ 105.97602880877939, 56.819315646159424 ], [ 105.975924614744443, 56.819499112385685 ], [ 105.977147762111059, 56.819749517541872 ], [ 105.977084339654994, 56.819823894988652 ], [ 105.977238365619684, 56.819836291215424 ], [ 105.977179473339064, 56.819942898596366 ] ] ] ] } },
{ "type": "Feature", "properties": { "quarter": null }, "geometry": { "type": "MultiPolygon", "coordinates": [ [ [ [ 105.619189794593879, 56.791180031061799 ], [ 105.619653404192519, 56.791582061434596 ], [ 105.620947647655342, 56.791148291638294 ], [ 105.622087354585261, 56.790767416461307 ], [ 105.622956622582691, 56.790524077517745 ], [ 105.62359408578078, 56.790259576875393 ], [ 105.623825890580093, 56.79012203580421 ], [ 105.624019061246159, 56.790148486049389 ], [ 105.624105988045926, 56.790047975018524 ], [ 105.624019061246159, 56.790000364436217 ], [ 105.624714475644126, 56.7897940512145 ], [ 105.624579256177839, 56.789719989781176 ], [ 105.624559939111236, 56.789635347964023 ], [ 105.624820719510467, 56.789661798552402 ], [ 105.625091158442999, 56.789481934183605 ], [ 105.625390572975448, 56.789471353899749 ], [ 105.625689987507855, 56.78927032793959 ], [ 105.626105304439974, 56.788736016860689 ], [ 105.626395060439108, 56.788058859211631 ], [ 105.626414377505697, 56.787487497936503 ], [ 105.626530279905367, 56.787381689337899 ], [ 105.626626865238393, 56.786958451958952 ], [ 105.626646182305024, 56.786260099843609 ], [ 105.626718621304789, 56.786268035736128 ], [ 105.626781401771296, 56.786106672258185 ], [ 105.626786231037912, 56.786059056673061 ], [ 105.626651011571667, 56.785966470640055 ], [ 105.626008719106892, 56.785955889364594 ], [ 105.625859011840689, 56.786492885326602 ], [ 105.625844524040716, 56.787024583114174 ], [ 105.624473012311483, 56.786913482706787 ], [ 105.624270183112117, 56.787405496298604 ], [ 105.623912817379818, 56.788029762319958 ], [ 105.623603744314096, 56.788759822961843 ], [ 105.62352647604763, 56.788844466754703 ], [ 105.622299842317943, 56.788855047215385 ], [ 105.620889696455464, 56.788860337444611 ], [ 105.620773794055836, 56.789061365602109 ], [ 105.620532330723222, 56.789003173351539 ], [ 105.620290867390594, 56.789003173351539 ], [ 105.620252233257389, 56.788870917900816 ], [ 105.619508526192917, 56.788860337444611 ], [ 105.61939262379326, 56.789188330199096 ], [ 105.619798282192065, 56.78928355336479 ], [ 105.619759648058846, 56.78936290581823 ], [ 105.62021359912417, 56.789458128540744 ], [ 105.620039745524679, 56.789632702904157 ], [ 105.620619257522947, 56.789749085361699 ], [ 105.620484038056702, 56.78996597897806 ], [ 105.621024915921751, 56.790082360401506 ], [ 105.62140159872061, 56.789521610221449 ], [ 105.621913500985769, 56.789632702904157 ], [ 105.621536818186897, 56.790309832140977 ], [ 105.621478866987076, 56.790368022364348 ], [ 105.621652720586567, 56.79039976244816 ], [ 105.619189794593879, 56.791180031061799 ] ] ] ] } },
{ "type": "Feature", "properties": { "quarter": null }, "geometry": { "type": "MultiPolygon", "coordinates": [ [ [ [ 105.574301761060681, 56.785344815643363 ], [ 105.574383858593762, 56.785619932316862 ], [ 105.575320736324301, 56.7862653904388 ], [ 105.575890589789282, 56.786688635637375 ], [ 105.576069272655417, 56.786617213345046 ], [ 105.575446297257258, 56.786148997172013 ], [ 105.574301761060681, 56.785344815643363 ] ] ] ] } },
{ "type": "Feature", "properties": { "quarter": null }, "geometry": { "type": "MultiPolygon", "coordinates": [ [ [ [ 105.5764169798544, 56.786831479814062 ], [ 105.576204492121704, 56.786916127958392 ], [ 105.577276589318529, 56.787693823845316 ], [ 105.578107223182755, 56.788339246283606 ], [ 105.578850930247199, 56.788921175027006 ], [ 105.579613954378232, 56.78951896515354 ], [ 105.579855417710846, 56.789725279888387 ], [ 105.580067905443556, 56.789651218319278 ], [ 105.580106539576775, 56.789566576346935 ], [ 105.580261076109664, 56.789476644042018 ], [ 105.580425271175841, 56.789439613030289 ], [ 105.579507710511891, 56.788921175027006 ], [ 105.578358345048656, 56.788254601350644 ], [ 105.5764169798544, 56.786831479814062 ] ] ] ] } },
{ "type": "Feature", "properties": { "quarter": null }, "geometry": { "type": "MultiPolygon", "coordinates": [ [ [ [ 105.585588612824878, 56.792607532170578 ], [ 105.586581518610586, 56.792828204340417 ], [ 105.586758195452433, 56.792712836178268 ], [ 105.586864356363051, 56.792643514023851 ], [ 105.586384586224781, 56.792507772880612 ], [ 105.58599341562595, 56.792346436244102 ], [ 105.585742293760035, 56.792296183707371 ], [ 105.585588612824878, 56.792607532170578 ] ] ] ] } },
{ "type": "Feature", "properties": { "quarter": null }, "geometry": { "type": "MultiPolygon", "coordinates": [ [ [ [ 105.58439975763072, 56.794856332539339 ], [ 105.584776440429579, 56.795057328560539 ], [ 105.585307659761369, 56.794824596226974 ], [ 105.585143464695179, 56.794655335440794 ], [ 105.584670196563238, 56.794724097727332 ], [ 105.584602586830101, 56.794766412917895 ], [ 105.584534977096993, 56.794708229518555 ], [ 105.58439975763072, 56.794856332539339 ] ] ] ] } },
{ "type": "Feature", "properties": { "quarter": null }, "geometry": { "type": "MultiPolygon", "coordinates": [ [ [ [ 105.582641904569286, 56.795094354025906 ], [ 105.582864050835298, 56.79516840484694 ], [ 105.583076538567994, 56.795073196621601 ], [ 105.583829904165739, 56.795311216731704 ], [ 105.584138977231504, 56.795131379454695 ], [ 105.584462643966447, 56.79488988844242 ], [ 105.58439975763072, 56.794856332539339 ], [ 105.584534977096993, 56.794708229518555 ], [ 105.584506001497061, 56.794628888373964 ], [ 105.58393614803208, 56.794454337264959 ], [ 105.583704343232796, 56.794390863932996 ], [ 105.583675367632864, 56.794449047824735 ], [ 105.583501514033387, 56.794390863932996 ], [ 105.582641904569286, 56.795094354025906 ] ] ] ] } },
{ "type": "Feature", "properties": { "quarter": null }, "geometry": { "type": "MultiPolygon", "coordinates": [ [ [ [ 105.577822296450279, 56.797331682154649 ], [ 105.578189320715836, 56.797601421918806 ], [ 105.578768832714132, 56.797299947937184 ], [ 105.579077905779855, 56.79712012019754 ], [ 105.579821612844327, 56.796739305666755 ], [ 105.58034317364276, 56.79648542716432 ], [ 105.580507368708965, 56.796411378943993 ], [ 105.580352832176061, 56.796252703693774 ], [ 105.580285222442939, 56.796004111118471 ], [ 105.580236929776433, 56.795903615779807 ], [ 105.579638100711534, 56.796189233405684 ], [ 105.579058588713266, 56.796432535593297 ], [ 105.578247271915671, 56.796919135232677 ], [ 105.578044442716291, 56.797014338771355 ], [ 105.578189320715836, 56.797098963936165 ], [ 105.577822296450279, 56.797331682154649 ] ] ] ] } },
{ "type": "Feature", "properties": { "quarter": null }, "geometry": { "type": "MultiPolygon", "coordinates": [ [ [ [ 105.574374200060547, 56.795744938381013 ], [ 105.574586687793243, 56.795924772715615 ], [ 105.575106584242292, 56.796156360988462 ], [ 105.575604903539798, 56.795804084064983 ], [ 105.576103222837304, 56.795451803832073 ], [ 105.575804231258815, 56.795273181604507 ], [ 105.576045245917825, 56.795044088487586 ], [ 105.576722159905998, 56.794400649867761 ], [ 105.577072680379757, 56.794067459313844 ], [ 105.58030722563808, 56.794772042479579 ], [ 105.579781725287987, 56.795307913770948 ], [ 105.579744344577918, 56.795438160172715 ], [ 105.579338686179113, 56.795734359863886 ], [ 105.579725027511287, 56.795882458832104 ], [ 105.580072734710271, 56.795586260310756 ], [ 105.580430100442513, 56.795522788894644 ], [ 105.580642588175252, 56.796353198096874 ], [ 105.580855075907948, 56.796326752227429 ], [ 105.58112551484048, 56.796173365816877 ], [ 105.581434587906202, 56.795982954227455 ], [ 105.581782295105171, 56.795570392466786 ], [ 105.581975465771279, 56.795401135046809 ], [ 105.58259361190278, 56.794840464386525 ], [ 105.583076538568008, 56.794438468942054 ], [ 105.583298684834006, 56.794269206413098 ], [ 105.58358844083314, 56.794015311187202 ], [ 105.583839562699083, 56.793750835165703 ], [ 105.583250392167486, 56.793565700840887 ], [ 105.582661221635917, 56.793391144783257 ], [ 105.582274880303743, 56.793719097917801 ], [ 105.5815408317726, 56.79351280515165 ], [ 105.581618100038995, 56.793354117636291 ], [ 105.581888538971526, 56.793200719066498 ], [ 105.581637417105611, 56.793110795475251 ], [ 105.581415270839614, 56.793063188780827 ], [ 105.580806783241428, 56.793560411275337 ], [ 105.58051702724228, 56.79351280515165 ], [ 105.580294880976282, 56.793697939737598 ], [ 105.579261417912676, 56.793428171893687 ], [ 105.578645686414433, 56.79327212882356 ], [ 105.578198979249152, 56.793137243612691 ], [ 105.578336613348682, 56.79305260950715 ], [ 105.577607394084183, 56.792841023407775 ], [ 105.578276247515603, 56.792195678431924 ], [ 105.5773973209849, 56.791931189577923 ], [ 105.576267272588254, 56.791634959847023 ], [ 105.575330394857701, 56.791396916403485 ], [ 105.57480883405924, 56.791227640146673 ], [ 105.574538395126723, 56.79098430418901 ], [ 105.573900931928605, 56.790561107458821 ], [ 105.573553224729665, 56.790476467539783 ], [ 105.572587371399194, 56.791206480560845 ], [ 105.572162395933802, 56.791354597410916 ], [ 105.571627840212187, 56.791412072152127 ], [ 105.571776054601585, 56.791851842557989 ], [ 105.571679469268545, 56.791947058961753 ], [ 105.570567, 56.7919324 ], [ 105.5708163, 56.7930012 ], [ 105.571233574853494, 56.793778163741756 ], [ 105.571712821790967, 56.794670499341528 ], [ 105.573321419930338, 56.794602441288461 ], [ 105.574053053828138, 56.794500619835148 ], [ 105.574557712193297, 56.795670888698446 ], [ 105.574374200060547, 56.795744938381013 ] ], [ [ 105.576153784821884, 56.792830444071463 ], [ 105.576255199421581, 56.792719360860083 ], [ 105.576419394487758, 56.792751098954056 ], [ 105.576646370020413, 56.792497193450266 ], [ 105.576936126019561, 56.792576539104864 ], [ 105.577322467351735, 56.792695557271976 ], [ 105.577153443018915, 56.792899209704096 ], [ 105.576911979686273, 56.793081702502469 ], [ 105.576153784821884, 56.792830444071463 ] ], [ [ 105.576716394386892, 56.793344199644238 ], [ 105.576706735853591, 56.793449991423749 ], [ 105.579314539845825, 56.794169367610024 ], [ 105.579015125313376, 56.794417972348306 ], [ 105.578174832915906, 56.794211683426553 ], [ 105.577344199051666, 56.793957787811216 ], [ 105.576523223720798, 56.793698600930881 ], [ 105.575866443456093, 56.793465860164922 ], [ 105.576117565321994, 56.793201380268535 ], [ 105.576716394386892, 56.793344199644238 ] ] ] ] } },
{ "type": "Feature", "properties": { "quarter": null }, "geometry": { "type": "MultiPolygon", "coordinates": [ [ [ [ 105.583851635865656, 56.793519417116876 ], [ 105.584175196731351, 56.793532641043846 ], [ 105.584489099063759, 56.793284030436546 ], [ 105.583957879731997, 56.793127986766699 ], [ 105.583431489666921, 56.793008969971893 ], [ 105.582963050801652, 56.792858214822921 ], [ 105.582388368070042, 56.792638693083731 ], [ 105.582006856004512, 56.792477357010434 ], [ 105.581480465939393, 56.79224460866547 ], [ 105.580939588074315, 56.792141458368818 ], [ 105.580504954075607, 56.792109719758955 ], [ 105.580340759009445, 56.79211500952912 ], [ 105.580273149276294, 56.792175841832552 ], [ 105.580118612743433, 56.792437684099191 ], [ 105.580814027141344, 56.792643982779303 ], [ 105.581557734205816, 56.792866149319536 ], [ 105.583851635865656, 56.793519417116876 ] ] ] ] } },
{ "type": "Feature", "properties": { "quarter": null }, "geometry": { "type": "MultiPolygon", "coordinates": [ [ [ [ 105.577274174685229, 56.789298101327141 ], [ 105.576694662686933, 56.789477966577472 ], [ 105.576415804942101, 56.789340951846086 ], [ 105.575749869153583, 56.789554339824612 ], [ 105.575369334417331, 56.78949478981319 ], [ 105.575260610206954, 56.789331026794279 ], [ 105.575151885996576, 56.789370726985744 ], [ 105.575043161786198, 56.789236738671192 ], [ 105.574951297425443, 56.789320584530607 ], [ 105.57480641942584, 56.789249167249501 ], [ 105.574714663359458, 56.789315294366304 ], [ 105.574748468226048, 56.789347035340953 ], [ 105.5744587122269, 56.789489869394508 ], [ 105.573507346696402, 56.790330992232619 ], [ 105.574009590428247, 56.790436792511954 ], [ 105.574647053626364, 56.790849410749701 ], [ 105.575187931491413, 56.791187965913444 ], [ 105.575728809356463, 56.791283184002644 ], [ 105.576404906687785, 56.791431300549775 ], [ 105.577660516017389, 56.791791009729003 ], [ 105.578549101081421, 56.792023760888959 ], [ 105.579611539744931, 56.79237288492061 ], [ 105.579881978677463, 56.792409913036359 ], [ 105.580075149343529, 56.792145425693192 ], [ 105.579872320144148, 56.791986732391962 ], [ 105.579804710411025, 56.79176985046103 ], [ 105.579408710545536, 56.791267314337908 ], [ 105.578877491213774, 56.790960499499668 ], [ 105.578240028015657, 56.790399762448132 ], [ 105.577815052550264, 56.789992429333275 ], [ 105.577274174685229, 56.789298101327141 ] ] ] ] } },
{ "type": "Feature", "properties": { "quarter": null }, "geometry": { "type": "MultiPolygon", "coordinates": [ [ [ [ 105.971541540762388, 56.814953686374942 ], [ 105.972359296582198, 56.815239158887223 ], [ 105.972546028226077, 56.815119331183944 ], [ 105.971754028495099, 56.814830333381899 ], [ 105.971541540762388, 56.814953686374942 ] ] ] ] } },
{ "type": "Feature", "properties": { "quarter": null }, "geometry": { "type": "MultiPolygon", "coordinates": [ [ [ [ 105.973111375801139, 56.820312303220781 ], [ 105.973002651590775, 56.820649474731979 ], [ 105.973743086828378, 56.820755033955933 ], [ 105.973878905822133, 56.820433673865416 ], [ 105.973111375801139, 56.820312303220781 ] ] ] ] } },
{ "type": "Feature", "properties": { "quarter": null }, "geometry": { "type": "MultiPolygon", "coordinates": [ [ [ [ 105.917203917600361, 56.808748672805208 ], [ 105.917560099567822, 56.808901225553882 ], [ 105.918248189116866, 56.808559581205117 ], [ 105.919825187283749, 56.808008426250844 ], [ 105.921068583352181, 56.807654902606998 ], [ 105.921694749441514, 56.807543121293342 ], [ 105.924104127654786, 56.807245036160523 ], [ 105.925356459833438, 56.807140705804009 ], [ 105.926949099669329, 56.806835165232251 ], [ 105.927262182713974, 56.806835165232251 ], [ 105.92846006566748, 56.80639548052654 ], [ 105.929508213251808, 56.806112291036293 ], [ 105.930610810061239, 56.806224076616978 ], [ 105.931958428383936, 56.806529622169911 ], [ 105.932843228292754, 56.806745738252289 ], [ 105.934544766578981, 56.806932044219792 ], [ 105.935688200307297, 56.807274844780487 ], [ 105.936559387909867, 56.807558025487765 ], [ 105.936997945405665, 56.807930054121115 ], [ 105.937231210953144, 56.808054105945466 ], [ 105.937947843151406, 56.808988800558531 ], [ 105.938705603879043, 56.809951375758224 ], [ 105.939115408554528, 56.809959509796478 ], [ 105.93866929538477, 56.80930177532484 ], [ 105.937852557007432, 56.808280871802978 ], [ 105.937226390918099, 56.807632546370925 ], [ 105.936722735585349, 56.807341914088717 ], [ 105.935756261838762, 56.80696185308863 ], [ 105.93465366502933, 56.806715929211549 ], [ 105.933292434400357, 56.806499812957306 ], [ 105.932530145248151, 56.806425289822087 ], [ 105.931359486907212, 56.806082481491821 ], [ 105.930814994655606, 56.805978147899459 ], [ 105.930367213284654, 56.805889684655348 ], [ 105.930032384130115, 56.805840331572455 ], [ 105.929633164753497, 56.805868533342071 ], [ 105.92942711604303, 56.805903785524222 ], [ 105.929130921021695, 56.805931987246083 ], [ 105.927392385026877, 56.806524218503888 ], [ 105.926787116939778, 56.80653831913407 ], [ 105.92614321471946, 56.80673572739979 ], [ 105.924988927563646, 56.806939496439192 ], [ 105.923039606017582, 56.807151691413424 ], [ 105.92124955784513, 56.807349096448789 ], [ 105.920850338468554, 56.807412547846525 ], [ 105.919768582738413, 56.807729803223971 ], [ 105.919601168161137, 56.807588801165494 ], [ 105.920333369451171, 56.807176662135582 ], [ 105.920959684901845, 56.806738285994321 ], [ 105.921313604865404, 56.806529622169911 ], [ 105.922416201674878, 56.806201719527508 ], [ 105.923695758466081, 56.805799289636923 ], [ 105.924049678429611, 56.805657692907161 ], [ 105.924131352267381, 56.805411760473724 ], [ 105.922361752449689, 56.805858909152583 ], [ 105.921107226930999, 56.806267406441791 ], [ 105.921197830439638, 56.806361651749576 ], [ 105.920183071142915, 56.806932078818051 ], [ 105.919585087985865, 56.807199928533372 ], [ 105.917919781565644, 56.808163714585277 ], [ 105.917203917600361, 56.808748672805208 ] ] ] ] } },
{ "type": "Feature", "properties": { "quarter": null }, "geometry": { "type": "MultiPolygon", "coordinates": [ [ [ [ 105.933578292832394, 56.803257919616719 ], [ 105.933551068219842, 56.80330636376452 ], [ 105.934721726560753, 56.803384619563332 ], [ 105.935000778839694, 56.803421884172053 ], [ 105.93543637264095, 56.803459148743684 ], [ 105.935810711063908, 56.80301942443792 ], [ 105.936409652540661, 56.803328722580858 ], [ 105.937131104774011, 56.803347354917619 ], [ 105.937342095521529, 56.803347354917619 ], [ 105.936715929432197, 56.803045509921994 ], [ 105.936355203315514, 56.802851731606843 ], [ 105.935449984947226, 56.80275856859879 ], [ 105.934612828110417, 56.802594601142324 ], [ 105.932877259058515, 56.802602054224096 ], [ 105.931788274555345, 56.802933714862426 ], [ 105.931250588456905, 56.803105133817446 ], [ 105.930372594701211, 56.803760990408847 ], [ 105.930195634719425, 56.803876509415431 ], [ 105.929093037909979, 56.804305044556003 ], [ 105.928507708739517, 56.804543531555964 ], [ 105.927309825786011, 56.804782017038711 ], [ 105.925642318265531, 56.805087574346189 ], [ 105.924131352267381, 56.805411760473724 ], [ 105.924121578631471, 56.805441190473246 ], [ 105.924306610710872, 56.805422939255699 ], [ 105.925633810574112, 56.80520308926485 ], [ 105.926539028942358, 56.805050311393252 ], [ 105.926913367365316, 56.804998143196926 ], [ 105.927791361121052, 56.804752206436326 ], [ 105.928332450296054, 56.804614332092008 ], [ 105.928778253327039, 56.804506268062227 ], [ 105.929190025592305, 56.804416835526155 ], [ 105.92925808712377, 56.804407519624704 ], [ 105.929486093254127, 56.804280823135194 ], [ 105.92983320706449, 56.804124315115807 ], [ 105.930119065496626, 56.803978985655569 ], [ 105.930251785482923, 56.803915636740186 ], [ 105.930347071626983, 56.80396594324057 ], [ 105.930524031608741, 56.80387464620847 ], [ 105.930435551617833, 56.80382247637602 ], [ 105.930694185437346, 56.803695777909233 ], [ 105.930871145419104, 56.803587711231529 ], [ 105.931082136166609, 56.803431200318414 ], [ 105.931184228463778, 56.803475917788838 ], [ 105.931289723837523, 56.803403251872325 ], [ 105.931367994598673, 56.803332449048959 ], [ 105.931238677688938, 56.803285868171166 ], [ 105.93140202536442, 56.803166620860324 ], [ 105.931476893049009, 56.803203885685704 ], [ 105.93177976686394, 56.803052962914116 ], [ 105.931966936075426, 56.802976569674648 ], [ 105.932273212966976, 56.802887133489214 ], [ 105.932729225227661, 56.802754842073675 ], [ 105.932926603668861, 56.802717576801918 ], [ 105.932991262123764, 56.80267472169362 ], [ 105.933341779010675, 56.802665405359249 ], [ 105.934321865063552, 56.802670995160142 ], [ 105.93479148963057, 56.802894586512821 ], [ 105.934720025022543, 56.803270962278063 ], [ 105.934155114311508, 56.803300774058371 ], [ 105.933578292832394, 56.803257919616719 ] ] ] ] } },
{ "type": "Feature", "properties": { "quarter": null }, "geometry": { "type": "MultiPolygon", "coordinates": [ [ [ [ 105.94051886750195, 56.805648377314078 ], [ 105.940641378258562, 56.805685639672504 ], [ 105.941226707428996, 56.805313014421444 ], [ 105.942234018094453, 56.805819783856109 ], [ 105.942179568869307, 56.805685639672504 ], [ 105.941321993573027, 56.805231036369129 ], [ 105.940328295213874, 56.804724258975078 ], [ 105.94051886750195, 56.805648377314078 ] ] ] ] } },
{ "type": "Feature", "properties": { "quarter": null }, "geometry": { "type": "MultiPolygon", "coordinates": [ [ [ [ 105.794912280966216, 56.782064590565923 ], [ 105.795361487073748, 56.781796131720498 ], [ 105.793411524197779, 56.781298359195176 ], [ 105.793237967292569, 56.781421404703551 ], [ 105.792523321212371, 56.781119383189953 ], [ 105.792707087347253, 56.781046673943976 ], [ 105.791961813577899, 56.780862103686736 ], [ 105.791124656741076, 56.780358725643204 ], [ 105.789804163469825, 56.780733665735383 ], [ 105.78787812169098, 56.781376660928998 ], [ 105.789052183108453, 56.782690987068442 ], [ 105.789674946121224, 56.782802842486234 ], [ 105.789909758404704, 56.78283080628858 ], [ 105.790410010660864, 56.783412448651902 ], [ 105.789756619958965, 56.783960526473059 ], [ 105.789160134432052, 56.784620136657807 ], [ 105.78985004150303, 56.784011529336645 ], [ 105.790651699767295, 56.783831637873732 ], [ 105.79147267509822, 56.785016789280242 ], [ 105.791192577632387, 56.785106732278081 ], [ 105.790873846033335, 56.785302489822115 ], [ 105.790477846167803, 56.785746908562494 ], [ 105.786739993778951, 56.785556444032736 ], [ 105.78774448124264, 56.78527074542491 ], [ 105.789106334438586, 56.784667596774213 ], [ 105.789160132710947, 56.784620138561046 ], [ 105.78783728477211, 56.785101397480936 ], [ 105.787571844799459, 56.78522443051709 ], [ 105.786193598787634, 56.785627081268807 ], [ 105.784794934316338, 56.786035319979845 ], [ 105.784671933445267, 56.78608973659788 ], [ 105.787981226598262, 56.786942114501166 ], [ 105.7882975508697, 56.787043082023565 ], [ 105.788602977000949, 56.786918889921672 ], [ 105.788909253892442, 56.786784678106471 ], [ 105.789195112324535, 56.786728756375076 ], [ 105.789668139125425, 56.78667055963767 ], [ 105.789590870858973, 56.786600019068878 ], [ 105.789893504902508, 56.786490680925084 ], [ 105.79025687221511, 56.786359670857117 ], [ 105.790704821700089, 56.786234969505898 ], [ 105.79079657776667, 56.786037232842787 ], [ 105.79087867529995, 56.785844785791916 ], [ 105.791383333665124, 56.785858012424953 ], [ 105.791887992030283, 56.785871239053328 ], [ 105.792462674761921, 56.785860657750995 ], [ 105.792868333160726, 56.785773361892929 ], [ 105.793563747558636, 56.786053766048653 ], [ 105.793351259825954, 56.786215129754169 ], [ 105.793641231866417, 56.786309340732402 ], [ 105.794167007196847, 56.786270195033168 ], [ 105.794570271770667, 56.786253418292411 ], [ 105.794651945608408, 56.786233845418714 ], [ 105.794198095929204, 56.786051271771065 ], [ 105.793966186445928, 56.786003945966343 ], [ 105.792755650271729, 56.785566584529548 ], [ 105.793154869648319, 56.785101000622703 ], [ 105.793659450544368, 56.785206910647823 ], [ 105.795093365238756, 56.785507883433198 ], [ 105.795189301981324, 56.785481149257009 ], [ 105.795162120928751, 56.785257811976692 ], [ 105.796612285961274, 56.785315434455256 ], [ 105.796626197972131, 56.785116622342322 ], [ 105.796616307242374, 56.785116364344773 ], [ 105.796725031452738, 56.78434211522616 ], [ 105.796806574610514, 56.784178329711146 ], [ 105.796834171629158, 56.783860858481574 ], [ 105.796018324085367, 56.783843311657783 ], [ 105.795257254612778, 56.783806087244962 ], [ 105.79536597882317, 56.782987140818328 ], [ 105.795677973194998, 56.782674208727002 ], [ 105.794912280966216, 56.782064590565923 ] ], [ [ 105.792122211462953, 56.782649094579391 ], [ 105.793397137859159, 56.782723169973998 ], [ 105.795309527453483, 56.782866029250556 ], [ 105.795174307987196, 56.783373968939557 ], [ 105.794874893454789, 56.783331640894794 ], [ 105.794826600788269, 56.783437460917149 ], [ 105.793094277932752, 56.783309185906298 ], [ 105.791929040796845, 56.783220529550093 ], [ 105.792122211462953, 56.782649094579391 ] ], [ [ 105.791578918964504, 56.785773361892915 ], [ 105.790825553366787, 56.785746908562494 ], [ 105.791086333766017, 56.78546121140522 ], [ 105.791598236031149, 56.785164930573558 ], [ 105.791752772564053, 56.785355397091102 ], [ 105.791984577363365, 56.785514118450351 ], [ 105.792525455228386, 56.78569400184567 ], [ 105.792544772295031, 56.785746908562494 ], [ 105.792332284562292, 56.785799815204697 ], [ 105.791578918964504, 56.785773361892915 ] ], [ [ 105.791424382431686, 56.784318401017899 ], [ 105.791945943230118, 56.784212583480333 ], [ 105.792235699229266, 56.784202001710156 ], [ 105.792708967361207, 56.784223165247525 ], [ 105.792573747894934, 56.784783994637387 ], [ 105.792373333328854, 56.784776058430928 ], [ 105.791822796930504, 56.784892455957547 ], [ 105.791424382431686, 56.784318401017899 ] ], [ [ 105.786162971098364, 56.786332408714607 ], [ 105.786265063395533, 56.786036019014908 ], [ 105.786295691084675, 56.78571725766772 ], [ 105.789715783039966, 56.785873842527621 ], [ 105.789919967634319, 56.786153456723191 ], [ 105.788674441608819, 56.786477806579036 ], [ 105.786162971098364, 56.786332408714607 ] ] ] ] } }
]
}
